transaction_id,transaction_date,product_id,warehouse_id,supplier_id,transaction_type,quantity,unit_price,data_issue
TXN00001,2023-01-01,PRD001,WH001,SUP001,Purchase,1245,18.26,0
TXN00004,2023-01-01,PRD001,WH001,SUP001,Purchase,830,17.41,0
TXN00285,2023-01-01,PRD002,WH002,SUP001,Purchase,809,31.63,0
TXN00298,2023-01-01,PRD002,WH003,,Sale,-22,50.6,0
TXN00865,2023-01-01,PRD004,WH002,SUP002,Purchase,379,87.42,0
TXN00869,2023-01-01,PRD004,WH001,,Sale,-19,140.0,0
TXN01755,2023-01-01,PRD007,WH003,SUP002,Purchase,359,54.93,0
TXN01759,2023-01-01,PRD007,WH002,SUP002,Purchase,401,56.59,0
TXN02073,2023-01-01,PRD008,WH003,,Sale,-11,98.42,0
TXN02620,2023-01-01,PRD010,WH001,SUP005,Purchase,949,14.89,0
TXN02622,2023-01-01,PRD010,WH003,SUP005,Purchase,502,15.01,0
TXN03209,2023-01-01,PRD012,WH003,SUP001,Purchase,282,93.91,0
TXN03218,2023-01-01,PRD012,WH003,,Sale,-33,138.27,0
TXN03820,2023-01-01,PRD014,WH001,,Sale,-32,99.32,0
TXN04989,2023-01-01,PRD018,WH001,SUP004,Purchase,452,192.58,0
TXN05294,2023-01-01,PRD019,WH002,SUP007,Purchase,889,57.59,0
TXN05594,2023-01-01,PRD020,WH001,,Sale,-99,36.5,0
TXN05597,2023-01-01,PRD020,WH002,,Sale,-130,36.26,0
TXN05872,2023-01-01,PRD021,WH003,SUP004,Purchase,353,17.32,0
TXN06158,2023-01-01,PRD022,WH001,SUP010,Purchase,1328,11.94,0
TXN06160,2023-01-01,PRD022,WH003,SUP010,Purchase,753,11.76,0
TXN06451,2023-01-01,PRD023,WH002,SUP006,Purchase,760,14.05,0
TXN06452,2023-01-01,PRD023,WH003,SUP006,Purchase,515,14.0,0
TXN06457,2023-01-01,PRD023,WH002,,Sale,-185,21.01,0
TXN06460,2023-01-01,PRD023,WH003,,Sale,-32,23.09,0
TXN06730,2023-01-01,PRD024,WH002,SUP006,Purchase,167,276.83,0
TXN07052,2023-01-01,PRD025,WH003,,Sale,-8,129.03,0
TXN07333,2023-01-01,PRD026,WH002,SUP010,Purchase,338,35.55,0
TXN07335,2023-01-01,PRD026,WH001,SUP010,Purchase,381,35.27,0
TXN07342,2023-01-01,PRD026,WH002,,Sale,-37,53.58,0
TXN07917,2023-01-01,PRD028,WH003,SUP006,Purchase,109,185.15,0
TXN08205,2023-01-01,PRD029,WH001,SUP008,Purchase,551,83.16,0
TXN08208,2023-01-01,PRD029,WH002,SUP008,Purchase,295,76.88,0
TXN08209,2023-01-01,PRD029,WH002,,Sale,-41,122.69,0
TXN08214,2023-01-01,PRD029,WH003,,Sale,-17,125.51,0
TXN08773,2023-01-01,PRD031,WH003,SUP009,Purchase,10,177.21,0
TXN08854,2023-01-01,PRD032,WH001,,Sale,-1,349.76,0
TXN08856,2023-01-01,PRD032,WH001,,Sale,-1,352.8,0
TXN08859,2023-01-01,PRD032,WH002,,Sale,-1,360.47,0
TXN09036,2023-01-01,PRD034,WH003,SUP008,Purchase,10,353.8,0
TXN09050,2023-01-01,PRD034,WH003,,Sale,-1,533.56,0
TXN09125,2023-01-01,PRD035,WH001,SUP009,Purchase,10,487.56,0
TXN00002,2023-01-02,PRD001,WH002,SUP001,Purchase,802,18.26,0
TXN00013,2023-01-02,PRD001,WH003,SUP001,Purchase,465,18.07,0
TXN00014,2023-01-02,PRD001,WH003,,Sale,-45,28.45,0
TXN00284,2023-01-02,PRD002,WH001,SUP001,Purchase,950,32.25,0
TXN00579,2023-01-02,PRD003,WH002,SUP001,Purchase,346,84.89,0
TXN01166,2023-01-02,PRD005,WH003,SUP002,Purchase,402,45.61,0
TXN01461,2023-01-02,PRD006,WH002,SUP002,Purchase,147,94.53,0
TXN01763,2023-01-02,PRD007,WH003,,Sale,-42,85.13,0
TXN02059,2023-01-02,PRD008,WH003,SUP003,Purchase,0,58.96,1
TXN02351,2023-01-02,PRD009,WH002,,Sale,-123,19.48,0
TXN02621,2023-01-02,PRD010,WH002,SUP005,Purchase,920,14.75,0
TXN02634,2023-01-02,PRD010,WH003,SUP005,Purchase,400,15.46,0
TXN02635,2023-01-02,PRD010,WH003,,Sale,-58,25.22,0
TXN02914,2023-01-02,PRD011,WH003,SUP001,Purchase,440,37.02,0
TXN02927,2023-01-02,PRD011,WH003,,Sale,-18,58.44,0
TXN03511,2023-01-02,PRD013,WH001,SUP002,Purchase,903,22.47,0
TXN03512,2023-01-02,PRD013,WH002,SUP002,Purchase,657,21.77,0
TXN03528,2023-01-02,PRD013,WH003,,Sale,-31,35.98,0
TXN03821,2023-01-02,PRD014,WH001,,Sale,-34,99.6,0
TXN04119,2023-01-02,PRD015,WH001,SUP003,Purchase,692,30.54,0
TXN04120,2023-01-02,PRD015,WH002,SUP003,Purchase,556,30.34,0
TXN04411,2023-01-02,PRD016,WH002,SUP002,Purchase,114,116.19,0
TXN04694,2023-01-02,PRD017,WH001,SUP004,Purchase,663,132.86,0
TXN04696,2023-01-02,PRD017,WH003,SUP004,Purchase,240,128.13,0
TXN05295,2023-01-02,PRD019,WH003,SUP007,Purchase,497,56.55,0
TXN05298,2023-01-02,PRD019,WH001,,Sale,-147,74.56,0
TXN05303,2023-01-02,PRD019,WH003,SUP007,Purchase,274,56.09,0
TXN05588,2023-01-02,PRD020,WH002,SUP003,Purchase,893,24.35,0
TXN05589,2023-01-02,PRD020,WH003,SUP003,Purchase,623,25.53,0
TXN05863,2023-01-02,PRD021,WH002,SUP004,Purchase,741,17.51,0
TXN05876,2023-01-02,PRD021,WH003,,Sale,-25,28.68,0
TXN06161,2023-01-02,PRD022,WH001,SUP010,Purchase,1104,12.06,0
TXN06170,2023-01-02,PRD022,WH003,,Sale,-88,19.23,0
TXN06450,2023-01-02,PRD023,WH001,SUP006,Purchase,1158,14.4,0
TXN06453,2023-01-02,PRD023,WH001,SUP006,Purchase,938,14.26,0
TXN06456,2023-01-02,PRD023,WH002,SUP006,Purchase,624,14.47,0
TXN06732,2023-01-02,PRD024,WH001,SUP006,Purchase,209,285.66,0
TXN06736,2023-01-02,PRD024,WH002,SUP006,Purchase,172,285.46,0
TXN07036,2023-01-02,PRD025,WH001,SUP006,Purchase,312,97.31,0
TXN07628,2023-01-02,PRD027,WH002,SUP009,Purchase,135,152.23,0
TXN08771,2023-01-02,PRD031,WH001,SUP009,Purchase,10,184.8,0
TXN08772,2023-01-02,PRD031,WH002,SUP009,Purchase,10,180.82,0
TXN08857,2023-01-02,PRD032,WH002,SUP009,Purchase,5,216.03,0
TXN08937,2023-01-02,PRD033,WH002,SUP009,Purchase,10,858.9,0
TXN08943,2023-01-02,PRD033,WH002,SUP009,Purchase,5,850.0,0
TXN08949,2023-01-02,PRD033,WH003,SUP009,Purchase,5,881.81,0
TXN09137,2023-01-02,PRD035,WH003,SUP009,Purchase,5,477.29,0
TXN00008,2023-01-03,PRD001,WH002,SUP001,Purchase,758,18.29,0
TXN00015,2023-01-03,PRD001,WH003,,Sale,-46,28.99,0
TXN00293,2023-01-03,PRD002,WH002,SUP001,Purchase,620,32.65,0
TXN00300,2023-01-03,PRD002,WH003,,Sale,-20,50.68,0
TXN00578,2023-01-03,PRD003,WH001,SUP001,Purchase,615,85.58,0
TXN01165,2023-01-03,PRD005,WH002,SUP002,Purchase,814,45.46,0
TXN01179,2023-01-03,PRD005,WH003,,Sale,-32,71.59,0
TXN01467,2023-01-03,PRD006,WH002,SUP002,Purchase,97,96.19,0
TXN01754,2023-01-03,PRD007,WH002,SUP002,Purchase,425,54.14,0
TXN02058,2023-01-03,PRD008,WH002,SUP003,Purchase,222,59.43,0
TXN02068,2023-01-03,PRD008,WH003,SUP003,Purchase,95,60.72,0
TXN02340,2023-01-03,PRD009,WH002,SUP005,Purchase,1412,12.06,0
TXN02342,2023-01-03,PRD009,WH001,SUP005,Purchase,976,11.95,0
TXN02345,2023-01-03,PRD009,WH001,,Sale,-77,19.58,0
TXN02348,2023-01-03,PRD009,WH002,SUP005,Purchase,1064,11.92,0
TXN02628,2023-01-03,PRD010,WH002,SUP005,Purchase,537,14.7,0
TXN02912,2023-01-03,PRD011,WH001,SUP001,Purchase,727,37.74,0
TXN03208,2023-01-03,PRD012,WH002,SUP001,Purchase,676,94.92,0
TXN03210,2023-01-03,PRD012,WH001,SUP001,Purchase,515,95.27,0
TXN03818,2023-01-03,PRD014,WH001,SUP002,Purchase,200,63.89,0
TXN04709,2023-01-03,PRD017,WH003,,Sale,-25,182.46,0
TXN05001,2023-01-03,PRD018,WH003,SUP004,Purchase,197,199.22,0
TXN05590,2023-01-03,PRD020,WH001,SUP003,Purchase,774,25.56,0
TXN05865,2023-01-03,PRD021,WH001,SUP004,Purchase,711,17.36,0
TXN05877,2023-01-03,PRD021,WH003,,Sale,-30,28.43,0
TXN06159,2023-01-03,PRD022,WH002,SUP010,Purchase,1134,12.18,0
TXN06462,2023-01-03,PRD023,WH003,,Sale,-33,22.67,0
TXN07039,2023-01-03,PRD025,WH001,SUP006,Purchase,196,97.5,0
TXN07042,2023-01-03,PRD025,WH002,SUP006,Purchase,160,95.0,0
TXN07048,2023-01-03,PRD025,WH003,SUP006,Purchase,98,92.35,0
TXN07332,2023-01-03,PRD026,WH001,SUP010,Purchase,683,35.77,0
TXN07334,2023-01-03,PRD026,WH003,SUP010,Purchase,280,35.63,0
TXN07343,2023-01-03,PRD026,WH002,,Sale,-31,54.57,0
TXN07345,2023-01-03,PRD026,WH003,SUP010,Purchase,140,35.53,0
TXN07627,2023-01-03,PRD027,WH001,SUP009,Purchase,190,149.23,0
TXN07629,2023-01-03,PRD027,WH003,SUP009,Purchase,84,151.62,0
TXN07915,2023-01-03,PRD028,WH001,SUP006,Purchase,322,188.04,0
TXN07916,2023-01-03,PRD028,WH002,SUP006,Purchase,220,185.67,0
TXN07928,2023-01-03,PRD028,WH003,SUP006,Purchase,98,190.07,0
TXN08203,2023-01-03,PRD029,WH002,SUP008,Purchase,485,78.03,0
TXN08204,2023-01-03,PRD029,WH003,SUP008,Purchase,312,82.08,0
TXN08482,2023-01-03,PRD030,WH002,SUP008,Purchase,376,97.62,0
TXN08483,2023-01-03,PRD030,WH003,SUP008,Purchase,277,95.55,0
TXN08777,2023-01-03,PRD031,WH001,,Sale,-1,267.07,0
TXN08782,2023-01-03,PRD031,WH002,,Sale,-1,293.94,0
TXN08850,2023-01-03,PRD032,WH001,SUP009,Purchase,10,221.24,0
TXN08853,2023-01-03,PRD032,WH001,SUP009,Purchase,5,228.57,0
TXN08938,2023-01-03,PRD033,WH003,SUP009,Purchase,10,868.33,0
TXN09037,2023-01-03,PRD034,WH001,SUP008,Purchase,5,345.29,0
TXN09126,2023-01-03,PRD035,WH002,SUP009,Purchase,10,470.3,0
TXN00010,2023-01-04,PRD001,WH002,,Sale,-52,27.61,0
TXN00866,2023-01-04,PRD004,WH003,SUP002,Purchase,145,91.67,0
TXN01460,2023-01-04,PRD006,WH001,SUP002,Purchase,146,95.12,0
TXN01462,2023-01-04,PRD006,WH003,SUP002,Purchase,80,97.68,0
TXN01753,2023-01-04,PRD007,WH001,SUP002,Purchase,716,56.48,0
TXN01762,2023-01-04,PRD007,WH003,SUP002,Purchase,228,56.27,0
TXN02057,2023-01-04,PRD008,WH001,SUP003,Purchase,304,60.93,0
TXN02071,2023-01-04,PRD008,WH003,,Sale,-8,91.83,0
TXN02339,2023-01-04,PRD009,WH001,SUP005,Purchase,2012,11.75,0
TXN02341,2023-01-04,PRD009,WH003,SUP005,Purchase,780,11.84,0
TXN02355,2023-01-04,PRD009,WH003,,Sale,-86,20.99,0
TXN02356,2023-01-04,PRD009,WH003,,Sale,-46,20.01,0
TXN02629,2023-01-04,PRD010,WH002,,Sale,-47,25.42,0
TXN02923,2023-01-04,PRD011,WH003,SUP001,Purchase,349,37.37,0
TXN02926,2023-01-04,PRD011,WH003,,Sale,-19,56.37,0
TXN03207,2023-01-04,PRD012,WH001,SUP001,Purchase,835,94.42,0
TXN03216,2023-01-04,PRD012,WH003,SUP001,Purchase,283,93.41,0
TXN03513,2023-01-04,PRD013,WH003,SUP002,Purchase,360,22.2,0
TXN03525,2023-01-04,PRD013,WH003,SUP002,Purchase,224,22.21,0
TXN03815,2023-01-04,PRD014,WH001,SUP002,Purchase,257,65.44,0
TXN03816,2023-01-04,PRD014,WH002,SUP002,Purchase,211,64.92,0
TXN03817,2023-01-04,PRD014,WH003,SUP002,Purchase,153,65.14,0
TXN03828,2023-01-04,PRD014,WH003,SUP002,Purchase,106,67.33,0
TXN03831,2023-01-04,PRD014,WH003,,Sale,-9,100.43,0
TXN04135,2023-01-04,PRD015,WH003,,Sale,-19,47.33,0
TXN04404,2023-01-04,PRD016,WH001,SUP002,Purchase,291,118.21,0
TXN04415,2023-01-04,PRD016,WH003,SUP002,Purchase,70,117.3,0
TXN04990,2023-01-04,PRD018,WH002,SUP004,Purchase,375,197.13,0
TXN05293,2023-01-04,PRD019,WH001,SUP007,Purchase,1245,57.86,0
TXN05299,2023-01-04,PRD019,WH002,SUP007,Purchase,567,58.86,0
TXN05591,2023-01-04,PRD020,WH001,,Sale,-109,38.8,0
TXN06168,2023-01-04,PRD022,WH003,SUP010,Purchase,589,11.86,0
TXN06731,2023-01-04,PRD024,WH003,SUP006,Purchase,106,287.58,0
TXN06742,2023-01-04,PRD024,WH003,SUP006,Purchase,77,287.15,0
TXN07038,2023-01-04,PRD025,WH003,SUP006,Purchase,120,93.83,0
TXN07041,2023-01-04,PRD025,WH001,,Sale,-40,133.1,0
TXN07049,2023-01-04,PRD025,WH003,,Sale,-8,136.03,0
TXN07924,2023-01-04,PRD028,WH002,SUP006,Purchase,136,189.39,0
TXN08210,2023-01-04,PRD029,WH002,,Sale,-74,122.08,0
TXN08778,2023-01-04,PRD031,WH001,,Sale,-1,276.25,0
TXN08852,2023-01-04,PRD032,WH003,SUP009,Purchase,10,222.46,0
TXN08947,2023-01-04,PRD033,WH002,,Sale,-1,1292.77,0
TXN09035,2023-01-04,PRD034,WH002,SUP008,Purchase,0,359.74,1
TXN09138,2023-01-04,PRD035,WH003,,Sale,-1,754.08,0
TXN09140,2023-01-04,PRD035,WH003,,Sale,-1,762.54,0
TXN00003,2023-01-05,PRD001,WH003,SUP001,Purchase,562,17.55,0
TXN00286,2023-01-05,PRD002,WH003,SUP001,Purchase,379,31.74,0
TXN00287,2023-01-05,PRD002,WH001,SUP001,Purchase,528,31.56,0
TXN00297,2023-01-05,PRD002,WH003,SUP001,Purchase,281,32.22,0
TXN00580,2023-01-05,PRD003,WH003,SUP001,Purchase,222,84.36,0
TXN00864,2023-01-05,PRD004,WH001,SUP002,Purchase,436,90.47,0
TXN00873,2023-01-05,PRD004,WH002,SUP002,Purchase,205,89.99,0
TXN00874,2023-01-05,PRD004,WH002,,Sale,-14,138.87,0
TXN01164,2023-01-05,PRD005,WH001,SUP002,Purchase,813,44.9,0
TXN01170,2023-01-05,PRD005,WH001,,Sale,-102,70.46,0
TXN01465,2023-01-05,PRD006,WH001,,Sale,-15,147.13,0
TXN01469,2023-01-05,PRD006,WH002,,Sale,-11,153.41,0
TXN01471,2023-01-05,PRD006,WH003,SUP002,Purchase,51,92.35,0
TXN01757,2023-01-05,PRD007,WH001,,Sale,-113,88.18,0
TXN02060,2023-01-05,PRD008,WH001,SUP003,Purchase,170,61.78,0
TXN02065,2023-01-05,PRD008,WH002,,Sale,-14,91.53,0
TXN02352,2023-01-05,PRD009,WH003,SUP005,Purchase,682,12.37,0
TXN02623,2023-01-05,PRD010,WH001,SUP005,Purchase,926,14.53,0
TXN02913,2023-01-05,PRD011,WH002,SUP001,Purchase,667,38.03,0
TXN02915,2023-01-05,PRD011,WH001,SUP001,Purchase,623,39.37,0
TXN03514,2023-01-05,PRD013,WH001,SUP002,Purchase,679,21.52,0
TXN04121,2023-01-05,PRD015,WH003,SUP003,Purchase,273,30.1,0
TXN04405,2023-01-05,PRD016,WH002,SUP002,Purchase,233,117.84,0
TXN04406,2023-01-05,PRD016,WH003,SUP002,Purchase,111,120.47,0
TXN04695,2023-01-05,PRD017,WH002,SUP004,Purchase,390,133.39,0
TXN04991,2023-01-05,PRD018,WH003,SUP004,Purchase,203,196.33,0
TXN05587,2023-01-05,PRD020,WH001,SUP003,Purchase,1178,25.53,0
TXN05862,2023-01-05,PRD021,WH001,SUP004,Purchase,798,17.93,0
TXN05864,2023-01-05,PRD021,WH003,SUP004,Purchase,302,17.89,0
TXN06459,2023-01-05,PRD023,WH003,SUP006,Purchase,469,13.8,0
TXN06729,2023-01-05,PRD024,WH001,SUP006,Purchase,247,280.63,0
TXN06738,2023-01-05,PRD024,WH002,,Sale,-17,369.82,0
TXN07037,2023-01-05,PRD025,WH002,SUP006,Purchase,272,92.67,0
TXN07044,2023-01-05,PRD025,WH002,,Sale,-13,139.31,0
TXN07630,2023-01-05,PRD027,WH001,SUP009,Purchase,138,148.84,0
TXN07632,2023-01-05,PRD027,WH001,,Sale,-10,213.32,0
TXN07636,2023-01-05,PRD027,WH002,SUP009,Purchase,150,147.36,0
TXN08202,2023-01-05,PRD029,WH001,SUP008,Purchase,504,79.87,0
TXN08481,2023-01-05,PRD030,WH001,SUP008,Purchase,461,97.8,0
TXN08851,2023-01-05,PRD032,WH002,SUP009,Purchase,10,224.79,0
TXN08936,2023-01-05,PRD033,WH001,SUP009,Purchase,10,834.8,0
TXN09034,2023-01-05,PRD034,WH001,SUP008,Purchase,10,347.36,0
TXN09127,2023-01-05,PRD035,WH003,SUP009,Purchase,10,490.7,0
TXN09128,2023-01-05,PRD035,WH001,SUP009,Purchase,7,462.39,0
TXN00867,2023-01-06,PRD004,WH001,SUP002,Purchase,240,87.28,0
TXN01167,2023-01-06,PRD005,WH001,SUP002,Purchase,751,44.49,0
TXN01171,2023-01-06,PRD005,WH002,SUP002,Purchase,548,46.65,0
TXN01463,2023-01-06,PRD006,WH001,SUP002,Purchase,156,94.61,0
TXN02625,2023-01-06,PRD010,WH001,,Sale,-107,23.85,0
TXN03213,2023-01-06,PRD012,WH002,SUP001,Purchase,394,98.13,0
TXN04697,2023-01-06,PRD017,WH001,SUP004,Purchase,471,126.74,0
TXN04698,2023-01-06,PRD017,WH001,,Sale,-60,182.24,0
TXN04699,2023-01-06,PRD017,WH001,,Sale,-39,183.2,0
TXN04702,2023-01-06,PRD017,WH002,SUP004,Purchase,383,125.86,0
TXN06166,2023-01-06,PRD022,WH002,,Sale,-144,19.7,0
TXN07046,2023-01-06,PRD025,WH002,,Sale,-13,135.0,0
TXN07637,2023-01-06,PRD027,WH002,,Sale,-15,223.85,0
TXN07918,2023-01-06,PRD028,WH001,SUP006,Purchase,267,180.29,0
TXN07925,2023-01-06,PRD028,WH002,,Sale,-21,260.29,0
TXN08207,2023-01-06,PRD029,WH001,,Sale,-108,118.56,0
TXN08484,2023-01-06,PRD030,WH001,SUP008,Purchase,344,96.8,0
TXN08489,2023-01-06,PRD030,WH002,SUP008,Purchase,352,94.75,0
TXN08495,2023-01-06,PRD030,WH003,,Sale,-66,134.63,0
TXN08780,2023-01-06,PRD031,WH002,SUP009,Purchase,5,178.61,0
TXN08783,2023-01-06,PRD031,WH003,SUP009,Purchase,5,181.56,0
TXN08858,2023-01-06,PRD032,WH002,,Sale,-1,340.07,0
TXN09045,2023-01-06,PRD034,WH002,,Sale,-1,539.57,0
TXN09131,2023-01-06,PRD035,WH002,SUP009,Purchase,5,475.6,0
TXN09133,2023-01-06,PRD035,WH002,,Sale,-1,780.38,0
TXN00005,2023-01-07,PRD001,WH001,,Sale,-86,28.6,0
TXN01168,2023-01-07,PRD005,WH001,,Sale,-99,68.72,0
TXN01178,2023-01-07,PRD005,WH003,,Sale,-42,68.34,0
TXN03217,2023-01-07,PRD012,WH003,,Sale,-33,145.0,0
TXN03519,2023-01-07,PRD013,WH002,SUP002,Purchase,522,21.22,0
TXN03823,2023-01-07,PRD014,WH002,,Sale,-13,104.42,0
TXN03827,2023-01-07,PRD014,WH002,,Sale,-17,97.46,0
TXN04126,2023-01-07,PRD015,WH002,SUP003,Purchase,354,29.96,0
TXN04130,2023-01-07,PRD015,WH002,,Sale,-33,49.5,0
TXN04407,2023-01-07,PRD016,WH001,SUP002,Purchase,180,119.73,0
TXN04412,2023-01-07,PRD016,WH002,,Sale,-23,184.39,0
TXN04707,2023-01-07,PRD017,WH003,,Sale,-17,171.62,0
TXN04992,2023-01-07,PRD018,WH001,SUP004,Purchase,365,187.98,0
TXN05296,2023-01-07,PRD019,WH001,SUP007,Purchase,760,57.36,0
TXN05873,2023-01-07,PRD021,WH003,,Sale,-21,28.71,0
TXN05875,2023-01-07,PRD021,WH003,,Sale,-18,28.11,0
TXN06167,2023-01-07,PRD022,WH002,,Sale,-175,19.35,0
TXN06463,2023-01-07,PRD023,WH003,,Sale,-37,22.19,0
TXN06744,2023-01-07,PRD024,WH003,,Sale,-5,396.63,0
TXN07045,2023-01-07,PRD025,WH002,,Sale,-19,129.88,0
TXN07050,2023-01-07,PRD025,WH003,,Sale,-8,133.29,0
TXN08952,2023-01-07,PRD033,WH003,,Sale,-1,1412.05,0
TXN09043,2023-01-07,PRD034,WH002,SUP008,Purchase,5,342.91,0
TXN00581,2023-01-08,PRD003,WH001,SUP001,Purchase,416,86.75,0
TXN00880,2023-01-08,PRD004,WH003,,Sale,-11,133.41,0
TXN00883,2023-01-08,PRD004,WH003,,Sale,-10,146.64,0
TXN01172,2023-01-08,PRD005,WH002,,Sale,-58,71.49,0
TXN01175,2023-01-08,PRD005,WH003,SUP002,Purchase,332,44.49,0
TXN01474,2023-01-08,PRD006,WH003,,Sale,-6,150.0,0
TXN01756,2023-01-08,PRD007,WH001,SUP002,Purchase,438,56.57,0
TXN02063,2023-01-08,PRD008,WH002,SUP003,Purchase,160,59.05,0
TXN03526,2023-01-08,PRD013,WH003,,Sale,-18,33.81,0
TXN04122,2023-01-08,PRD015,WH001,SUP003,Purchase,414,30.2,0
TXN04131,2023-01-08,PRD015,WH003,SUP003,Purchase,189,29.89,0
TXN04409,2023-01-08,PRD016,WH001,,Sale,-31,185.6,0
TXN05599,2023-01-08,PRD020,WH003,,Sale,-35,39.26,0
TXN05871,2023-01-08,PRD021,WH002,,Sale,-77,26.98,0
TXN06164,2023-01-08,PRD022,WH001,,Sale,-225,20.24,0
TXN06458,2023-01-08,PRD023,WH002,,Sale,-88,22.86,0
TXN07340,2023-01-08,PRD026,WH002,SUP010,Purchase,275,36.14,0
TXN07631,2023-01-08,PRD027,WH001,,Sale,-16,211.31,0
TXN07635,2023-01-08,PRD027,WH001,,Sale,-12,227.44,0
TXN07641,2023-01-08,PRD027,WH003,SUP009,Purchase,73,153.76,0
TXN08212,2023-01-08,PRD029,WH003,SUP008,Purchase,214,78.15,0
TXN08213,2023-01-08,PRD029,WH003,,Sale,-15,122.73,0
TXN08493,2023-01-08,PRD030,WH003,SUP008,Purchase,185,98.13,0
TXN08774,2023-01-08,PRD031,WH001,SUP009,Purchase,6,174.11,0
TXN09048,2023-01-08,PRD034,WH003,SUP008,Purchase,5,344.26,0
TXN09135,2023-01-08,PRD035,WH002,,Sale,-1,781.26,0
TXN00011,2023-01-09,PRD001,WH002,,Sale,-70,28.86,0
TXN00290,2023-01-09,PRD002,WH001,,Sale,-63,52.07,0
TXN00296,2023-01-09,PRD002,WH002,,Sale,-55,50.18,0
TXN00585,2023-01-09,PRD003,WH002,SUP001,Purchase,342,82.97,0
TXN00589,2023-01-09,PRD003,WH003,SUP001,Purchase,164,84.42,0
TXN00871,2023-01-09,PRD004,WH001,,Sale,-17,139.24,0
TXN00879,2023-01-09,PRD004,WH003,SUP002,Purchase,123,88.72,0
TXN00881,2023-01-09,PRD004,WH003,,Sale,-15,133.82,0
TXN01173,2023-01-09,PRD005,WH002,,Sale,-81,72.38,0
TXN01761,2023-01-09,PRD007,WH002,,Sale,-65,86.68,0
TXN02627,2023-01-09,PRD010,WH001,,Sale,-84,26.02,0
TXN02918,2023-01-09,PRD011,WH002,SUP001,Purchase,385,37.86,0
TXN03522,2023-01-09,PRD013,WH002,,Sale,-42,34.28,0
TXN03819,2023-01-09,PRD014,WH001,,Sale,-31,103.82,0
TXN03822,2023-01-09,PRD014,WH002,SUP002,Purchase,185,66.83,0
TXN04128,2023-01-09,PRD015,WH002,,Sale,-47,46.2,0
TXN04132,2023-01-09,PRD015,WH003,,Sale,-21,45.84,0
TXN04705,2023-01-09,PRD017,WH003,SUP004,Purchase,181,128.17,0
TXN04998,2023-01-09,PRD018,WH002,SUP004,Purchase,248,199.76,0
TXN05595,2023-01-09,PRD020,WH002,SUP003,Purchase,787,24.65,0
TXN05598,2023-01-09,PRD020,WH003,SUP003,Purchase,407,25.83,0
TXN05869,2023-01-09,PRD021,WH002,SUP004,Purchase,481,18.12,0
TXN06165,2023-01-09,PRD022,WH002,SUP010,Purchase,747,12.07,0
TXN06454,2023-01-09,PRD023,WH001,,Sale,-217,21.5,0
TXN07337,2023-01-09,PRD026,WH001,,Sale,-43,53.2,0
TXN08860,2023-01-09,PRD032,WH003,SUP009,Purchase,5,224.9,0
TXN08939,2023-01-09,PRD033,WH001,SUP009,Purchase,5,824.48,0
TXN08948,2023-01-09,PRD033,WH002,,Sale,-1,1316.87,0
TXN00590,2023-01-10,PRD003,WH003,,Sale,-39,132.9,0
TXN03515,2023-01-10,PRD013,WH001,,Sale,-74,34.55,0
TXN03830,2023-01-10,PRD014,WH003,,Sale,-10,97.14,0
TXN04123,2023-01-10,PRD015,WH001,,Sale,-67,48.67,0
TXN04706,2023-01-10,PRD017,WH003,,Sale,-25,180.69,0
TXN06743,2023-01-10,PRD024,WH003,,Sale,-7,391.95,0
TXN07347,2023-01-10,PRD026,WH003,,Sale,-40,53.4,0
TXN07643,2023-01-10,PRD027,WH003,,Sale,-6,223.3,0
TXN08211,2023-01-10,PRD029,WH002,,Sale,-52,119.37,0
TXN00299,2023-01-11,PRD002,WH003,,Sale,-35,52.08,0
TXN02343,2023-01-11,PRD009,WH001,,Sale,-94,20.82,0
TXN03211,2023-01-11,PRD012,WH001,,Sale,-136,139.62,0
TXN03523,2023-01-11,PRD013,WH002,,Sale,-34,34.75,0
TXN04127,2023-01-11,PRD015,WH002,,Sale,-43,46.3,0
TXN04701,2023-01-11,PRD017,WH001,,Sale,-62,175.52,0
TXN04995,2023-01-11,PRD018,WH001,,Sale,-37,250.94,0
TXN04997,2023-01-11,PRD018,WH001,,Sale,-35,261.62,0
TXN05305,2023-01-11,PRD019,WH003,,Sale,-47,78.31,0
TXN05306,2023-01-11,PRD019,WH003,,Sale,-33,73.25,0
TXN05866,2023-01-11,PRD021,WH001,,Sale,-70,28.78,0
TXN05870,2023-01-11,PRD021,WH002,,Sale,-98,26.68,0
TXN07929,2023-01-11,PRD028,WH003,,Sale,-11,263.71,0
TXN08776,2023-01-11,PRD031,WH001,,Sale,-1,290.95,0
TXN08787,2023-01-11,PRD031,WH003,,Sale,-1,275.08,0
TXN08855,2023-01-11,PRD032,WH001,,Sale,-1,350.8,0
TXN08940,2023-01-11,PRD033,WH001,,Sale,-1,1333.58,0
TXN08942,2023-01-11,PRD033,WH001,,Sale,-1,1352.38,0
TXN09051,2023-01-11,PRD034,WH003,,Sale,-1,565.83,0
TXN00017,2023-01-12,PRD001,WH003,,Sale,-31,27.06,0
TXN00295,2023-01-12,PRD002,WH002,,Sale,-86,47.95,0
TXN00870,2023-01-12,PRD004,WH001,,Sale,-20,136.01,0
TXN01764,2023-01-12,PRD007,WH003,,Sale,-63,88.3,0
TXN02919,2023-01-12,PRD011,WH002,,Sale,-47,57.6,0
TXN03214,2023-01-12,PRD012,WH002,,Sale,-92,145.51,0
TXN04703,2023-01-12,PRD017,WH002,,Sale,-66,166.7,0
TXN05003,2023-01-12,PRD018,WH003,,Sale,-21,243.22,0
TXN05300,2023-01-12,PRD019,WH002,,Sale,-90,71.31,0
TXN07341,2023-01-12,PRD026,WH002,,Sale,-36,55.92,0
TXN07344,2023-01-12,PRD026,WH002,,Sale,-17,52.85,0
TXN08494,2023-01-12,PRD030,WH003,,Sale,-31,142.23,0
TXN08775,2023-01-12,PRD031,WH001,,Sale,-1,277.88,0
TXN08950,2023-01-12,PRD033,WH003,,Sale,-1,1390.53,0
TXN09047,2023-01-12,PRD034,WH002,,Sale,-1,553.63,0
TXN09052,2023-01-12,PRD034,WH003,,Sale,-1,546.45,0
TXN09053,2023-01-12,PRD034,WH003,,Sale,-1,533.41,0
TXN00016,2023-01-13,PRD001,WH003,,Sale,-44,27.38,0
TXN00294,2023-01-13,PRD002,WH002,,Sale,-87,52.34,0
TXN00877,2023-01-13,PRD004,WH002,,Sale,0,143.95,1
TXN02061,2023-01-13,PRD008,WH001,,Sale,-31,91.36,0
TXN03825,2023-01-13,PRD014,WH002,,Sale,-12,99.64,0
TXN04134,2023-01-13,PRD015,WH003,,Sale,-23,47.1,0
TXN05000,2023-01-13,PRD018,WH002,,Sale,-82,257.08,0
TXN05002,2023-01-13,PRD018,WH003,,Sale,-13,253.32,0
TXN05301,2023-01-13,PRD019,WH002,,Sale,-93,72.5,0
TXN05601,2023-01-13,PRD020,WH003,,Sale,-33,37.17,0
TXN06455,2023-01-13,PRD023,WH001,,Sale,-171,22.37,0
TXN06735,2023-01-13,PRD024,WH001,,Sale,-32,392.13,0
TXN07638,2023-01-13,PRD027,WH002,,Sale,-15,214.39,0
TXN07926,2023-01-13,PRD028,WH002,,Sale,-15,253.94,0
TXN08206,2023-01-13,PRD029,WH001,,Sale,-92,123.1,0
TXN08491,2023-01-13,PRD030,WH002,,Sale,-35,133.01,0
TXN09046,2023-01-13,PRD034,WH002,,Sale,-1,531.79,0
TXN09132,2023-01-13,PRD035,WH002,,Sale,-1,720.47,0
TXN00006,2023-01-14,PRD001,WH001,,Sale,-153,27.22,0
TXN00868,2023-01-14,PRD004,WH001,,Sale,-27,144.5,0
TXN01470,2023-01-14,PRD006,WH002,,Sale,-18,156.92,0
TXN02624,2023-01-14,PRD010,WH001,,Sale,-76,24.37,0
TXN03824,2023-01-14,PRD014,WH002,,Sale,-11,99.61,0
TXN04410,2023-01-14,PRD016,WH001,,Sale,-33,193.46,0
TXN06740,2023-01-14,PRD024,WH002,,Sale,-9,380.47,0
TXN07922,2023-01-14,PRD028,WH001,,Sale,-19,276.63,0
TXN09041,2023-01-14,PRD034,WH001,,Sale,-1,548.41,0
TXN00583,2023-01-15,PRD003,WH001,,Sale,-40,130.37,0
TXN00586,2023-01-15,PRD003,WH002,,Sale,-44,125.01,0
TXN00588,2023-01-15,PRD003,WH002,,Sale,-48,134.01,0
TXN02070,2023-01-15,PRD008,WH003,,Sale,-7,91.66,0
TXN02344,2023-01-15,PRD009,WH001,,Sale,-142,19.93,0
TXN02346,2023-01-15,PRD009,WH001,,Sale,-149,19.69,0
TXN02349,2023-01-15,PRD009,WH002,,Sale,-178,19.77,0
TXN02637,2023-01-15,PRD010,WH003,,Sale,0,26.06,1
TXN02917,2023-01-15,PRD011,WH001,,Sale,-67,56.18,0
TXN02921,2023-01-15,PRD011,WH002,,Sale,-46,56.68,0
TXN03517,2023-01-15,PRD013,WH001,,Sale,-69,34.33,0
TXN03520,2023-01-15,PRD013,WH002,,Sale,-43,35.93,0
TXN04996,2023-01-15,PRD018,WH001,,Sale,-21,257.06,0
TXN05874,2023-01-15,PRD021,WH003,,Sale,-15,27.08,0
TXN06734,2023-01-15,PRD024,WH001,,Sale,-26,365.33,0
TXN06737,2023-01-15,PRD024,WH002,,Sale,-13,381.43,0
TXN08485,2023-01-15,PRD030,WH001,,Sale,-42,139.94,0
TXN08779,2023-01-15,PRD031,WH001,,Sale,-1,273.85,0
TXN09040,2023-01-15,PRD034,WH001,,Sale,-1,534.77,0
TXN02062,2023-01-16,PRD008,WH001,,Sale,-45,94.62,0
TXN02354,2023-01-16,PRD009,WH003,,Sale,-57,19.82,0
TXN04133,2023-01-16,PRD015,WH003,,Sale,-22,48.46,0
TXN05593,2023-01-16,PRD020,WH001,,Sale,-102,39.87,0
TXN06741,2023-01-16,PRD024,WH002,,Sale,-12,382.83,0
TXN06745,2023-01-16,PRD024,WH003,,Sale,-9,369.31,0
TXN07927,2023-01-16,PRD028,WH002,,Sale,-19,272.68,0
TXN08781,2023-01-16,PRD031,WH002,,Sale,-1,270.64,0
TXN08785,2023-01-16,PRD031,WH003,,Sale,-1,275.54,0
TXN08864,2023-01-16,PRD032,WH003,,Sale,-1,339.03,0
TXN09129,2023-01-16,PRD035,WH001,,Sale,-1,777.96,0
TXN09130,2023-01-16,PRD035,WH001,,Sale,-1,749.7,0
TXN00289,2023-01-17,PRD002,WH001,,Sale,-47,52.07,0
TXN00882,2023-01-17,PRD004,WH003,,Sale,-15,138.0,0
TXN01466,2023-01-17,PRD006,WH001,,Sale,-24,156.14,0
TXN01760,2023-01-17,PRD007,WH002,,Sale,-84,81.03,0
TXN02920,2023-01-17,PRD011,WH002,,Sale,-36,57.6,0
TXN03219,2023-01-17,PRD012,WH003,,Sale,-32,139.24,0
TXN04704,2023-01-17,PRD017,WH002,,Sale,-83,170.85,0
TXN07921,2023-01-17,PRD028,WH001,,Sale,-13,274.65,0
TXN08216,2023-01-17,PRD029,WH003,,Sale,-16,123.12,0
TXN08944,2023-01-17,PRD033,WH002,,Sale,-1,1389.2,0
TXN00012,2023-01-18,PRD001,WH002,,Sale,-97,26.95,0
TXN00288,2023-01-18,PRD002,WH001,,Sale,-37,51.88,0
TXN00878,2023-01-18,PRD004,WH002,,Sale,-20,143.94,0
TXN01464,2023-01-18,PRD006,WH001,,Sale,-12,152.76,0
TXN02069,2023-01-18,PRD008,WH003,,Sale,-10,92.06,0
TXN02928,2023-01-18,PRD011,WH003,,Sale,-27,55.69,0
TXN03524,2023-01-18,PRD013,WH002,,Sale,-37,35.21,0
TXN04129,2023-01-18,PRD015,WH002,,Sale,-40,50.32,0
TXN04414,2023-01-18,PRD016,WH002,,Sale,-19,183.91,0
TXN07040,2023-01-18,PRD025,WH001,,Sale,-43,140.77,0
TXN07639,2023-01-18,PRD027,WH002,,Sale,-10,215.89,0
TXN08488,2023-01-18,PRD030,WH001,,Sale,-41,136.13,0
TXN00584,2023-01-19,PRD003,WH001,,Sale,-62,124.96,0
TXN00587,2023-01-19,PRD003,WH002,,Sale,-27,130.0,0
TXN02632,2023-01-19,PRD010,WH002,,Sale,-64,25.07,0
TXN04416,2023-01-19,PRD016,WH003,,Sale,-10,183.32,0
TXN04700,2023-01-19,PRD017,WH001,,Sale,-37,170.13,0
TXN05868,2023-01-19,PRD021,WH001,,Sale,-101,27.61,0
TXN06747,2023-01-19,PRD024,WH003,,Sale,-7,396.91,0
TXN07645,2023-01-19,PRD027,WH003,,Sale,-5,216.79,0
TXN08217,2023-01-19,PRD029,WH003,,Sale,-19,118.45,0
TXN08786,2023-01-19,PRD031,WH003,,Sale,-1,276.38,0
TXN08946,2023-01-19,PRD033,WH002,,Sale,-1,1298.81,0
TXN09136,2023-01-19,PRD035,WH002,,Sale,-1,787.25,0
TXN00582,2023-01-20,PRD003,WH001,,Sale,-62,134.85,0
TXN00872,2023-01-20,PRD004,WH001,,Sale,-20,141.67,0
TXN01169,2023-01-20,PRD005,WH001,,Sale,-86,71.12,0
TXN01473,2023-01-20,PRD006,WH003,,Sale,-8,151.01,0
TXN02924,2023-01-20,PRD011,WH003,,Sale,-18,57.96,0
TXN03530,2023-01-20,PRD013,WH003,,Sale,-20,35.3,0
TXN05603,2023-01-20,PRD020,WH003,,Sale,-33,37.75,0
TXN07051,2023-01-20,PRD025,WH003,,Sale,-6,134.83,0
TXN07338,2023-01-20,PRD026,WH001,,Sale,-58,56.42,0
TXN07640,2023-01-20,PRD027,WH002,,Sale,-8,228.84,0
TXN08863,2023-01-20,PRD032,WH003,,Sale,-1,358.13,0
TXN09049,2023-01-20,PRD034,WH003,,Sale,-1,541.02,0
TXN01176,2023-01-21,PRD005,WH003,,Sale,-26,70.75,0
TXN01475,2023-01-21,PRD006,WH001,SUP002,Return,9,76.0,0
TXN02633,2023-01-21,PRD010,WH002,,Sale,-44,24.44,0
TXN02636,2023-01-21,PRD010,WH003,,Sale,-67,25.79,0
TXN02922,2023-01-21,PRD011,WH002,,Sale,-43,57.32,0
TXN04125,2023-01-21,PRD015,WH001,,Sale,-59,49.49,0
TXN04417,2023-01-21,PRD016,WH003,,Sale,-27,186.64,0
TXN06169,2023-01-21,PRD022,WH003,,Sale,-82,20.61,0
TXN07930,2023-01-21,PRD028,WH003,,Sale,-7,258.98,0
TXN08862,2023-01-21,PRD032,WH003,,Sale,-1,338.49,0
TXN09139,2023-01-21,PRD035,WH003,,Sale,-1,717.26,0
TXN02064,2023-01-22,PRD008,WH002,,Sale,-23,94.0,0
TXN02925,2023-01-22,PRD011,WH003,,Sale,-21,55.39,0
TXN03826,2023-01-22,PRD014,WH002,,Sale,-11,98.99,0
TXN04708,2023-01-22,PRD017,WH003,,Sale,-23,181.89,0
TXN05304,2023-01-22,PRD019,WH003,,Sale,-50,72.28,0
TXN06746,2023-01-22,PRD024,WH003,,Sale,-8,368.92,0
TXN07346,2023-01-22,PRD026,WH003,,Sale,-32,53.27,0
TXN07633,2023-01-22,PRD027,WH001,,Sale,-14,218.28,0
TXN08784,2023-01-22,PRD031,WH003,,Sale,-1,291.14,0
TXN09039,2023-01-22,PRD034,WH001,,Sale,-1,564.71,0
TXN09141,2023-01-22,PRD035,WH003,,Sale,-1,765.78,0
TXN00301,2023-01-23,PRD002,WH003,,Sale,-28,49.01,0
TXN02072,2023-01-23,PRD008,WH003,,Sale,-7,94.48,0
TXN02350,2023-01-23,PRD009,WH002,,Sale,-160,20.14,0
TXN03521,2023-01-23,PRD013,WH002,,Sale,-25,33.96,0
TXN03529,2023-01-23,PRD013,WH003,,Sale,-20,34.95,0
TXN05004,2023-01-23,PRD018,WH003,,Sale,-14,260.8,0
TXN07053,2023-01-23,PRD025,WH003,,Sale,-6,136.1,0
TXN07339,2023-01-23,PRD026,WH001,,Sale,-33,54.82,0
TXN07931,2023-01-23,PRD028,WH003,,Sale,-12,257.44,0
TXN08861,2023-01-23,PRD032,WH003,,Sale,-1,350.91,0
TXN08941,2023-01-23,PRD033,WH001,,Sale,-1,1346.27,0
TXN01174,2023-01-24,PRD005,WH002,,Sale,-54,68.82,0
TXN01468,2023-01-24,PRD006,WH002,,Sale,-13,144.28,0
TXN02353,2023-01-24,PRD009,WH003,,Sale,-46,20.44,0
TXN02626,2023-01-24,PRD010,WH001,,Sale,-56,24.55,0
TXN02631,2023-01-24,PRD010,WH002,,Sale,-48,25.78,0
TXN02916,2023-01-24,PRD011,WH001,,Sale,-147,55.74,0
TXN03212,2023-01-24,PRD012,WH001,,Sale,-122,138.06,0
TXN03516,2023-01-24,PRD013,WH001,,Sale,-50,34.49,0
TXN03527,2023-01-24,PRD013,WH003,,Sale,-29,35.33,0
TXN04413,2023-01-24,PRD016,WH002,,Sale,-17,177.09,0
TXN05602,2023-01-24,PRD020,WH003,,Sale,-45,37.28,0
TXN08945,2023-01-24,PRD033,WH002,,Sale,-1,1408.86,0
TXN09038,2023-01-24,PRD034,WH001,,Sale,-1,558.21,0
TXN09044,2023-01-24,PRD034,WH002,,Sale,-1,522.55,0
TXN09134,2023-01-24,PRD035,WH002,,Sale,-1,722.35,0
TXN00009,2023-01-25,PRD001,WH002,,Sale,-54,27.54,0
TXN01472,2023-01-25,PRD006,WH003,,Sale,-5,150.0,0
TXN02630,2023-01-25,PRD010,WH002,,Sale,-61,25.9,0
TXN03518,2023-01-25,PRD013,WH001,,Sale,-54,34.71,0
TXN03829,2023-01-25,PRD014,WH003,,Sale,-11,102.92,0
TXN05297,2023-01-25,PRD019,WH001,,Sale,-129,77.12,0
TXN05596,2023-01-25,PRD020,WH002,,Sale,-196,36.61,0
TXN05600,2023-01-25,PRD020,WH003,,Sale,-35,38.9,0
TXN06162,2023-01-25,PRD022,WH001,,Sale,-123,19.16,0
TXN07047,2023-01-25,PRD025,WH002,,Sale,-17,140.91,0
TXN07920,2023-01-25,PRD028,WH001,,Sale,-13,272.95,0
TXN08215,2023-01-25,PRD029,WH003,,Sale,-12,118.8,0
TXN08490,2023-01-25,PRD030,WH002,,Sale,-37,145.15,0
TXN08951,2023-01-25,PRD033,WH003,,Sale,-1,1323.27,0
TXN00007,2023-01-26,PRD001,WH001,,Sale,-128,29.03,0
TXN00291,2023-01-26,PRD002,WH001,,Sale,-61,50.0,0
TXN00292,2023-01-26,PRD002,WH001,,Sale,-43,48.08,0
TXN00875,2023-01-26,PRD004,WH002,,Sale,-19,140.36,0
TXN00876,2023-01-26,PRD004,WH002,,Sale,-18,140.61,0
TXN01758,2023-01-26,PRD007,WH001,,Sale,0,88.16,1
TXN02347,2023-01-26,PRD009,WH001,,Sale,-114,19.59,0
TXN04124,2023-01-26,PRD015,WH001,,Sale,-46,48.64,0
TXN04993,2023-01-26,PRD018,WH001,,Sale,-20,260.78,0
TXN04999,2023-01-26,PRD018,WH002,,Sale,-50,246.74,0
TXN05867,2023-01-26,PRD021,WH001,,Sale,-93,27.76,0
TXN06461,2023-01-26,PRD023,WH003,,Sale,-33,22.47,0
TXN06739,2023-01-26,PRD024,WH002,,Sale,-17,390.56,0
TXN07919,2023-01-26,PRD028,WH001,,Sale,-18,267.42,0
TXN07923,2023-01-26,PRD028,WH001,,Sale,-15,255.1,0
TXN08487,2023-01-26,PRD030,WH001,,Sale,-47,139.29,0
TXN00591,2023-01-27,PRD003,WH003,,Sale,-30,123.54,0
TXN02066,2023-01-27,PRD008,WH002,,Sale,-15,90.4,0
TXN03215,2023-01-27,PRD012,WH002,,Sale,-117,145.52,0
TXN03832,2023-01-27,PRD014,WH003,,Sale,-14,104.56,0
TXN06163,2023-01-27,PRD022,WH001,,Sale,-156,20.89,0
TXN07043,2023-01-27,PRD025,WH002,,Sale,-15,128.32,0
TXN07336,2023-01-27,PRD026,WH001,,Sale,-33,52.3,0
TXN07634,2023-01-27,PRD027,WH001,,Sale,-16,225.34,0
TXN07644,2023-01-27,PRD027,WH003,,Sale,-10,220.05,0
TXN07932,2023-01-27,PRD028,WH003,,Sale,-8,260.15,0
TXN09042,2023-01-27,PRD034,WH001,,Sale,-1,553.75,0
TXN01177,2023-01-28,PRD005,WH003,,Sale,-45,72.29,0
TXN02067,2023-01-28,PRD008,WH002,,Sale,-28,90.5,0
TXN04408,2023-01-28,PRD016,WH001,,Sale,-26,181.97,0
TXN04994,2023-01-28,PRD018,WH001,,Sale,-28,246.6,0
TXN05005,2023-01-28,PRD018,WH003,,Sale,-25,242.17,0
TXN05302,2023-01-28,PRD019,WH002,,Sale,-63,72.52,0
TXN05592,2023-01-28,PRD020,WH001,,Sale,-111,37.75,0
TXN06733,2023-01-28,PRD024,WH001,,Sale,-36,362.87,0
TXN07642,2023-01-28,PRD027,WH003,,Sale,-10,217.24,0
TXN08486,2023-01-28,PRD030,WH001,,Sale,-46,134.24,0
TXN08492,2023-01-28,PRD030,WH002,,Sale,-61,137.99,0
TXN09142,2023-01-28,PRD035,WH003,,Sale,-1,763.47,0
TXN00606,2023-01-31,PRD003,WH003,,Sale,-16,126.63,0
TXN02079,2023-01-31,PRD008,WH002,,Sale,-9,94.26,0
TXN02083,2023-01-31,PRD008,WH002,,Sale,-14,91.78,0
TXN02940,2023-01-31,PRD011,WH003,,Sale,-37,57.93,0
TXN03225,2023-01-31,PRD012,WH002,,Sale,-81,137.96,0
TXN04144,2023-01-31,PRD015,WH003,,Sale,-32,50.18,0
TXN04426,2023-01-31,PRD016,WH003,,Sale,-12,189.42,0
TXN06466,2023-01-31,PRD023,WH002,,Sale,-159,21.23,0
TXN07058,2023-01-31,PRD025,WH002,,Sale,-13,132.11,0
TXN07648,2023-01-31,PRD027,WH001,,Sale,-17,214.83,0
TXN07935,2023-01-31,PRD028,WH002,,Sale,-12,269.96,0
TXN00306,2023-02-01,PRD002,WH002,,Sale,-49,50.95,0
TXN00592,2023-02-01,PRD003,WH001,,Sale,-22,135.65,0
TXN00892,2023-02-01,PRD004,WH003,,Sale,-15,134.26,0
TXN02077,2023-02-01,PRD008,WH001,,Sale,-21,94.88,0
TXN02639,2023-02-01,PRD010,WH001,,Sale,-96,24.07,0
TXN02646,2023-02-01,PRD010,WH003,,Sale,-63,25.74,0
TXN03841,2023-02-01,PRD014,WH003,,Sale,-13,101.76,0
TXN04138,2023-02-01,PRD015,WH002,,Sale,-49,45.65,0
TXN05316,2023-02-01,PRD019,WH003,,Sale,-74,77.32,0
TXN08799,2023-02-01,PRD031,WH003,,Sale,-1,288.11,0
TXN08873,2023-02-01,PRD032,WH003,,Sale,-1,341.53,0
TXN09145,2023-02-01,PRD035,WH001,,Sale,-1,744.69,0
TXN00311,2023-02-02,PRD002,WH003,,Sale,-35,50.81,0
TXN02080,2023-02-02,PRD008,WH002,,Sale,-12,92.79,0
TXN02362,2023-02-02,PRD009,WH002,,Sale,-189,19.17,0
TXN02935,2023-02-02,PRD011,WH002,,Sale,-38,56.07,0
TXN04418,2023-02-02,PRD016,WH001,,Sale,-24,190.65,0
TXN05606,2023-02-02,PRD020,WH001,,Sale,-140,36.27,0
TXN05881,2023-02-02,PRD021,WH002,,Sale,0,27.93,1
TXN07651,2023-02-02,PRD027,WH002,,Sale,-9,215.98,0
TXN08788,2023-02-02,PRD031,WH001,,Sale,-1,278.41,0
TXN08958,2023-02-02,PRD033,WH002,,Sale,-1,1383.88,0
TXN00302,2023-02-03,PRD002,WH001,,Sale,-126,48.67,0
TXN00308,2023-02-03,PRD002,WH002,,Sale,-49,52.4,0
TXN00310,2023-02-03,PRD002,WH003,,Sale,-23,52.25,0
TXN00604,2023-02-03,PRD003,WH003,,Sale,-16,123.92,0
TXN02360,2023-02-03,PRD009,WH002,,Sale,-95,20.42,0
TXN02941,2023-02-03,PRD011,WH003,,Sale,-32,55.36,0
TXN04423,2023-02-03,PRD016,WH002,,Sale,-44,177.39,0
TXN07352,2023-02-03,PRD026,WH001,,Sale,-52,53.03,0
TXN08796,2023-02-03,PRD031,WH002,,Sale,-1,290.46,0
TXN08867,2023-02-03,PRD032,WH001,,Sale,-1,363.8,0
TXN03534,2023-02-04,PRD013,WH001,,Sale,-37,35.31,0
TXN05007,2023-02-04,PRD018,WH001,,Sale,-25,256.6,0
TXN06748,2023-02-04,PRD024,WH001,,Sale,-31,386.18,0
TXN07656,2023-02-04,PRD027,WH003,,Sale,-8,214.33,0
TXN01187,2023-02-05,PRD005,WH003,,Sale,-39,67.75,0
TXN01477,2023-02-05,PRD006,WH001,,Sale,-11,145.4,0
TXN02364,2023-02-05,PRD009,WH003,,Sale,-105,20.68,0
TXN02365,2023-02-05,PRD009,WH003,,Sale,-73,19.59,0
TXN03833,2023-02-05,PRD014,WH001,,Sale,-28,101.6,0
TXN05880,2023-02-05,PRD021,WH002,,Sale,-92,28.13,0
TXN06179,2023-02-05,PRD022,WH003,,Sale,-46,20.76,0
TXN06753,2023-02-05,PRD024,WH003,,Sale,-11,372.4,0
TXN07356,2023-02-05,PRD026,WH002,,Sale,-42,56.68,0
TXN08957,2023-02-05,PRD033,WH002,,Sale,-1,1327.64,0
TXN08959,2023-02-05,PRD033,WH003,,Sale,-1,1337.33,0
TXN09057,2023-02-05,PRD034,WH002,,Sale,-1,541.8,0
TXN00022,2023-02-06,PRD001,WH002,,Sale,-62,29.16,0
TXN00603,2023-02-06,PRD003,WH003,,Sale,-10,135.69,0
TXN01480,2023-02-06,PRD006,WH001,,Sale,-12,153.87,0
TXN04422,2023-02-06,PRD016,WH002,,Sale,-35,190.47,0
TXN05605,2023-02-06,PRD020,WH001,,Sale,-106,36.8,0
TXN06174,2023-02-06,PRD022,WH001,,Sale,-98,20.25,0
TXN07652,2023-02-06,PRD027,WH002,,Sale,-10,223.34,0
TXN07936,2023-02-06,PRD028,WH002,,Sale,-13,266.39,0
TXN08496,2023-02-06,PRD030,WH001,,Sale,-37,136.81,0
TXN09056,2023-02-06,PRD034,WH001,,Sale,-1,543.41,0
TXN09060,2023-02-06,PRD034,WH002,,Sale,-1,538.18,0
TXN00024,2023-02-07,PRD001,WH003,,Sale,-31,28.69,0
TXN00600,2023-02-07,PRD003,WH002,,Sale,-21,134.35,0
TXN00602,2023-02-07,PRD003,WH003,,Sale,-16,129.49,0
TXN00885,2023-02-07,PRD004,WH001,,Sale,-39,141.06,0
TXN00893,2023-02-07,PRD004,WH003,,Sale,-19,133.28,0
TXN04140,2023-02-07,PRD015,WH002,,Sale,-41,46.71,0
TXN04141,2023-02-07,PRD015,WH003,,Sale,-23,46.33,0
TXN04420,2023-02-07,PRD016,WH001,,Sale,-26,176.57,0
TXN07349,2023-02-07,PRD026,WH001,,Sale,-28,56.38,0
TXN00019,2023-02-08,PRD001,WH001,,Sale,-217,29.37,0
TXN01770,2023-02-08,PRD007,WH002,,Sale,-38,85.03,0
TXN02645,2023-02-08,PRD010,WH002,,Sale,-48,25.49,0
TXN02938,2023-02-08,PRD011,WH002,,Sale,-43,60.21,0
TXN03221,2023-02-08,PRD012,WH001,,Sale,-68,148.62,0
TXN03536,2023-02-08,PRD013,WH002,,Sale,-77,35.2,0
TXN04136,2023-02-08,PRD015,WH001,,Sale,-97,46.21,0
TXN04711,2023-02-08,PRD017,WH001,,Sale,-35,180.14,0
TXN05009,2023-02-08,PRD018,WH001,,Sale,-22,255.23,0
TXN05311,2023-02-08,PRD019,WH002,,Sale,-48,72.9,0
TXN05315,2023-02-08,PRD019,WH003,,Sale,-41,78.37,0
TXN06465,2023-02-08,PRD023,WH001,,Sale,-178,22.28,0
TXN07657,2023-02-08,PRD027,WH003,,Sale,-6,216.55,0
TXN08874,2023-02-08,PRD032,WH003,,Sale,-1,347.86,0
TXN09061,2023-02-08,PRD034,WH002,,Sale,-1,553.54,0
TXN00601,2023-02-09,PRD003,WH002,,Sale,-39,129.52,0
TXN02932,2023-02-09,PRD011,WH001,,Sale,-55,59.36,0
TXN03227,2023-02-09,PRD012,WH003,,Sale,-30,149.13,0
TXN03531,2023-02-09,PRD013,WH001,,Sale,-53,33.64,0
TXN05309,2023-02-09,PRD019,WH002,,Sale,-36,78.06,0
TXN05313,2023-02-09,PRD019,WH002,,Sale,-32,78.35,0
TXN07063,2023-02-09,PRD025,WH003,,Sale,-9,139.56,0
TXN07359,2023-02-09,PRD026,WH003,,Sale,-16,54.13,0
TXN08223,2023-02-09,PRD029,WH002,,Sale,-67,118.25,0
TXN08225,2023-02-09,PRD029,WH003,,Sale,-31,116.99,0
TXN08790,2023-02-09,PRD031,WH001,,Sale,-1,280.0,0
TXN08868,2023-02-09,PRD032,WH002,,Sale,-1,350.68,0
TXN08954,2023-02-09,PRD033,WH001,,Sale,-1,1358.04,0
TXN01482,2023-02-10,PRD006,WH002,,Sale,-13,155.5,0
TXN01484,2023-02-10,PRD006,WH003,,Sale,-6,148.41,0
TXN02085,2023-02-10,PRD008,WH003,,Sale,-17,99.01,0
TXN03535,2023-02-10,PRD013,WH002,,Sale,-62,35.25,0
TXN04142,2023-02-10,PRD015,WH003,,Sale,-27,49.26,0
TXN04713,2023-02-10,PRD017,WH001,,Sale,-33,171.39,0
TXN06751,2023-02-10,PRD024,WH002,,Sale,-33,382.25,0
TXN07062,2023-02-10,PRD025,WH003,,Sale,-6,133.34,0
TXN07934,2023-02-10,PRD028,WH001,,Sale,-54,254.01,0
TXN08503,2023-02-10,PRD030,WH003,,Sale,-27,142.74,0
TXN08792,2023-02-10,PRD031,WH001,,Sale,-1,269.67,0
TXN08798,2023-02-10,PRD031,WH003,,Sale,-1,270.17,0
TXN08865,2023-02-10,PRD032,WH001,,Sale,-1,358.49,0
TXN00309,2023-02-11,PRD002,WH003,,Sale,-39,47.8,0
TXN01771,2023-02-11,PRD007,WH003,,Sale,-12,84.6,0
TXN02931,2023-02-11,PRD011,WH001,,Sale,-62,58.79,0
TXN04712,2023-02-11,PRD017,WH001,,Sale,-25,169.93,0
TXN05010,2023-02-11,PRD018,WH001,,Sale,-28,260.27,0
TXN05314,2023-02-11,PRD019,WH003,,Sale,-57,75.24,0
TXN07056,2023-02-11,PRD025,WH001,,Sale,-40,141.34,0
TXN07357,2023-02-11,PRD026,WH003,,Sale,-12,54.98,0
TXN07655,2023-02-11,PRD027,WH003,,Sale,-9,217.77,0
TXN08224,2023-02-11,PRD029,WH003,,Sale,-42,123.85,0
TXN08789,2023-02-11,PRD031,WH001,,Sale,-1,290.51,0
TXN08797,2023-02-11,PRD031,WH003,,Sale,-1,279.76,0
TXN00026,2023-02-12,PRD001,WH003,,Sale,-48,27.61,0
TXN00303,2023-02-12,PRD002,WH001,,Sale,-131,49.77,0
TXN00596,2023-02-12,PRD003,WH001,,Sale,-31,129.33,0
TXN00886,2023-02-12,PRD004,WH001,,Sale,-33,137.97,0
TXN01182,2023-02-12,PRD005,WH002,,Sale,-40,68.06,0
TXN03222,2023-02-12,PRD012,WH001,,Sale,-109,147.25,0
TXN03226,2023-02-12,PRD012,WH003,,Sale,-30,140.57,0
TXN05008,2023-02-12,PRD018,WH001,,Sale,-32,238.19,0
TXN05011,2023-02-12,PRD018,WH002,,Sale,-31,262.33,0
TXN06172,2023-02-12,PRD022,WH001,,Sale,-82,20.16,0
TXN07941,2023-02-12,PRD028,WH003,,Sale,-11,269.53,0
TXN00304,2023-02-13,PRD002,WH002,,Sale,-48,50.77,0
TXN01479,2023-02-13,PRD006,WH001,,Sale,-17,145.84,0
TXN02075,2023-02-13,PRD008,WH001,,Sale,-16,98.31,0
TXN03834,2023-02-13,PRD014,WH001,,Sale,-34,96.8,0
TXN03838,2023-02-13,PRD014,WH002,,Sale,-15,98.16,0
TXN04424,2023-02-13,PRD016,WH003,,Sale,-11,188.63,0
TXN05604,2023-02-13,PRD020,WH001,,Sale,-93,39.17,0
TXN05882,2023-02-13,PRD021,WH003,,Sale,-52,26.75,0
TXN07355,2023-02-13,PRD026,WH002,,Sale,-29,56.87,0
TXN08220,2023-02-13,PRD029,WH001,,Sale,-40,118.55,0
TXN08221,2023-02-13,PRD029,WH001,,Sale,-71,119.39,0
TXN08875,2023-02-13,PRD032,WH003,,Sale,-1,347.24,0
TXN00307,2023-02-14,PRD002,WH002,,Sale,-28,52.25,0
TXN01481,2023-02-14,PRD006,WH002,,Sale,-24,155.51,0
TXN01774,2023-02-14,PRD007,WH003,,Sale,-21,86.03,0
TXN02357,2023-02-14,PRD009,WH001,,Sale,-167,19.05,0
TXN02936,2023-02-14,PRD011,WH002,,Sale,-39,55.92,0
TXN02942,2023-02-14,PRD011,WH003,SUP001,Return,12,30.4,0
TXN05016,2023-02-14,PRD018,WH003,,Sale,-30,260.77,0
TXN05610,2023-02-14,PRD020,WH003,,Sale,-96,36.68,0
TXN07354,2023-02-14,PRD026,WH002,,Sale,-32,56.74,0
TXN07647,2023-02-14,PRD027,WH001,,Sale,-17,218.24,0
TXN07650,2023-02-14,PRD027,WH002,,Sale,-8,216.72,0
TXN07938,2023-02-14,PRD028,WH002,,Sale,-18,273.94,0
TXN08218,2023-02-14,PRD029,WH001,,Sale,-40,124.7,0
TXN08793,2023-02-14,PRD031,WH002,,Sale,-1,291.04,0
TXN00593,2023-02-15,PRD003,WH001,,Sale,-23,123.91,0
TXN00891,2023-02-15,PRD004,WH003,,Sale,-24,140.59,0
TXN01767,2023-02-15,PRD007,WH002,,Sale,-27,87.02,0
TXN02081,2023-02-15,PRD008,WH002,,Sale,-15,91.36,0
TXN02363,2023-02-15,PRD009,WH003,,Sale,-81,20.64,0
TXN02643,2023-02-15,PRD010,WH002,,Sale,-76,24.8,0
TXN02930,2023-02-15,PRD011,WH001,,Sale,-61,56.29,0
TXN02937,2023-02-15,PRD011,WH002,,Sale,-33,57.58,0
TXN03839,2023-02-15,PRD014,WH003,,Sale,-11,98.16,0
TXN04716,2023-02-15,PRD017,WH002,,Sale,-91,178.99,0
TXN05014,2023-02-15,PRD018,WH002,,Sale,-36,262.29,0
TXN05608,2023-02-15,PRD020,WH002,,Sale,-93,39.66,0
TXN07055,2023-02-15,PRD025,WH001,,Sale,-27,129.11,0
TXN08219,2023-02-15,PRD029,WH001,,Sale,-44,117.16,0
TXN08222,2023-02-15,PRD029,WH002,,Sale,0,124.72,1
TXN08500,2023-02-15,PRD030,WH001,,Sale,-19,136.93,0
TXN08871,2023-02-15,PRD032,WH002,,Sale,-1,339.34,0
TXN08953,2023-02-15,PRD033,WH001,,Sale,-1,1417.5,0
TXN08956,2023-02-15,PRD033,WH001,,Sale,-1,1358.14,0
TXN09144,2023-02-15,PRD035,WH001,,Sale,-1,756.06,0
TXN01184,2023-02-16,PRD005,WH002,,Sale,-40,70.07,0
TXN01185,2023-02-16,PRD005,WH002,,Sale,-53,66.57,0
TXN02084,2023-02-16,PRD008,WH003,,Sale,-12,92.34,0
TXN02644,2023-02-16,PRD010,WH002,,Sale,-102,25.73,0
TXN02933,2023-02-16,PRD011,WH001,,Sale,-33,60.37,0
TXN05013,2023-02-16,PRD018,WH002,,Sale,-35,262.05,0
TXN06749,2023-02-16,PRD024,WH001,,Sale,-22,375.95,0
TXN07939,2023-02-16,PRD028,WH002,,Sale,-19,259.72,0
TXN08505,2023-02-16,PRD030,WH003,,Sale,-15,142.47,0
TXN00599,2023-02-17,PRD003,WH002,,Sale,-20,128.61,0
TXN01181,2023-02-17,PRD005,WH001,,Sale,-204,68.32,0
TXN01765,2023-02-17,PRD007,WH001,,Sale,-78,86.74,0
TXN02648,2023-02-17,PRD010,WH003,,Sale,-38,25.93,0
TXN04419,2023-02-17,PRD016,WH001,,Sale,-26,189.56,0
TXN04421,2023-02-17,PRD016,WH001,,Sale,-17,178.84,0
TXN05012,2023-02-17,PRD018,WH002,,Sale,-21,237.88,0
TXN06177,2023-02-17,PRD022,WH002,,Sale,-61,19.05,0
TXN07358,2023-02-17,PRD026,WH003,,Sale,-18,56.18,0
TXN07937,2023-02-17,PRD028,WH002,,Sale,-19,254.41,0
TXN08870,2023-02-17,PRD032,WH002,,Sale,-1,364.31,0
TXN09147,2023-02-17,PRD035,WH002,,Sale,-1,761.86,0
TXN00890,2023-02-18,PRD004,WH002,,Sale,-37,134.99,0
TXN01485,2023-02-18,PRD006,WH003,,Sale,-10,151.41,0
TXN02078,2023-02-18,PRD008,WH001,,Sale,-11,97.13,0
TXN03836,2023-02-18,PRD014,WH002,,Sale,-24,102.69,0
TXN03837,2023-02-18,PRD014,WH002,,Sale,-22,102.82,0
TXN05015,2023-02-18,PRD018,WH003,,Sale,-15,252.39,0
TXN05609,2023-02-18,PRD020,WH002,,Sale,-153,39.04,0
TXN05611,2023-02-18,PRD020,WH003,,Sale,-71,38.42,0
TXN06176,2023-02-18,PRD022,WH002,,Sale,-146,19.85,0
TXN08960,2023-02-18,PRD033,WH003,,Sale,-1,1290.65,0
TXN09143,2023-02-18,PRD035,WH001,,Sale,-1,778.11,0
TXN00305,2023-02-19,PRD002,WH002,,Sale,-50,49.54,0
TXN00312,2023-02-19,PRD002,WH003,,Sale,-26,52.36,0
TXN00605,2023-02-19,PRD003,WH003,,Sale,-15,133.46,0
TXN01483,2023-02-19,PRD006,WH003,,Sale,-9,153.53,0
TXN02076,2023-02-19,PRD008,WH001,,Sale,-19,97.2,0
TXN02939,2023-02-19,PRD011,WH003,,Sale,-51,57.14,0
TXN03840,2023-02-19,PRD014,WH003,,Sale,-21,100.31,0
TXN04139,2023-02-19,PRD015,WH002,,Sale,-39,49.05,0
TXN04715,2023-02-19,PRD017,WH002,,Sale,-51,181.76,0
TXN04718,2023-02-19,PRD017,WH003,,Sale,-27,170.9,0
TXN05307,2023-02-19,PRD019,WH001,,Sale,-158,78.38,0
TXN06467,2023-02-19,PRD023,WH002,,Sale,-136,22.44,0
TXN07057,2023-02-19,PRD025,WH002,,Sale,-15,139.21,0
TXN07653,2023-02-19,PRD027,WH002,,Sale,-9,221.94,0
TXN08499,2023-02-19,PRD030,WH001,,Sale,-27,143.1,0
TXN08791,2023-02-19,PRD031,WH001,,Sale,-1,275.66,0
TXN09063,2023-02-19,PRD034,WH003,,Sale,-1,523.07,0
TXN09148,2023-02-19,PRD035,WH002,,Sale,-1,787.23,0
TXN00023,2023-02-20,PRD001,WH003,,Sale,-36,27.88,0
TXN02074,2023-02-20,PRD008,WH001,,Sale,-10,98.3,0
TXN02082,2023-02-20,PRD008,WH002,,Sale,-15,93.54,0
TXN03220,2023-02-20,PRD012,WH001,,Sale,-50,148.95,0
TXN06755,2023-02-20,PRD024,WH003,,Sale,-16,389.08,0
TXN07360,2023-02-20,PRD026,WH003,,Sale,-15,56.41,0
TXN07654,2023-02-20,PRD027,WH002,,Sale,-16,224.79,0
TXN08498,2023-02-20,PRD030,WH001,,Sale,-31,141.09,0
TXN08502,2023-02-20,PRD030,WH002,,Sale,-65,139.71,0
TXN08794,2023-02-20,PRD031,WH002,,Sale,-1,293.34,0
TXN00597,2023-02-21,PRD003,WH002,,Sale,-26,134.87,0
TXN01188,2023-02-21,PRD005,WH003,,Sale,-70,72.61,0
TXN01773,2023-02-21,PRD007,WH003,,Sale,-20,87.77,0
TXN02358,2023-02-21,PRD009,WH001,,Sale,-180,20.5,0
TXN02361,2023-02-21,PRD009,WH002,,Sale,-121,20.5,0
TXN05310,2023-02-21,PRD019,WH002,,Sale,-51,75.76,0
TXN06171,2023-02-21,PRD022,WH001,,Sale,-123,20.79,0
TXN06752,2023-02-21,PRD024,WH002,,Sale,-28,372.56,0
TXN07348,2023-02-21,PRD026,WH001,,Sale,-40,55.95,0
TXN07933,2023-02-21,PRD028,WH001,,Sale,-54,274.28,0
TXN00888,2023-02-22,PRD004,WH002,,Sale,-39,138.02,0
TXN00889,2023-02-22,PRD004,WH002,,Sale,-32,142.81,0
TXN01775,2023-02-22,PRD007,WH003,,Sale,-15,87.62,0
TXN02086,2023-02-22,PRD008,WH003,,Sale,-12,96.49,0
TXN02640,2023-02-22,PRD010,WH001,,Sale,-75,24.38,0
TXN02642,2023-02-22,PRD010,WH002,,Sale,-75,24.04,0
TXN02934,2023-02-22,PRD011,WH002,,Sale,-54,56.48,0
TXN03537,2023-02-22,PRD013,WH002,,Sale,-67,33.33,0
TXN03835,2023-02-22,PRD014,WH001,,Sale,-19,97.06,0
TXN05006,2023-02-22,PRD018,WH001,,Sale,-37,253.92,0
TXN06468,2023-02-22,PRD023,WH003,,Sale,-90,21.86,0
TXN07054,2023-02-22,PRD025,WH001,,Sale,-27,137.94,0
TXN09149,2023-02-22,PRD035,WH003,,Sale,-1,741.52,0
TXN00018,2023-02-23,PRD001,WH001,,Sale,-149,27.29,0
TXN00025,2023-02-23,PRD001,WH003,,Sale,-40,28.24,0
TXN00595,2023-02-23,PRD003,WH001,,Sale,-39,131.9,0
TXN00884,2023-02-23,PRD004,WH001,,Sale,-37,133.78,0
TXN01183,2023-02-23,PRD005,WH002,,Sale,-62,72.5,0
TXN01189,2023-02-23,PRD005,WH003,,Sale,-32,69.88,0
TXN01769,2023-02-23,PRD007,WH002,,Sale,-30,87.22,0
TXN02359,2023-02-23,PRD009,WH001,,Sale,-142,19.8,0
TXN02647,2023-02-23,PRD010,WH003,,Sale,-48,25.79,0
TXN02929,2023-02-23,PRD011,WH001,,Sale,-39,59.88,0
TXN03224,2023-02-23,PRD012,WH002,,Sale,-42,147.95,0
TXN03228,2023-02-23,PRD012,WH003,,Sale,-26,138.09,0
TXN03532,2023-02-23,PRD013,WH001,,Sale,-46,33.51,0
TXN03533,2023-02-23,PRD013,WH001,,Sale,-84,34.7,0
TXN03538,2023-02-23,PRD013,WH003,,Sale,-68,34.35,0
TXN04137,2023-02-23,PRD015,WH001,,Sale,-69,48.9,0
TXN05308,2023-02-23,PRD019,WH001,,Sale,-171,75.92,0
TXN05879,2023-02-23,PRD021,WH001,,Sale,-197,27.74,0
TXN06750,2023-02-23,PRD024,WH001,,Sale,-31,368.92,0
TXN06754,2023-02-23,PRD024,WH003,,Sale,-14,375.17,0
TXN07059,2023-02-23,PRD025,WH002,,Sale,-21,139.1,0
TXN07060,2023-02-23,PRD025,WH002,,Sale,-13,131.41,0
TXN08497,2023-02-23,PRD030,WH001,,Sale,-26,133.98,0
TXN08501,2023-02-23,PRD030,WH002,,Sale,-81,144.72,0
TXN08955,2023-02-23,PRD033,WH001,,Sale,-1,1349.4,0
TXN09055,2023-02-23,PRD034,WH001,,Sale,-1,566.87,0
TXN00020,2023-02-24,PRD001,WH002,,Sale,-118,26.76,0
TXN00594,2023-02-24,PRD003,WH001,,Sale,-33,125.26,0
TXN01180,2023-02-24,PRD005,WH001,,Sale,-180,70.63,0
TXN01478,2023-02-24,PRD006,WH001,,Sale,-8,157.03,0
TXN01766,2023-02-24,PRD007,WH001,,Sale,-120,82.49,0
TXN02638,2023-02-24,PRD010,WH001,,Sale,-83,24.25,0
TXN03539,2023-02-24,PRD013,WH003,,Sale,-65,34.81,0
TXN04425,2023-02-24,PRD016,WH003,,Sale,-18,184.12,0
TXN06180,2023-02-24,PRD022,WH003,,Sale,-45,19.67,0
TXN07065,2023-02-24,PRD025,WH003,,Sale,-12,133.01,0
TXN07646,2023-02-24,PRD027,WH001,,Sale,-22,226.25,0
TXN08795,2023-02-24,PRD031,WH002,,Sale,-1,268.08,0
TXN08869,2023-02-24,PRD032,WH002,,Sale,-1,340.73,0
TXN09150,2023-02-24,PRD035,WH003,,Sale,-1,742.84,0
TXN00021,2023-02-25,PRD001,WH002,,Sale,-105,27.48,0
TXN01186,2023-02-25,PRD005,WH002,,Sale,-51,73.37,0
TXN05017,2023-02-25,PRD018,WH003,,Sale,-23,244.33,0
TXN05312,2023-02-25,PRD019,WH002,,Sale,-43,73.05,0
TXN05607,2023-02-25,PRD020,WH002,,Sale,-110,39.8,0
TXN06173,2023-02-25,PRD022,WH001,,Sale,-128,20.12,0
TXN06178,2023-02-25,PRD022,WH003,,Sale,-70,19.54,0
TXN07061,2023-02-25,PRD025,WH003,,Sale,-9,135.47,0
TXN07064,2023-02-25,PRD025,WH003,,Sale,-10,138.24,0
TXN07351,2023-02-25,PRD026,WH001,,Sale,-28,56.22,0
TXN07658,2023-02-25,PRD027,WH003,,Sale,-9,216.34,0
TXN08504,2023-02-25,PRD030,WH003,,Sale,-30,144.99,0
TXN09058,2023-02-25,PRD034,WH002,,Sale,-1,547.87,0
TXN09062,2023-02-25,PRD034,WH003,,Sale,-1,527.78,0
TXN01772,2023-02-26,PRD007,WH003,,Sale,-18,81.79,0
TXN04143,2023-02-26,PRD015,WH003,,Sale,-20,47.44,0
TXN04710,2023-02-26,PRD017,WH001,,Sale,-26,178.58,0
TXN04714,2023-02-26,PRD017,WH001,,Sale,-32,171.99,0
TXN05883,2023-02-26,PRD021,WH003,,Sale,-85,27.23,0
TXN06464,2023-02-26,PRD023,WH001,,Sale,-162,22.1,0
TXN07350,2023-02-26,PRD026,WH001,,Sale,-38,56.42,0
TXN08872,2023-02-26,PRD032,WH002,,Sale,-1,354.72,0
TXN09059,2023-02-26,PRD034,WH002,,Sale,-1,532.72,0
TXN09146,2023-02-26,PRD035,WH002,,Sale,-1,762.21,0
TXN00598,2023-02-27,PRD003,WH002,,Sale,-17,128.02,0
TXN00887,2023-02-27,PRD004,WH001,,Sale,-21,135.43,0
TXN01476,2023-02-27,PRD006,WH001,,Sale,-10,148.31,0
TXN01768,2023-02-27,PRD007,WH002,,Sale,-45,88.9,0
TXN02641,2023-02-27,PRD010,WH001,,Sale,-103,25.87,0
TXN03223,2023-02-27,PRD012,WH002,,Sale,-78,138.98,0
TXN04717,2023-02-27,PRD017,WH003,,Sale,0,171.8,1
TXN05878,2023-02-27,PRD021,WH001,,Sale,-125,29.18,0
TXN06175,2023-02-27,PRD022,WH002,,Sale,-84,19.49,0
TXN06469,2023-02-27,PRD023,WH003,,Sale,-110,21.35,0
TXN07353,2023-02-27,PRD026,WH002,,Sale,-29,53.17,0
TXN07649,2023-02-27,PRD027,WH001,,Sale,-15,219.56,0
TXN07940,2023-02-27,PRD028,WH003,,Sale,-25,264.91,0
TXN08866,2023-02-27,PRD032,WH001,,Sale,-1,336.44,0
TXN09054,2023-02-27,PRD034,WH001,,Sale,-1,527.51,0
TXN00027,2023-03-02,PRD001,WH001,SUP001,Purchase,861,18.0,0
TXN00607,2023-03-02,PRD003,WH001,SUP001,Purchase,367,83.26,0
TXN01782,2023-03-02,PRD007,WH002,SUP002,Purchase,362,54.08,0
TXN02366,2023-03-02,PRD009,WH001,SUP005,Purchase,1022,12.17,0
TXN02374,2023-03-02,PRD009,WH002,,Sale,-78,19.67,0
TXN03232,2023-03-02,PRD012,WH001,,Sale,-32,152.15,0
TXN03244,2023-03-02,PRD012,WH003,,Sale,-19,141.64,0
TXN03842,2023-03-02,PRD014,WH001,SUP002,Purchase,162,64.12,0
TXN04148,2023-03-02,PRD015,WH002,SUP003,Purchase,336,29.37,0
TXN04153,2023-03-02,PRD015,WH003,SUP003,Purchase,243,30.1,0
TXN05888,2023-03-02,PRD021,WH002,SUP004,Purchase,545,18.12,0
TXN06470,2023-03-02,PRD023,WH001,SUP006,Purchase,749,14.48,0
TXN06756,2023-03-02,PRD024,WH001,SUP006,Purchase,223,290.01,0
TXN06762,2023-03-02,PRD024,WH002,,Sale,-8,373.79,0
TXN06770,2023-03-02,PRD024,WH003,,Sale,-11,388.97,0
TXN07072,2023-03-02,PRD025,WH002,SUP006,Purchase,182,94.29,0
TXN08510,2023-03-02,PRD030,WH001,,Sale,-40,142.03,0
TXN08886,2023-03-02,PRD032,WH003,,Sale,-1,362.59,0
TXN08966,2023-03-02,PRD033,WH002,SUP009,Purchase,5,872.38,0
TXN08967,2023-03-02,PRD033,WH002,,Sale,-1,1394.82,0
TXN08970,2023-03-02,PRD033,WH003,SUP009,Purchase,5,851.89,0
TXN09064,2023-03-02,PRD034,WH001,SUP008,Purchase,5,356.94,0
TXN00031,2023-03-03,PRD001,WH002,SUP001,Purchase,507,18.26,0
TXN00898,2023-03-03,PRD004,WH002,SUP002,Purchase,219,89.09,0
TXN01190,2023-03-03,PRD005,WH001,SUP002,Purchase,751,44.15,0
TXN02370,2023-03-03,PRD009,WH002,SUP005,Purchase,1079,11.89,0
TXN02371,2023-03-03,PRD009,WH002,,Sale,-109,20.54,0
TXN02375,2023-03-03,PRD009,WH003,SUP005,Purchase,487,11.73,0
TXN02655,2023-03-03,PRD010,WH002,SUP005,Purchase,594,14.61,0
TXN03545,2023-03-03,PRD013,WH002,,Sale,-39,36.61,0
TXN03549,2023-03-03,PRD013,WH003,SUP002,Purchase,326,22.06,0
TXN03852,2023-03-03,PRD014,WH003,,Sale,-11,96.36,0
TXN04431,2023-03-03,PRD016,WH002,SUP002,Purchase,123,122.17,0
TXN04719,2023-03-03,PRD017,WH001,SUP004,Purchase,462,127.75,0
TXN05612,2023-03-03,PRD020,WH001,SUP003,Purchase,1064,25.3,0
TXN05613,2023-03-03,PRD020,WH001,,Sale,-122,36.93,0
TXN06184,2023-03-03,PRD022,WH002,SUP010,Purchase,746,12.39,0
TXN06473,2023-03-03,PRD023,WH001,,Sale,-60,22.01,0
TXN06476,2023-03-03,PRD023,WH002,SUP006,Purchase,885,14.11,0
TXN06760,2023-03-03,PRD024,WH002,SUP006,Purchase,154,289.44,0
TXN06766,2023-03-03,PRD024,WH003,SUP006,Purchase,103,273.91,0
TXN07066,2023-03-03,PRD025,WH001,SUP006,Purchase,190,95.0,0
TXN07361,2023-03-03,PRD026,WH001,SUP010,Purchase,476,35.24,0
TXN07366,2023-03-03,PRD026,WH002,SUP010,Purchase,326,34.76,0
TXN07660,2023-03-03,PRD027,WH001,,Sale,-24,222.89,0
TXN07662,2023-03-03,PRD027,WH001,,Sale,-24,214.73,0
TXN07663,2023-03-03,PRD027,WH002,SUP009,Purchase,96,144.84,0
TXN07952,2023-03-03,PRD028,WH003,SUP006,Purchase,95,187.02,0
TXN07953,2023-03-03,PRD028,WH003,,Sale,-15,259.22,0
TXN08233,2023-03-03,PRD029,WH003,SUP008,Purchase,235,79.18,0
TXN08237,2023-03-03,PRD029,WH003,,Sale,-11,125.96,0
TXN08238,2023-03-03,PRD029,WH003,,Sale,-19,120.09,0
TXN08509,2023-03-03,PRD030,WH001,,Sale,-38,142.96,0
TXN08808,2023-03-03,PRD031,WH003,,Sale,-1,276.13,0
TXN08877,2023-03-03,PRD032,WH001,,Sale,-1,346.51,0
TXN09154,2023-03-03,PRD035,WH002,SUP009,Purchase,5,496.95,0
TXN00317,2023-03-04,PRD002,WH002,SUP001,Purchase,514,31.0,0
TXN00894,2023-03-04,PRD004,WH001,SUP002,Purchase,319,88.85,0
TXN00904,2023-03-04,PRD004,WH003,SUP002,Purchase,145,89.12,0
TXN01500,2023-03-04,PRD006,WH003,,Sale,-5,144.21,0
TXN01777,2023-03-04,PRD007,WH001,,Sale,-47,81.68,0
TXN02373,2023-03-04,PRD009,WH002,,Sale,-78,19.03,0
TXN02943,2023-03-04,PRD011,WH001,SUP001,Purchase,540,38.84,0
TXN02951,2023-03-04,PRD011,WH003,SUP001,Purchase,339,37.57,0
TXN03548,2023-03-04,PRD013,WH002,,Sale,-27,35.23,0
TXN04437,2023-03-04,PRD016,WH003,,Sale,-9,178.59,0
TXN05018,2023-03-04,PRD018,WH001,SUP004,Purchase,433,197.16,0
TXN05024,2023-03-04,PRD018,WH002,SUP004,Purchase,301,192.95,0
TXN05031,2023-03-04,PRD018,WH003,,Sale,-13,240.29,0
TXN05884,2023-03-04,PRD021,WH001,SUP004,Purchase,787,17.54,0
TXN06181,2023-03-04,PRD022,WH001,SUP010,Purchase,1282,12.43,0
TXN06190,2023-03-04,PRD022,WH003,SUP010,Purchase,533,12.43,0
TXN06479,2023-03-04,PRD023,WH003,SUP006,Purchase,324,14.35,0
TXN07368,2023-03-04,PRD026,WH002,,Sale,-34,55.92,0
TXN07370,2023-03-04,PRD026,WH003,SUP010,Purchase,202,35.73,0
TXN07659,2023-03-04,PRD027,WH001,SUP009,Purchase,149,154.97,0
TXN07665,2023-03-04,PRD027,WH002,,Sale,-22,210.73,0
TXN08506,2023-03-04,PRD030,WH001,SUP008,Purchase,446,95.1,0
TXN08882,2023-03-04,PRD032,WH002,,Sale,-1,345.45,0
TXN08887,2023-03-04,PRD032,WH003,,Sale,-1,335.63,0
TXN08961,2023-03-04,PRD033,WH001,SUP009,Purchase,5,852.8,0
TXN00035,2023-03-05,PRD001,WH002,,Sale,0,29.04,1
TXN00313,2023-03-05,PRD002,WH001,SUP001,Purchase,806,30.9,0
TXN02658,2023-03-05,PRD010,WH003,SUP005,Purchase,439,15.59,0
TXN03241,2023-03-05,PRD012,WH003,SUP001,Purchase,242,91.65,0
TXN03851,2023-03-05,PRD014,WH003,SUP002,Purchase,85,67.48,0
TXN04150,2023-03-05,PRD015,WH002,,Sale,-29,49.67,0
TXN04427,2023-03-05,PRD016,WH001,SUP002,Purchase,210,116.85,0
TXN04436,2023-03-05,PRD016,WH003,,Sale,-15,177.32,0
TXN04721,2023-03-05,PRD017,WH001,,Sale,-86,178.43,0
TXN05620,2023-03-05,PRD020,WH003,SUP003,Purchase,515,25.1,0
TXN05892,2023-03-05,PRD021,WH002,,Sale,-51,27.23,0
TXN05897,2023-03-05,PRD021,WH003,,Sale,-25,27.67,0
TXN05898,2023-03-05,PRD021,WH003,,Sale,-19,28.21,0
TXN06187,2023-03-05,PRD022,WH002,,Sale,-77,20.17,0
TXN07074,2023-03-05,PRD025,WH002,,Sale,-28,133.53,0
TXN07367,2023-03-05,PRD026,WH002,,Sale,-34,57.74,0
TXN07372,2023-03-05,PRD026,WH003,,Sale,-19,55.06,0
TXN07943,2023-03-05,PRD028,WH001,,Sale,-36,254.7,0
TXN08234,2023-03-05,PRD029,WH003,,Sale,0,115.72,1
TXN08803,2023-03-05,PRD031,WH002,SUP009,Purchase,5,175.28,0
TXN08883,2023-03-05,PRD032,WH002,,Sale,-1,357.24,0
TXN09153,2023-03-05,PRD035,WH001,,Sale,-1,742.87,0
TXN00316,2023-03-06,PRD002,WH001,,Sale,-148,52.44,0
TXN00609,2023-03-06,PRD003,WH001,,Sale,-103,130.05,0
TXN00619,2023-03-06,PRD003,WH003,,Sale,-20,133.98,0
TXN01200,2023-03-06,PRD005,WH003,,Sale,-22,69.58,0
TXN01781,2023-03-06,PRD007,WH001,,Sale,-67,84.78,0
TXN02090,2023-03-06,PRD008,WH001,,Sale,-28,91.9,0
TXN02657,2023-03-06,PRD010,WH002,,Sale,-196,24.43,0
TXN02950,2023-03-06,PRD011,WH002,,Sale,-61,60.78,0
TXN03542,2023-03-06,PRD013,WH001,,Sale,-103,33.67,0
TXN04145,2023-03-06,PRD015,WH001,SUP003,Purchase,602,30.74,0
TXN04429,2023-03-06,PRD016,WH001,,Sale,-23,181.21,0
TXN04433,2023-03-06,PRD016,WH002,,Sale,-20,188.48,0
TXN05025,2023-03-06,PRD018,WH002,,Sale,-27,240.59,0
TXN05032,2023-03-06,PRD018,WH003,,Sale,-23,260.87,0
TXN05320,2023-03-06,PRD019,WH002,SUP007,Purchase,606,58.0,0
TXN05327,2023-03-06,PRD019,WH003,,Sale,-85,71.84,0
TXN05885,2023-03-06,PRD021,WH001,,Sale,-74,27.56,0
TXN05895,2023-03-06,PRD021,WH003,,Sale,-32,27.36,0
TXN06193,2023-03-06,PRD022,WH003,,Sale,-57,20.4,0
TXN07073,2023-03-06,PRD025,WH002,,Sale,-45,130.03,0
TXN07078,2023-03-06,PRD025,WH003,,Sale,-9,129.22,0
TXN07365,2023-03-06,PRD026,WH001,,Sale,-40,54.86,0
TXN07950,2023-03-06,PRD028,WH002,,Sale,-18,271.37,0
TXN08235,2023-03-06,PRD029,WH003,,Sale,-20,125.45,0
TXN08512,2023-03-06,PRD030,WH002,SUP008,Purchase,337,97.14,0
TXN08800,2023-03-06,PRD031,WH001,SUP009,Purchase,5,179.47,0
TXN08801,2023-03-06,PRD031,WH001,,Sale,-1,274.41,0
TXN08876,2023-03-06,PRD032,WH001,SUP009,Purchase,5,212.93,0
TXN08880,2023-03-06,PRD032,WH002,SUP009,Purchase,5,217.51,0
TXN00319,2023-03-07,PRD002,WH002,,Sale,-109,48.83,0
TXN00610,2023-03-07,PRD003,WH002,SUP001,Purchase,263,85.53,0
TXN00615,2023-03-07,PRD003,WH003,SUP001,Purchase,129,88.0,0
TXN00617,2023-03-07,PRD003,WH003,,Sale,-13,133.31,0
TXN01199,2023-03-07,PRD005,WH003,SUP002,Purchase,311,44.95,0
TXN01202,2023-03-07,PRD005,WH003,,Sale,-29,67.6,0
TXN01785,2023-03-07,PRD007,WH003,SUP002,Purchase,232,54.94,0
TXN01790,2023-03-07,PRD007,WH003,,Sale,-17,86.8,0
TXN02094,2023-03-07,PRD008,WH002,,Sale,-18,91.91,0
TXN02376,2023-03-07,PRD009,WH003,,Sale,-156,20.45,0
TXN02650,2023-03-07,PRD010,WH001,,Sale,-60,23.76,0
TXN02946,2023-03-07,PRD011,WH002,SUP001,Purchase,500,37.87,0
TXN03238,2023-03-07,PRD012,WH002,,Sale,-27,140.76,0
TXN03845,2023-03-07,PRD014,WH002,SUP002,Purchase,156,65.43,0
TXN03847,2023-03-07,PRD014,WH002,,Sale,-16,104.01,0
TXN04147,2023-03-07,PRD015,WH001,,Sale,-75,50.0,0
TXN04428,2023-03-07,PRD016,WH001,,Sale,-18,179.37,0
TXN04434,2023-03-07,PRD016,WH002,,Sale,-20,184.51,0
TXN04435,2023-03-07,PRD016,WH003,SUP002,Purchase,65,115.54,0
TXN04726,2023-03-07,PRD017,WH003,SUP004,Purchase,157,130.6,0
TXN05019,2023-03-07,PRD018,WH001,,Sale,-31,238.84,0
TXN05615,2023-03-07,PRD020,WH001,,Sale,-136,38.78,0
TXN05616,2023-03-07,PRD020,WH002,SUP003,Purchase,590,25.87,0
TXN05619,2023-03-07,PRD020,WH002,,Sale,-129,37.13,0
TXN05621,2023-03-07,PRD020,WH003,,Sale,-104,39.61,0
TXN06482,2023-03-07,PRD023,WH003,,Sale,-28,22.35,0
TXN06758,2023-03-07,PRD024,WH001,,Sale,0,388.63,1
TXN06763,2023-03-07,PRD024,WH002,,Sale,-15,363.92,0
TXN08516,2023-03-07,PRD030,WH002,,Sale,-25,143.41,0
TXN08517,2023-03-07,PRD030,WH003,SUP008,Purchase,149,93.36,0
TXN09073,2023-03-07,PRD034,WH003,SUP008,Purchase,5,353.88,0
TXN09151,2023-03-07,PRD035,WH001,SUP009,Purchase,6,467.07,0
TXN00320,2023-03-08,PRD002,WH003,SUP001,Purchase,234,32.07,0
TXN00608,2023-03-08,PRD003,WH001,,Sale,-64,133.31,0
TXN01492,2023-03-08,PRD006,WH002,SUP002,Purchase,98,93.44,0
TXN01497,2023-03-08,PRD006,WH003,,Sale,-5,155.74,0
TXN01779,2023-03-08,PRD007,WH001,,Sale,-46,85.18,0
TXN02087,2023-03-08,PRD008,WH001,SUP003,Purchase,238,61.6,0
TXN02096,2023-03-08,PRD008,WH003,SUP003,Purchase,75,58.15,0
TXN02368,2023-03-08,PRD009,WH001,,Sale,-214,19.88,0
TXN02649,2023-03-08,PRD010,WH001,SUP005,Purchase,972,15.07,0
TXN02953,2023-03-08,PRD011,WH003,,Sale,-54,60.44,0
TXN03235,2023-03-08,PRD012,WH002,SUP001,Purchase,519,97.06,0
TXN03843,2023-03-08,PRD014,WH001,,Sale,-52,102.44,0
TXN05029,2023-03-08,PRD018,WH003,SUP004,Purchase,182,191.17,0
TXN05893,2023-03-08,PRD021,WH003,SUP004,Purchase,234,17.39,0
TXN07667,2023-03-08,PRD027,WH003,SUP009,Purchase,75,154.0,0
TXN07945,2023-03-08,PRD028,WH001,,Sale,-24,251.79,0
TXN07946,2023-03-08,PRD028,WH002,SUP006,Purchase,166,191.22,0
TXN08806,2023-03-08,PRD031,WH003,SUP009,Purchase,5,176.16,0
TXN08885,2023-03-08,PRD032,WH003,SUP009,Purchase,5,220.69,0
TXN09152,2023-03-08,PRD035,WH001,,Sale,-1,771.95,0
TXN00314,2023-03-09,PRD002,WH001,,Sale,-131,49.14,0
TXN00322,2023-03-09,PRD002,WH003,,Sale,-58,52.23,0
TXN01198,2023-03-09,PRD005,WH002,,Sale,-57,70.11,0
TXN01487,2023-03-09,PRD006,WH001,,Sale,-8,150.28,0
TXN01776,2023-03-09,PRD007,WH001,SUP002,Purchase,581,53.18,0
TXN01787,2023-03-09,PRD007,WH003,,Sale,-24,84.87,0
TXN02092,2023-03-09,PRD008,WH002,SUP003,Purchase,160,59.06,0
TXN02372,2023-03-09,PRD009,WH002,,Sale,-117,19.75,0
TXN02654,2023-03-09,PRD010,WH001,,Sale,-56,24.49,0
TXN03229,2023-03-09,PRD012,WH001,SUP001,Purchase,476,94.06,0
TXN03540,2023-03-09,PRD013,WH001,SUP002,Purchase,584,21.76,0
TXN04146,2023-03-09,PRD015,WH001,,Sale,-107,46.76,0
TXN04438,2023-03-09,PRD016,WH003,,Sale,-10,188.69,0
TXN05020,2023-03-09,PRD018,WH001,,Sale,-27,255.89,0
TXN05324,2023-03-09,PRD019,WH002,,Sale,-39,74.52,0
TXN07075,2023-03-09,PRD025,WH003,SUP006,Purchase,112,91.38,0
TXN07076,2023-03-09,PRD025,WH003,,Sale,-7,130.08,0
TXN08226,2023-03-09,PRD029,WH001,SUP008,Purchase,547,78.14,0
TXN08229,2023-03-09,PRD029,WH001,,Sale,-53,123.25,0
TXN08230,2023-03-09,PRD029,WH002,SUP008,Purchase,388,81.89,0
TXN08972,2023-03-09,PRD033,WH003,,Sale,-1,1304.67,0
TXN08975,2023-03-09,PRD033,WH003,,Sale,-1,1319.35,0
TXN09068,2023-03-09,PRD034,WH002,SUP008,Purchase,5,350.39,0
TXN09157,2023-03-09,PRD035,WH003,SUP009,Purchase,5,495.63,0
TXN00036,2023-03-10,PRD001,WH003,SUP001,Purchase,345,18.16,0
TXN00612,2023-03-10,PRD003,WH002,,Sale,-24,124.29,0
TXN01194,2023-03-10,PRD005,WH002,SUP002,Purchase,647,45.48,0
TXN01486,2023-03-10,PRD006,WH001,SUP002,Purchase,148,92.03,0
TXN01495,2023-03-10,PRD006,WH003,SUP002,Purchase,48,92.23,0
TXN02097,2023-03-10,PRD008,WH003,,Sale,-9,99.69,0
TXN02099,2023-03-10,PRD008,WH003,,Sale,-14,98.77,0
TXN03541,2023-03-10,PRD013,WH001,,Sale,-97,35.36,0
TXN03544,2023-03-10,PRD013,WH002,SUP002,Purchase,530,21.23,0
TXN04722,2023-03-10,PRD017,WH002,SUP004,Purchase,339,125.43,0
TXN04729,2023-03-10,PRD017,WH003,,Sale,-15,171.48,0
TXN05027,2023-03-10,PRD018,WH002,,Sale,-33,246.55,0
TXN05028,2023-03-10,PRD018,WH002,,Sale,-47,238.68,0
TXN05317,2023-03-10,PRD019,WH001,SUP007,Purchase,882,58.0,0
TXN05326,2023-03-10,PRD019,WH003,SUP007,Purchase,316,57.45,0
TXN06185,2023-03-10,PRD022,WH002,,Sale,-73,20.28,0
TXN06192,2023-03-10,PRD022,WH003,,Sale,-66,19.77,0
TXN06480,2023-03-10,PRD023,WH003,,Sale,-26,22.12,0
TXN07942,2023-03-10,PRD028,WH001,SUP006,Purchase,190,181.21,0
TXN08514,2023-03-10,PRD030,WH002,,Sale,-35,134.54,0
TXN08520,2023-03-10,PRD030,WH003,,Sale,-35,136.49,0
TXN00032,2023-03-11,PRD001,WH002,,Sale,-82,27.82,0
TXN01490,2023-03-11,PRD006,WH001,,Sale,-9,149.09,0
TXN01780,2023-03-11,PRD007,WH001,,Sale,-70,84.29,0
TXN01789,2023-03-11,PRD007,WH003,,Sale,-14,84.63,0
TXN03844,2023-03-11,PRD014,WH001,,Sale,-42,103.41,0
TXN03846,2023-03-11,PRD014,WH002,,Sale,-15,98.03,0
TXN05033,2023-03-11,PRD018,WH003,,Sale,-17,256.74,0
TXN06183,2023-03-11,PRD022,WH001,,Sale,-143,20.18,0
TXN07362,2023-03-11,PRD026,WH001,,Sale,-37,54.14,0
TXN07955,2023-03-11,PRD028,WH003,,Sale,-11,254.48,0
TXN08236,2023-03-11,PRD029,WH003,,Sale,-23,118.04,0
TXN08804,2023-03-11,PRD031,WH002,,Sale,-1,290.59,0
TXN00895,2023-03-12,PRD004,WH001,,Sale,-57,133.83,0
TXN00899,2023-03-12,PRD004,WH002,,Sale,-18,134.91,0
TXN01498,2023-03-12,PRD006,WH003,,Sale,-3,152.88,0
TXN02660,2023-03-12,PRD010,WH003,,Sale,-79,23.96,0
TXN03242,2023-03-12,PRD012,WH003,,Sale,-16,149.85,0
TXN03246,2023-03-12,PRD012,WH003,,Sale,-27,151.66,0
TXN03546,2023-03-12,PRD013,WH002,,Sale,-51,36.02,0
TXN04155,2023-03-12,PRD015,WH003,,Sale,-20,45.7,0
TXN05021,2023-03-12,PRD018,WH001,,Sale,-32,243.2,0
TXN05323,2023-03-12,PRD019,WH002,,Sale,-60,78.35,0
TXN05618,2023-03-12,PRD020,WH002,,Sale,-88,38.5,0
TXN06481,2023-03-12,PRD023,WH003,,Sale,-32,21.26,0
TXN07668,2023-03-12,PRD027,WH003,,Sale,-10,220.05,0
TXN08878,2023-03-12,PRD032,WH001,,Sale,-1,344.58,0
TXN09159,2023-03-12,PRD035,WH003,,Sale,-1,732.27,0
TXN00039,2023-03-13,PRD001,WH003,,Sale,-36,29.06,0
TXN02093,2023-03-13,PRD008,WH002,,Sale,-30,98.62,0
TXN02659,2023-03-13,PRD010,WH003,,Sale,-37,25.33,0
TXN03233,2023-03-13,PRD012,WH001,,Sale,-47,148.81,0
TXN04157,2023-03-13,PRD015,WH003,,Sale,-21,46.29,0
TXN04723,2023-03-13,PRD017,WH002,,Sale,-35,168.52,0
TXN05318,2023-03-13,PRD019,WH001,,Sale,-171,77.73,0
TXN05328,2023-03-13,PRD019,WH003,,Sale,-47,71.42,0
TXN07369,2023-03-13,PRD026,WH002,,Sale,-65,57.55,0
TXN08227,2023-03-13,PRD029,WH001,,Sale,-38,120.35,0
TXN08518,2023-03-13,PRD030,WH003,,Sale,-23,146.91,0
TXN09160,2023-03-13,PRD035,WH003,,Sale,-1,714.74,0
TXN01196,2023-03-14,PRD005,WH002,,Sale,-65,69.06,0
TXN03543,2023-03-14,PRD013,WH001,,Sale,-57,36.07,0
TXN03853,2023-03-14,PRD014,WH003,,Sale,-15,99.77,0
TXN04152,2023-03-14,PRD015,WH002,,Sale,-48,49.68,0
TXN04156,2023-03-14,PRD015,WH003,,Sale,-20,49.62,0
TXN04725,2023-03-14,PRD017,WH002,,Sale,-54,169.1,0
TXN05319,2023-03-14,PRD019,WH001,,Sale,-154,78.12,0
TXN05617,2023-03-14,PRD020,WH002,,Sale,-86,36.82,0
TXN06182,2023-03-14,PRD022,WH001,,Sale,-257,19.4,0
TXN06764,2023-03-14,PRD024,WH002,,Sale,0,382.45,1
TXN06767,2023-03-14,PRD024,WH003,,Sale,-10,387.56,0
TXN08519,2023-03-14,PRD030,WH003,,Sale,-18,133.43,0
TXN00028,2023-03-15,PRD001,WH001,,Sale,-175,28.27,0
TXN00614,2023-03-15,PRD003,WH002,,Sale,-22,130.73,0
TXN00616,2023-03-15,PRD003,WH003,,Sale,-13,128.81,0
TXN00900,2023-03-15,PRD004,WH002,,Sale,-16,144.09,0
TXN01784,2023-03-15,PRD007,WH002,,Sale,-72,85.67,0
TXN02952,2023-03-15,PRD011,WH003,,Sale,-63,57.18,0
TXN03848,2023-03-15,PRD014,WH002,,Sale,-10,96.18,0
TXN03849,2023-03-15,PRD014,WH002,,Sale,-17,96.58,0
TXN04154,2023-03-15,PRD015,WH003,,Sale,-22,49.39,0
TXN05614,2023-03-15,PRD020,WH001,,Sale,-113,36.18,0
TXN05891,2023-03-15,PRD021,WH002,,Sale,-69,28.4,0
TXN06194,2023-03-15,PRD022,WH003,,Sale,-44,19.24,0
TXN07067,2023-03-15,PRD025,WH001,,Sale,-18,132.84,0
TXN07069,2023-03-15,PRD025,WH001,,Sale,-25,129.15,0
TXN07371,2023-03-15,PRD026,WH003,,Sale,-17,52.41,0
TXN08228,2023-03-15,PRD029,WH001,,Sale,-78,117.98,0
TXN08964,2023-03-15,PRD033,WH001,,Sale,-1,1324.0,0
TXN08971,2023-03-15,PRD033,WH003,,Sale,-1,1383.95,0
TXN09065,2023-03-15,PRD034,WH001,,Sale,-1,539.52,0
TXN09072,2023-03-15,PRD034,WH002,,Sale,-1,538.59,0
TXN09075,2023-03-15,PRD034,WH003,,Sale,-1,546.44,0
TXN01192,2023-03-16,PRD005,WH001,,Sale,-97,72.67,0
TXN01493,2023-03-16,PRD006,WH002,,Sale,-27,154.95,0
TXN01496,2023-03-16,PRD006,WH003,,Sale,-3,151.35,0
TXN02944,2023-03-16,PRD011,WH001,,Sale,-145,57.95,0
TXN03234,2023-03-16,PRD012,WH001,,Sale,-41,141.0,0
TXN04151,2023-03-16,PRD015,WH002,,Sale,-37,47.72,0
TXN04430,2023-03-16,PRD016,WH001,,Sale,-24,179.92,0
TXN04720,2023-03-16,PRD017,WH001,,Sale,-70,172.95,0
TXN06186,2023-03-16,PRD022,WH002,,Sale,-63,19.68,0
TXN06188,2023-03-16,PRD022,WH002,,Sale,-41,19.15,0
TXN06484,2023-03-16,PRD023,WH003,,Sale,-34,22.66,0
TXN07373,2023-03-16,PRD026,WH003,,Sale,-28,54.41,0
TXN07669,2023-03-16,PRD027,WH003,,Sale,-18,226.33,0
TXN08515,2023-03-16,PRD030,WH002,,Sale,-36,138.64,0
TXN08879,2023-03-16,PRD032,WH001,,Sale,-1,349.33,0
TXN09066,2023-03-16,PRD034,WH001,,Sale,-1,565.05,0
TXN02091,2023-03-17,PRD008,WH001,,Sale,-18,91.21,0
TXN03850,2023-03-17,PRD014,WH002,,Sale,-11,102.0,0
TXN04730,2023-03-17,PRD017,WH003,,Sale,-12,178.61,0
TXN06189,2023-03-17,PRD022,WH002,,Sale,-52,19.74,0
TXN07077,2023-03-17,PRD025,WH003,,Sale,-7,129.91,0
TXN07951,2023-03-17,PRD028,WH002,,Sale,-19,262.91,0
TXN08231,2023-03-17,PRD029,WH002,,Sale,-58,122.25,0
TXN08511,2023-03-17,PRD030,WH001,,Sale,-25,141.22,0
TXN09069,2023-03-17,PRD034,WH002,,Sale,-1,577.04,0
TXN09074,2023-03-17,PRD034,WH003,,Sale,-1,567.3,0
TXN00034,2023-03-18,PRD001,WH002,,Sale,-81,28.73,0
TXN00321,2023-03-18,PRD002,WH003,,Sale,-83,50.47,0
TXN01201,2023-03-18,PRD005,WH003,,Sale,-28,71.0,0
TXN02095,2023-03-18,PRD008,WH002,,Sale,-28,90.55,0
TXN02377,2023-03-18,PRD009,WH003,,Sale,-76,19.22,0
TXN02947,2023-03-18,PRD011,WH002,,Sale,-44,59.59,0
TXN04724,2023-03-18,PRD017,WH002,,Sale,-69,176.01,0
TXN06471,2023-03-18,PRD023,WH001,,Sale,-87,22.9,0
TXN07954,2023-03-18,PRD028,WH003,,Sale,-15,262.21,0
TXN00030,2023-03-19,PRD001,WH001,,Sale,-149,29.01,0
TXN00620,2023-03-19,PRD003,WH003,,Sale,-17,128.86,0
TXN00902,2023-03-19,PRD004,WH002,,Sale,-21,142.71,0
TXN01195,2023-03-19,PRD005,WH002,,Sale,-57,70.49,0
TXN02661,2023-03-19,PRD010,WH003,,Sale,-51,24.41,0
TXN02945,2023-03-19,PRD011,WH001,,Sale,-99,56.59,0
TXN03230,2023-03-19,PRD012,WH001,,Sale,-50,141.79,0
TXN03245,2023-03-19,PRD012,WH003,,Sale,-18,149.27,0
TXN05023,2023-03-19,PRD018,WH001,,Sale,-32,238.7,0
TXN05894,2023-03-19,PRD021,WH003,,Sale,-21,26.67,0
TXN06474,2023-03-19,PRD023,WH001,,Sale,-82,21.96,0
TXN07944,2023-03-19,PRD028,WH001,,Sale,-23,257.24,0
TXN07949,2023-03-19,PRD028,WH002,,Sale,-13,258.04,0
TXN08962,2023-03-19,PRD033,WH001,,Sale,-1,1416.52,0
TXN09156,2023-03-19,PRD035,WH002,,Sale,-1,765.11,0
TXN02651,2023-03-20,PRD010,WH001,,Sale,-75,25.0,0
TXN03239,2023-03-20,PRD012,WH002,,Sale,-51,141.37,0
TXN03547,2023-03-20,PRD013,WH002,,Sale,-37,34.42,0
TXN03854,2023-03-20,PRD014,WH003,,Sale,-21,101.88,0
TXN05022,2023-03-20,PRD018,WH001,,Sale,-21,255.74,0
TXN05886,2023-03-20,PRD021,WH001,,Sale,-67,27.36,0
TXN06768,2023-03-20,PRD024,WH003,,Sale,-7,370.7,0
TXN07070,2023-03-20,PRD025,WH001,,Sale,-13,130.41,0
TXN07947,2023-03-20,PRD028,WH002,,Sale,-11,252.03,0
TXN08232,2023-03-20,PRD029,WH002,,Sale,-95,123.39,0
TXN08508,2023-03-20,PRD030,WH001,,Sale,-42,139.54,0
TXN08974,2023-03-20,PRD033,WH003,,Sale,-1,1412.63,0
TXN09067,2023-03-20,PRD034,WH001,,Sale,-1,557.04,0
TXN09161,2023-03-20,PRD035,WH003,,Sale,-1,763.51,0
TXN00029,2023-03-21,PRD001,WH001,,Sale,-127,29.39,0
TXN00038,2023-03-21,PRD001,WH003,,Sale,-84,27.51,0
TXN00315,2023-03-21,PRD002,WH001,,Sale,-79,47.51,0
TXN00907,2023-03-21,PRD004,WH003,,Sale,-8,137.46,0
TXN00908,2023-03-21,PRD004,WH003,,Sale,-19,136.09,0
TXN03240,2023-03-21,PRD012,WH002,,Sale,-23,149.9,0
TXN05622,2023-03-21,PRD020,WH003,,Sale,-119,36.75,0
TXN05890,2023-03-21,PRD021,WH002,,Sale,-46,26.66,0
TXN06475,2023-03-21,PRD023,WH001,,Sale,-59,21.27,0
TXN06761,2023-03-21,PRD024,WH002,,Sale,-14,365.37,0
TXN07374,2023-03-21,PRD026,WH003,,Sale,-14,57.38,0
TXN07666,2023-03-21,PRD027,WH002,,Sale,-17,220.04,0
TXN09071,2023-03-21,PRD034,WH002,,Sale,-1,533.38,0
TXN00901,2023-03-22,PRD004,WH002,,Sale,-28,137.44,0
TXN01193,2023-03-22,PRD005,WH001,,Sale,-72,68.77,0
TXN02369,2023-03-22,PRD009,WH001,,Sale,-127,20.62,0
TXN02656,2023-03-22,PRD010,WH002,,Sale,-123,24.12,0
TXN03236,2023-03-22,PRD012,WH002,,Sale,-34,142.25,0
TXN03237,2023-03-22,PRD012,WH002,,Sale,-26,151.9,0
TXN03550,2023-03-22,PRD013,WH003,,Sale,-55,36.73,0
TXN06483,2023-03-22,PRD023,WH003,,Sale,-24,21.79,0
TXN06759,2023-03-22,PRD024,WH001,,Sale,-24,382.75,0
TXN07080,2023-03-22,PRD025,WH003,,Sale,-16,135.17,0
TXN08963,2023-03-22,PRD033,WH001,,Sale,-1,1417.16,0
TXN00323,2023-03-23,PRD002,WH003,SUP001,Return,14,25.6,0
TXN00611,2023-03-23,PRD003,WH002,,Sale,-34,130.28,0
TXN02949,2023-03-23,PRD011,WH002,,Sale,-35,58.11,0
TXN07068,2023-03-23,PRD025,WH001,,Sale,-17,134.61,0
TXN07661,2023-03-23,PRD027,WH001,,Sale,-32,225.78,0
TXN07948,2023-03-23,PRD028,WH002,,Sale,-16,264.55,0
TXN08513,2023-03-23,PRD030,WH002,,Sale,0,136.54,1
TXN08965,2023-03-23,PRD033,WH001,,Sale,-1,1354.0,0
TXN00896,2023-03-24,PRD004,WH001,,Sale,-33,145.84,0
TXN00905,2023-03-24,PRD004,WH003,,Sale,-14,146.28,0
TXN01778,2023-03-24,PRD007,WH001,,Sale,-48,82.01,0
TXN02089,2023-03-24,PRD008,WH001,,Sale,-19,97.37,0
TXN02367,2023-03-24,PRD009,WH001,,Sale,-142,19.07,0
TXN03231,2023-03-24,PRD012,WH001,,Sale,-32,145.48,0
TXN03243,2023-03-24,PRD012,WH003,,Sale,-13,145.95,0
TXN05896,2023-03-24,PRD021,WH003,,Sale,-21,27.61,0
TXN06477,2023-03-24,PRD023,WH002,,Sale,-170,22.28,0
TXN06769,2023-03-24,PRD024,WH003,,Sale,-11,379.5,0
TXN07071,2023-03-24,PRD025,WH001,,Sale,-17,137.0,0
TXN07364,2023-03-24,PRD026,WH001,,Sale,-44,52.42,0
TXN08884,2023-03-24,PRD032,WH002,,Sale,-1,345.77,0
TXN00033,2023-03-25,PRD001,WH002,,Sale,-91,29.05,0
TXN00613,2023-03-25,PRD003,WH002,,Sale,-34,135.35,0
TXN01488,2023-03-25,PRD006,WH001,,Sale,-12,143.09,0
TXN01494,2023-03-25,PRD006,WH002,,Sale,-16,150.01,0
TXN02653,2023-03-25,PRD010,WH001,,Sale,-63,25.06,0
TXN04731,2023-03-25,PRD017,WH003,,Sale,-18,181.88,0
TXN05030,2023-03-25,PRD018,WH003,,Sale,-16,241.14,0
TXN05321,2023-03-25,PRD019,WH002,,Sale,-53,77.23,0
TXN05887,2023-03-25,PRD021,WH001,,Sale,-71,28.0,0
TXN08805,2023-03-25,PRD031,WH002,,Sale,-1,285.66,0
TXN08881,2023-03-25,PRD032,WH002,,Sale,-1,359.67,0
TXN00037,2023-03-26,PRD001,WH003,,Sale,-49,29.18,0
TXN00906,2023-03-26,PRD004,WH003,,Sale,-11,146.51,0
TXN01489,2023-03-26,PRD006,WH001,,Sale,-12,151.96,0
TXN01491,2023-03-26,PRD006,WH001,,Sale,-22,154.91,0
TXN01788,2023-03-26,PRD007,WH003,,Sale,-25,87.94,0
TXN02098,2023-03-26,PRD008,WH003,,Sale,-15,90.69,0
TXN03551,2023-03-26,PRD013,WH003,,Sale,-66,35.64,0
TXN04432,2023-03-26,PRD016,WH002,,Sale,-23,181.29,0
TXN05026,2023-03-26,PRD018,WH002,,Sale,-38,243.31,0
TXN05322,2023-03-26,PRD019,WH002,,Sale,-39,78.32,0
TXN06472,2023-03-26,PRD023,WH001,,Sale,-84,22.59,0
TXN07363,2023-03-26,PRD026,WH001,,Sale,-34,56.01,0
TXN07664,2023-03-26,PRD027,WH002,,Sale,-20,223.64,0
TXN08507,2023-03-26,PRD030,WH001,,Sale,-26,143.74,0
TXN00318,2023-03-27,PRD002,WH002,,Sale,-102,48.69,0
TXN00903,2023-03-27,PRD004,WH002,,Sale,-22,138.0,0
TXN01191,2023-03-27,PRD005,WH001,,Sale,-74,69.03,0
TXN01204,2023-03-27,PRD005,WH003,,Sale,-31,68.81,0
TXN01499,2023-03-27,PRD006,WH003,,Sale,-7,144.96,0
TXN01786,2023-03-27,PRD007,WH003,,Sale,-22,83.36,0
TXN02652,2023-03-27,PRD010,WH001,,Sale,-87,25.03,0
TXN04728,2023-03-27,PRD017,WH003,,Sale,-14,179.45,0
TXN08807,2023-03-27,PRD031,WH003,,Sale,-1,286.06,0
TXN08969,2023-03-27,PRD033,WH002,,Sale,-1,1315.71,0
TXN09070,2023-03-27,PRD034,WH002,,Sale,-1,567.38,0
TXN09155,2023-03-27,PRD035,WH002,,Sale,-1,750.0,0
TXN01197,2023-03-28,PRD005,WH002,,Sale,-80,67.04,0
TXN01203,2023-03-28,PRD005,WH003,,Sale,-40,67.33,0
TXN01783,2023-03-28,PRD007,WH002,,Sale,-95,88.8,0
TXN02948,2023-03-28,PRD011,WH002,,Sale,-62,58.56,0
TXN05329,2023-03-28,PRD019,WH002,,Adjustment,19,58.0,0
TXN05889,2023-03-28,PRD021,WH002,,Sale,-54,27.93,0
TXN06765,2023-03-28,PRD024,WH002,,Sale,-7,396.83,0
TXN07079,2023-03-28,PRD025,WH003,,Sale,0,136.83,1
TXN08802,2023-03-28,PRD031,WH001,,Sale,-1,280.0,0
TXN08968,2023-03-28,PRD033,WH002,,Sale,-1,1415.32,0
TXN08973,2023-03-28,PRD033,WH003,,Sale,-1,1389.75,0
TXN09158,2023-03-28,PRD035,WH003,,Sale,-1,730.21,0
TXN00618,2023-03-29,PRD003,WH003,,Sale,-16,126.43,0
TXN00897,2023-03-29,PRD004,WH001,,Sale,-60,140.37,0
TXN02088,2023-03-29,PRD008,WH001,,Sale,-28,91.79,0
TXN04149,2023-03-29,PRD015,WH002,,Sale,-46,47.46,0
TXN04727,2023-03-29,PRD017,WH003,,Sale,-19,179.78,0
TXN05325,2023-03-29,PRD019,WH002,,Sale,-48,73.28,0
TXN06191,2023-03-29,PRD022,WH003,,Sale,-39,20.02,0
TXN06478,2023-03-29,PRD023,WH002,,Sale,-168,21.39,0
TXN06757,2023-03-29,PRD024,WH001,,Sale,-29,378.9,0
TXN00919,2023-04-01,PRD004,WH003,,Sale,-9,137.46,0
TXN01210,2023-04-01,PRD005,WH002,,Sale,-52,72.65,0
TXN01795,2023-04-01,PRD007,WH002,,Sale,-33,84.19,0
TXN02380,2023-04-01,PRD009,WH001,,Sale,-178,19.8,0
TXN02664,2023-04-01,PRD010,WH001,,Sale,-78,25.09,0
TXN03249,2023-04-01,PRD012,WH001,,Sale,-36,140.1,0
TXN04161,2023-04-01,PRD015,WH001,,Sale,-33,48.9,0
TXN04736,2023-04-01,PRD017,WH001,,Sale,-38,168.63,0
TXN07082,2023-04-01,PRD025,WH001,,Sale,-24,140.93,0
TXN01793,2023-04-02,PRD007,WH001,,Sale,-87,86.41,0
TXN02103,2023-04-02,PRD008,WH002,,Sale,-42,95.07,0
TXN04170,2023-04-02,PRD015,WH003,,Sale,-20,49.25,0
TXN05907,2023-04-02,PRD021,WH003,,Sale,-40,27.97,0
TXN06201,2023-04-02,PRD022,WH003,,Sale,-144,20.03,0
TXN07377,2023-04-02,PRD026,WH001,,Sale,-29,53.96,0
TXN07959,2023-04-02,PRD028,WH002,,Sale,-13,260.31,0
TXN08243,2023-04-02,PRD029,WH002,,Sale,-57,114.33,0
TXN08529,2023-04-02,PRD030,WH003,,Sale,-18,146.95,0
TXN08809,2023-04-02,PRD031,WH001,,Sale,-1,285.81,0
TXN08985,2023-04-02,PRD033,WH002,,Sale,-1,1308.67,0
TXN08986,2023-04-02,PRD033,WH003,,Sale,-1,1307.6,0
TXN08988,2023-04-02,PRD033,WH003,,Sale,-1,1311.76,0
TXN09077,2023-04-02,PRD034,WH001,,Sale,-1,563.43,0
TXN00040,2023-04-03,PRD001,WH001,,Sale,-207,26.84,0
TXN00041,2023-04-03,PRD001,WH001,,Sale,-189,29.34,0
TXN00047,2023-04-03,PRD001,WH003,,Sale,-62,27.55,0
TXN00910,2023-04-03,PRD004,WH001,,Sale,-36,144.5,0
TXN00918,2023-04-03,PRD004,WH003,,Sale,-9,144.19,0
TXN00920,2023-04-03,PRD004,WH003,,Sale,-19,137.79,0
TXN03857,2023-04-03,PRD014,WH001,,Sale,-40,96.77,0
TXN03861,2023-04-03,PRD014,WH002,,Sale,-18,98.55,0
TXN05906,2023-04-03,PRD021,WH003,,Sale,-60,29.33,0
TXN06778,2023-04-03,PRD024,WH003,,Sale,-7,361.06,0
TXN07376,2023-04-03,PRD026,WH001,,Sale,-31,54.65,0
TXN08811,2023-04-03,PRD031,WH001,,Sale,-1,269.82,0
TXN09165,2023-04-03,PRD035,WH002,,Sale,-1,735.38,0
TXN00329,2023-04-04,PRD002,WH003,,Sale,-36,51.47,0
TXN00628,2023-04-04,PRD003,WH002,,Sale,-35,133.21,0
TXN00913,2023-04-04,PRD004,WH002,,Sale,-15,143.09,0
TXN02386,2023-04-04,PRD009,WH003,,Sale,-90,20.2,0
TXN03251,2023-04-04,PRD012,WH001,,Sale,-54,138.32,0
TXN03254,2023-04-04,PRD012,WH002,,Sale,-23,144.06,0
TXN03858,2023-04-04,PRD014,WH002,,Sale,-23,104.93,0
TXN05629,2023-04-04,PRD020,WH003,,Sale,-49,39.46,0
TXN06197,2023-04-04,PRD022,WH002,,Sale,-85,19.13,0
TXN06199,2023-04-04,PRD022,WH002,,Sale,-75,19.54,0
TXN06777,2023-04-04,PRD024,WH002,,Sale,-20,383.79,0
TXN07381,2023-04-04,PRD026,WH002,,Sale,-52,57.46,0
TXN07958,2023-04-04,PRD028,WH002,,Sale,-17,267.35,0
TXN08530,2023-04-04,PRD030,WH003,,Sale,0,144.29,1
TXN00326,2023-04-05,PRD002,WH002,,Sale,-126,47.83,0
TXN01206,2023-04-05,PRD005,WH001,,Sale,-51,70.51,0
TXN01208,2023-04-05,PRD005,WH001,,Sale,-87,66.89,0
TXN01504,2023-04-05,PRD006,WH001,,Sale,-13,144.93,0
TXN01507,2023-04-05,PRD006,WH002,,Sale,-6,156.91,0
TXN01796,2023-04-05,PRD007,WH002,,Sale,-48,88.81,0
TXN01797,2023-04-05,PRD007,WH002,,Sale,-60,80.79,0
TXN06200,2023-04-05,PRD022,WH002,,Sale,-157,19.2,0
TXN06781,2023-04-05,PRD024,WH003,,Sale,-10,391.15,0
TXN06782,2023-04-05,PRD024,WH003,,Sale,-8,386.84,0
TXN00921,2023-04-06,PRD004,WH003,,Sale,-14,143.25,0
TXN01209,2023-04-06,PRD005,WH001,,Sale,-46,70.12,0
TXN01215,2023-04-06,PRD005,WH003,,Sale,-48,71.57,0
TXN01794,2023-04-06,PRD007,WH002,,Sale,-40,85.29,0
TXN02672,2023-04-06,PRD010,WH003,,Sale,-31,25.79,0
TXN02955,2023-04-06,PRD011,WH001,,Sale,-88,56.64,0
TXN03250,2023-04-06,PRD012,WH001,,Sale,-59,140.61,0
TXN05330,2023-04-06,PRD019,WH001,,Sale,-93,76.95,0
TXN05333,2023-04-06,PRD019,WH001,,Sale,-95,72.1,0
TXN05336,2023-04-06,PRD019,WH002,,Sale,-51,74.14,0
TXN06780,2023-04-06,PRD024,WH003,,Sale,-6,391.83,0
TXN07956,2023-04-06,PRD028,WH001,,Sale,-49,262.01,0
TXN08818,2023-04-06,PRD031,WH003,,Sale,-1,290.99,0
TXN08977,2023-04-06,PRD033,WH001,,Sale,-1,1365.62,0
TXN08982,2023-04-06,PRD033,WH002,,Sale,-1,1350.29,0
TXN00623,2023-04-07,PRD003,WH001,,Sale,-35,124.17,0
TXN00625,2023-04-07,PRD003,WH001,,Sale,-38,133.96,0
TXN00627,2023-04-07,PRD003,WH002,,Sale,-45,135.68,0
TXN02379,2023-04-07,PRD009,WH001,,Sale,-125,19.21,0
TXN02383,2023-04-07,PRD009,WH002,,Sale,-62,19.82,0
TXN02964,2023-04-07,PRD011,WH001,,Adjustment,0,38.0,1
TXN03257,2023-04-07,PRD012,WH003,,Sale,-30,149.39,0
TXN03561,2023-04-07,PRD013,WH003,,Sale,-34,34.33,0
TXN04158,2023-04-07,PRD015,WH001,,Sale,-34,47.11,0
TXN05038,2023-04-07,PRD018,WH001,,Sale,-27,259.19,0
TXN06489,2023-04-07,PRD023,WH002,,Sale,-115,21.08,0
TXN06776,2023-04-07,PRD024,WH002,,Sale,-13,376.79,0
TXN07382,2023-04-07,PRD026,WH002,,Sale,-54,53.79,0
TXN08814,2023-04-07,PRD031,WH002,,Sale,-1,288.4,0
TXN08893,2023-04-07,PRD032,WH003,,Sale,-1,342.65,0
TXN09085,2023-04-07,PRD034,WH003,,Sale,-1,550.19,0
TXN02381,2023-04-08,PRD009,WH002,,Sale,-74,19.13,0
TXN03557,2023-04-08,PRD013,WH002,,Sale,-40,35.3,0
TXN03866,2023-04-08,PRD014,WH003,,Sale,-7,102.01,0
TXN04159,2023-04-08,PRD015,WH001,,Sale,-34,49.03,0
TXN04166,2023-04-08,PRD015,WH002,,Sale,-32,46.89,0
TXN05044,2023-04-08,PRD018,WH003,,Sale,-16,245.62,0
TXN05046,2023-04-08,PRD018,WH003,,Sale,-15,245.78,0
TXN05338,2023-04-08,PRD019,WH003,,Sale,-30,77.19,0
TXN07083,2023-04-08,PRD025,WH002,,Sale,-22,135.94,0
TXN07375,2023-04-08,PRD026,WH001,,Sale,-37,57.33,0
TXN08242,2023-04-08,PRD029,WH002,,Sale,-62,120.31,0
TXN08245,2023-04-08,PRD029,WH003,,Sale,-31,125.83,0
TXN08812,2023-04-08,PRD031,WH001,,Sale,-1,291.32,0
TXN08890,2023-04-08,PRD032,WH002,,Sale,-1,345.79,0
TXN08892,2023-04-08,PRD032,WH002,,Sale,-1,349.99,0
TXN09076,2023-04-08,PRD034,WH001,,Sale,-1,552.18,0
TXN00632,2023-04-09,PRD003,WH003,,Sale,-14,128.18,0
TXN01513,2023-04-09,PRD006,WH003,,Sale,-11,150.0,0
TXN02957,2023-04-09,PRD011,WH001,,Sale,-55,56.89,0
TXN03863,2023-04-09,PRD014,WH003,,Sale,-6,96.92,0
TXN04167,2023-04-09,PRD015,WH002,,Sale,-55,47.9,0
TXN05334,2023-04-09,PRD019,WH002,,Sale,-85,72.28,0
TXN05337,2023-04-09,PRD019,WH003,,Sale,-33,76.13,0
TXN05905,2023-04-09,PRD021,WH002,,Sale,-36,26.67,0
TXN06486,2023-04-09,PRD023,WH001,,Sale,-234,21.7,0
TXN08894,2023-04-09,PRD032,WH003,,Sale,-1,354.62,0
TXN08981,2023-04-09,PRD033,WH002,,Sale,-1,1294.62,0
TXN09164,2023-04-09,PRD035,WH002,,Sale,-1,723.12,0
TXN00328,2023-04-10,PRD002,WH003,,Sale,-36,49.77,0
TXN01798,2023-04-10,PRD007,WH003,,Sale,-24,88.99,0
TXN03860,2023-04-10,PRD014,WH002,,Sale,-17,102.11,0
TXN04733,2023-04-10,PRD017,WH001,,Sale,-47,169.36,0
TXN05047,2023-04-10,PRD018,WH003,,Sale,-11,237.8,0
TXN06490,2023-04-10,PRD023,WH002,,Sale,-80,21.76,0
TXN07681,2023-04-10,PRD027,WH003,,Sale,-7,227.82,0
TXN08244,2023-04-10,PRD029,WH002,,Sale,-43,116.68,0
TXN08528,2023-04-10,PRD030,WH002,,Sale,-35,142.48,0
TXN00626,2023-04-11,PRD003,WH002,,Sale,-49,127.44,0
TXN01503,2023-04-11,PRD006,WH001,,Sale,-9,150.98,0
TXN01791,2023-04-11,PRD007,WH001,,Sale,-56,85.63,0
TXN02956,2023-04-11,PRD011,WH001,,Sale,-71,57.37,0
TXN03556,2023-04-11,PRD013,WH002,,Sale,-29,34.75,0
TXN03856,2023-04-11,PRD014,WH001,,Sale,-35,104.88,0
TXN03865,2023-04-11,PRD014,WH003,,Sale,-5,104.06,0
TXN04732,2023-04-11,PRD017,WH001,,Sale,-48,180.03,0
TXN04741,2023-04-11,PRD017,WH003,,Sale,-17,167.46,0
TXN05331,2023-04-11,PRD019,WH001,,Sale,-78,77.15,0
TXN05340,2023-04-11,PRD019,WH003,,Sale,-31,77.9,0
TXN06196,2023-04-11,PRD022,WH001,,Sale,-482,20.75,0
TXN07378,2023-04-11,PRD026,WH001,,Sale,-21,56.22,0
TXN07957,2023-04-11,PRD028,WH001,,Sale,-29,272.84,0
TXN07964,2023-04-11,PRD028,WH003,,Sale,-9,273.33,0
TXN08980,2023-04-11,PRD033,WH001,,Sale,-1,1342.12,0
TXN00622,2023-04-12,PRD003,WH001,,Sale,-29,124.7,0
TXN00909,2023-04-12,PRD004,WH001,,Sale,-29,146.75,0
TXN01792,2023-04-12,PRD007,WH001,,Sale,-78,82.32,0
TXN02104,2023-04-12,PRD008,WH003,,Sale,-16,91.74,0
TXN03256,2023-04-12,PRD012,WH002,,Sale,-38,145.93,0
TXN03258,2023-04-12,PRD012,WH003,,Sale,-37,145.28,0
TXN08889,2023-04-12,PRD032,WH001,,Sale,-1,364.34,0
TXN08984,2023-04-12,PRD033,WH002,,Sale,-1,1282.97,0
TXN00324,2023-04-13,PRD002,WH001,,Sale,-138,49.63,0
TXN01217,2023-04-13,PRD005,WH003,,Sale,-39,69.2,0
TXN01502,2023-04-13,PRD006,WH001,,Sale,-10,143.16,0
TXN02378,2023-04-13,PRD009,WH001,,Sale,-235,20.88,0
TXN02669,2023-04-13,PRD010,WH003,,Sale,-36,24.14,0
TXN04160,2023-04-13,PRD015,WH001,,Sale,-47,48.48,0
TXN05332,2023-04-13,PRD019,WH001,,Sale,-66,74.23,0
TXN05899,2023-04-13,PRD021,WH001,,Sale,-163,29.38,0
TXN05903,2023-04-13,PRD021,WH002,,Sale,-40,29.4,0
TXN07087,2023-04-13,PRD025,WH003,,Sale,-17,136.52,0
TXN07961,2023-04-13,PRD028,WH002,,Sale,-18,272.54,0
TXN08241,2023-04-13,PRD029,WH001,,Sale,-59,116.57,0
TXN08987,2023-04-13,PRD033,WH003,,Sale,-1,1365.05,0
TXN08989,2023-04-13,PRD033,WH003,,Sale,-1,1372.05,0
TXN09170,2023-04-13,PRD035,WH003,,Sale,-1,757.86,0
TXN09172,2023-04-13,PRD035,WH003,,Sale,-1,750.0,0
TXN00915,2023-04-14,PRD004,WH002,,Sale,-27,139.9,0
TXN03554,2023-04-14,PRD013,WH001,,Sale,-120,36.36,0
TXN03862,2023-04-14,PRD014,WH003,,Sale,-8,104.92,0
TXN04165,2023-04-14,PRD015,WH002,,Sale,-35,48.0,0
TXN05339,2023-04-14,PRD019,WH003,,Sale,-23,77.37,0
TXN06773,2023-04-14,PRD024,WH001,,Sale,-25,397.55,0
TXN07380,2023-04-14,PRD026,WH002,,Sale,-55,54.67,0
TXN07670,2023-04-14,PRD027,WH001,,Sale,-17,229.31,0
TXN08813,2023-04-14,PRD031,WH001,,Sale,-1,266.23,0
TXN08819,2023-04-14,PRD031,WH003,,Sale,-1,268.44,0
TXN09080,2023-04-14,PRD034,WH001,,Sale,-1,550.0,0
TXN00631,2023-04-15,PRD003,WH003,,Sale,-12,130.44,0
TXN00633,2023-04-15,PRD003,WH003,,Sale,-20,124.78,0
TXN00914,2023-04-15,PRD004,WH002,,Sale,-13,143.26,0
TXN01212,2023-04-15,PRD005,WH002,,Sale,-36,70.75,0
TXN01216,2023-04-15,PRD005,WH003,,Sale,-44,70.68,0
TXN01506,2023-04-15,PRD006,WH002,,Sale,-9,146.83,0
TXN01511,2023-04-15,PRD006,WH003,,Sale,-8,148.65,0
TXN02100,2023-04-15,PRD008,WH001,,Sale,-60,97.84,0
TXN02105,2023-04-15,PRD008,WH003,,Sale,-11,97.49,0
TXN02954,2023-04-15,PRD011,WH001,,Sale,-83,60.83,0
TXN02959,2023-04-15,PRD011,WH002,,Sale,-91,58.39,0
TXN03259,2023-04-15,PRD012,WH003,,Sale,-18,140.8,0
TXN04440,2023-04-15,PRD016,WH001,,Sale,-25,183.61,0
TXN08524,2023-04-15,PRD030,WH002,,Sale,-30,140.1,0
TXN08531,2023-04-15,PRD030,WH003,,Sale,-19,146.4,0
TXN08976,2023-04-15,PRD033,WH001,,Sale,-1,1350.0,0
TXN09082,2023-04-15,PRD034,WH002,,Sale,-1,527.48,0
TXN09162,2023-04-15,PRD035,WH001,,Sale,-1,732.17,0
TXN09167,2023-04-15,PRD035,WH002,,Sale,-1,782.24,0
TXN01213,2023-04-16,PRD005,WH002,,Sale,-53,67.69,0
TXN02384,2023-04-16,PRD009,WH002,,Sale,-128,20.97,0
TXN02671,2023-04-16,PRD010,WH003,,Sale,-24,23.98,0
TXN02960,2023-04-16,PRD011,WH003,,Sale,-36,60.48,0
TXN02963,2023-04-16,PRD011,WH003,,Sale,-16,56.77,0
TXN03855,2023-04-16,PRD014,WH001,,Sale,-21,104.47,0
TXN04164,2023-04-16,PRD015,WH002,,Sale,-33,47.69,0
TXN05039,2023-04-16,PRD018,WH002,,Sale,-30,246.34,0
TXN06485,2023-04-16,PRD023,WH001,,Sale,-268,22.39,0
TXN07088,2023-04-16,PRD025,WH003,,Sale,-9,138.44,0
TXN08240,2023-04-16,PRD029,WH001,,Sale,-65,115.62,0
TXN08816,2023-04-16,PRD031,WH003,,Sale,-1,267.92,0
TXN00046,2023-04-17,PRD001,WH003,,Sale,-68,27.86,0
TXN03252,2023-04-17,PRD012,WH002,,Sale,-37,144.81,0
TXN03864,2023-04-17,PRD014,WH003,,Sale,-5,104.04,0
TXN04168,2023-04-17,PRD015,WH003,,Sale,-28,48.48,0
TXN05904,2023-04-17,PRD021,WH002,,Sale,-66,28.07,0
TXN07384,2023-04-17,PRD026,WH003,,Sale,-20,54.14,0
TXN08527,2023-04-17,PRD030,WH002,,Sale,-24,137.33,0
TXN00042,2023-04-18,PRD001,WH002,,Sale,-98,27.06,0
TXN00044,2023-04-18,PRD001,WH002,,Sale,-82,28.71,0
TXN00630,2023-04-18,PRD003,WH003,,Sale,-19,127.68,0
TXN00916,2023-04-18,PRD004,WH002,,Sale,-14,138.25,0
TXN03253,2023-04-18,PRD012,WH002,,Sale,-39,143.81,0
TXN03558,2023-04-18,PRD013,WH002,,Sale,-58,34.85,0
TXN03562,2023-04-18,PRD013,WH003,,Sale,-20,35.36,0
TXN04446,2023-04-18,PRD016,WH003,,Sale,-17,184.62,0
TXN05040,2023-04-18,PRD018,WH002,,Sale,-17,239.02,0
TXN05625,2023-04-18,PRD020,WH002,,Sale,-93,39.87,0
TXN07379,2023-04-18,PRD026,WH001,,Sale,-47,53.04,0
TXN07383,2023-04-18,PRD026,WH003,,Sale,-28,55.17,0
TXN09169,2023-04-18,PRD035,WH003,,Sale,-1,734.07,0
TXN01799,2023-04-19,PRD007,WH003,,Sale,-34,86.42,0
TXN02668,2023-04-19,PRD010,WH003,,Sale,-25,25.32,0
TXN03560,2023-04-19,PRD013,WH003,,Sale,0,33.78,1
TXN04163,2023-04-19,PRD015,WH002,,Sale,-23,47.26,0
TXN04447,2023-04-19,PRD016,WH003,,Sale,-15,188.93,0
TXN04738,2023-04-19,PRD017,WH002,,Sale,-108,177.58,0
TXN05908,2023-04-19,PRD021,WH003,,Sale,-69,26.97,0
TXN06202,2023-04-19,PRD022,WH003,,Sale,-114,19.92,0
TXN06774,2023-04-19,PRD024,WH002,,Sale,-20,388.59,0
TXN07680,2023-04-19,PRD027,WH003,,Sale,-9,224.5,0
TXN07962,2023-04-19,PRD028,WH003,,Sale,-11,270.81,0
TXN08247,2023-04-19,PRD029,WH003,,Sale,-27,120.8,0
TXN08983,2023-04-19,PRD033,WH002,,Sale,-1,1319.15,0
TXN09079,2023-04-19,PRD034,WH001,,Sale,-1,524.15,0
TXN00043,2023-04-20,PRD001,WH002,,Sale,-101,27.78,0
TXN00624,2023-04-20,PRD003,WH001,,Sale,-27,131.34,0
TXN01214,2023-04-20,PRD005,WH002,,Sale,-66,67.5,0
TXN01501,2023-04-20,PRD006,WH001,,Sale,-14,150.0,0
TXN01510,2023-04-20,PRD006,WH002,,Sale,-12,155.74,0
TXN01512,2023-04-20,PRD006,WH003,,Sale,-5,142.6,0
TXN02667,2023-04-20,PRD010,WH002,,Sale,-142,25.13,0
TXN02962,2023-04-20,PRD011,WH003,,Sale,-36,58.34,0
TXN04439,2023-04-20,PRD016,WH001,,Sale,-17,185.61,0
TXN04442,2023-04-20,PRD016,WH001,,Sale,-20,179.71,0
TXN04734,2023-04-20,PRD017,WH001,,Sale,-28,182.18,0
TXN05041,2023-04-20,PRD018,WH002,,Sale,-33,257.1,0
TXN07081,2023-04-20,PRD025,WH001,,Sale,-52,132.46,0
TXN07677,2023-04-20,PRD027,WH002,,Sale,-9,221.9,0
TXN09163,2023-04-20,PRD035,WH001,,Sale,-1,754.31,0
TXN00327,2023-04-21,PRD002,WH002,,Sale,-135,50.43,0
TXN00330,2023-04-21,PRD002,WH003,,Sale,-25,50.75,0
TXN00621,2023-04-21,PRD003,WH001,,Sale,-23,124.53,0
TXN01207,2023-04-21,PRD005,WH001,,Sale,-50,70.09,0
TXN02382,2023-04-21,PRD009,WH002,,Sale,-112,20.25,0
TXN02666,2023-04-21,PRD010,WH002,,Sale,-166,24.39,0
TXN03552,2023-04-21,PRD013,WH001,,Sale,-64,35.26,0
TXN04162,2023-04-21,PRD015,WH001,,Sale,-35,48.95,0
TXN04739,2023-04-21,PRD017,WH003,,Sale,-19,181.6,0
TXN04742,2023-04-21,PRD017,WH002,SUP004,Return,6,104.0,0
TXN05043,2023-04-21,PRD018,WH002,,Sale,-16,242.36,0
TXN06771,2023-04-21,PRD024,WH001,,Sale,-23,398.88,0
TXN07678,2023-04-21,PRD027,WH002,,Sale,-7,222.61,0
TXN07963,2023-04-21,PRD028,WH003,,Sale,-12,252.16,0
TXN08239,2023-04-21,PRD029,WH001,,Sale,-64,119.5,0
TXN08521,2023-04-21,PRD030,WH001,,Sale,-64,141.92,0
TXN00045,2023-04-22,PRD001,WH003,,Sale,-63,28.42,0
TXN02961,2023-04-22,PRD011,WH003,,Sale,-20,55.97,0
TXN03255,2023-04-22,PRD012,WH002,,Sale,-33,141.68,0
TXN03859,2023-04-22,PRD014,WH002,,Sale,-19,96.97,0
TXN05036,2023-04-22,PRD018,WH001,,Sale,-27,244.84,0
TXN05627,2023-04-22,PRD020,WH002,,Sale,-186,39.1,0
TXN05902,2023-04-22,PRD021,WH002,,Sale,-69,27.78,0
TXN06488,2023-04-22,PRD023,WH002,,Sale,-95,22.6,0
TXN07086,2023-04-22,PRD025,WH003,,Sale,-12,136.71,0
TXN07385,2023-04-22,PRD026,WH003,,Sale,-44,53.85,0
TXN07672,2023-04-22,PRD027,WH001,,Sale,-18,209.0,0
TXN08525,2023-04-22,PRD030,WH002,,Sale,-20,139.96,0
TXN08532,2023-04-22,PRD030,WH003,,Sale,-11,141.92,0
TXN08533,2023-04-22,PRD030,WH003,,Sale,-15,133.36,0
TXN09166,2023-04-22,PRD035,WH002,,Sale,-1,713.71,0
TXN00325,2023-04-23,PRD002,WH001,,Sale,-109,52.05,0
TXN00629,2023-04-23,PRD003,WH003,,Sale,-17,126.16,0
TXN00912,2023-04-23,PRD004,WH002,,Sale,-13,133.95,0
TXN01801,2023-04-23,PRD007,WH003,,Sale,-21,81.7,0
TXN03248,2023-04-23,PRD012,WH001,,Sale,-32,138.87,0
TXN04445,2023-04-23,PRD016,WH003,,Sale,-11,185.62,0
TXN05335,2023-04-23,PRD019,WH002,,Sale,-57,75.66,0
TXN05623,2023-04-23,PRD020,WH001,,Sale,-165,37.74,0
TXN06775,2023-04-23,PRD024,WH002,,Sale,-18,392.13,0
TXN07084,2023-04-23,PRD025,WH002,,Sale,-27,130.25,0
TXN07085,2023-04-23,PRD025,WH002,,Sale,-22,129.24,0
TXN07675,2023-04-23,PRD027,WH002,,Sale,-12,222.51,0
TXN07676,2023-04-23,PRD027,WH002,,Sale,-11,211.93,0
TXN07679,2023-04-23,PRD027,WH003,,Sale,-8,214.09,0
TXN07965,2023-04-23,PRD028,WH003,,Sale,-15,277.23,0
TXN08246,2023-04-23,PRD029,WH003,,Sale,-27,117.34,0
TXN08523,2023-04-23,PRD030,WH001,,Sale,-60,143.96,0
TXN08888,2023-04-23,PRD032,WH001,,Sale,-1,354.57,0
TXN09078,2023-04-23,PRD034,WH001,,Sale,-1,540.41,0
TXN00331,2023-04-24,PRD002,WH003,,Sale,-48,51.83,0
TXN00911,2023-04-24,PRD004,WH001,,Sale,-60,145.41,0
TXN01800,2023-04-24,PRD007,WH003,,Sale,-32,88.46,0
TXN02663,2023-04-24,PRD010,WH001,,Sale,-84,26.16,0
TXN02670,2023-04-24,PRD010,WH003,,Sale,-23,24.83,0
TXN03247,2023-04-24,PRD012,WH001,,Sale,-54,138.93,0
TXN05037,2023-04-24,PRD018,WH001,,Sale,-39,241.66,0
TXN05628,2023-04-24,PRD020,WH003,,Sale,-54,36.42,0
TXN05900,2023-04-24,PRD021,WH001,,Sale,-199,28.3,0
TXN06195,2023-04-24,PRD022,WH001,,Sale,-255,20.76,0
TXN06491,2023-04-24,PRD023,WH003,,Sale,-136,21.44,0
TXN06779,2023-04-24,PRD024,WH003,,Sale,-11,375.98,0
TXN07673,2023-04-24,PRD027,WH001,,Sale,-21,221.84,0
TXN08522,2023-04-24,PRD030,WH001,,Sale,-78,133.76,0
TXN08815,2023-04-24,PRD031,WH002,,Sale,-1,293.37,0
TXN00917,2023-04-25,PRD004,WH003,,Sale,-12,142.62,0
TXN01505,2023-04-25,PRD006,WH001,,Sale,-9,153.18,0
TXN01508,2023-04-25,PRD006,WH002,,Sale,-5,146.3,0
TXN02101,2023-04-25,PRD008,WH001,,Sale,-45,91.3,0
TXN02665,2023-04-25,PRD010,WH001,,Sale,-150,26.1,0
TXN03553,2023-04-25,PRD013,WH001,,Sale,-94,35.67,0
TXN03559,2023-04-25,PRD013,WH002,,Sale,-47,36.13,0
TXN03563,2023-04-25,PRD013,WH003,,Sale,-42,33.7,0
TXN04443,2023-04-25,PRD016,WH002,,Sale,-25,185.66,0
TXN05035,2023-04-25,PRD018,WH001,,Sale,-31,247.45,0
TXN05624,2023-04-25,PRD020,WH001,,Sale,-222,37.76,0
TXN06772,2023-04-25,PRD024,WH001,,Sale,-37,380.0,0
TXN07671,2023-04-25,PRD027,WH001,,Sale,-18,223.25,0
TXN07960,2023-04-25,PRD028,WH002,,Sale,-26,257.86,0
TXN08817,2023-04-25,PRD031,WH003,,Sale,-1,285.2,0
TXN04441,2023-04-26,PRD016,WH001,,Sale,-25,183.98,0
TXN04735,2023-04-26,PRD017,WH001,,Sale,-52,178.38,0
TXN04737,2023-04-26,PRD017,WH002,,Sale,-56,171.62,0
TXN05630,2023-04-26,PRD020,WH003,,Sale,-78,38.95,0
TXN05901,2023-04-26,PRD021,WH002,,Sale,-56,29.06,0
TXN06487,2023-04-26,PRD023,WH002,,Sale,-111,21.02,0
TXN06492,2023-04-26,PRD023,WH003,,Sale,-107,21.97,0
TXN08526,2023-04-26,PRD030,WH002,,Sale,-24,140.73,0
TXN09081,2023-04-26,PRD034,WH002,,Sale,-1,571.67,0
TXN09171,2023-04-26,PRD035,WH003,,Sale,-1,738.4,0
TXN01205,2023-04-27,PRD005,WH001,,Sale,-45,69.38,0
TXN01211,2023-04-27,PRD005,WH002,,Sale,-56,68.48,0
TXN02662,2023-04-27,PRD010,WH001,,Sale,-62,23.78,0
TXN02958,2023-04-27,PRD011,WH002,,Sale,-120,58.65,0
TXN03555,2023-04-27,PRD013,WH002,,Sale,-27,34.61,0
TXN04740,2023-04-27,PRD017,WH003,,Sale,-31,168.28,0
TXN05034,2023-04-27,PRD018,WH001,,Sale,-35,262.08,0
TXN05042,2023-04-27,PRD018,WH002,,Sale,-31,238.54,0
TXN05045,2023-04-27,PRD018,WH003,,Sale,-14,241.12,0
TXN07674,2023-04-27,PRD027,WH002,,Sale,-13,217.43,0
TXN07682,2023-04-27,PRD027,WH003,,Sale,-7,219.59,0
TXN08810,2023-04-27,PRD031,WH001,,Sale,-1,279.4,0
TXN09083,2023-04-27,PRD034,WH003,,Sale,-1,537.02,0
TXN09084,2023-04-27,PRD034,WH003,,Sale,-1,544.68,0
TXN01509,2023-04-28,PRD006,WH002,,Sale,-9,149.98,0
TXN02102,2023-04-28,PRD008,WH002,,Sale,-40,99.25,0
TXN02106,2023-04-28,PRD008,WH003,,Sale,-14,91.19,0
TXN02385,2023-04-28,PRD009,WH003,,Sale,-149,20.14,0
TXN04169,2023-04-28,PRD015,WH003,,Sale,-32,45.77,0
TXN04444,2023-04-28,PRD016,WH002,,Sale,-40,186.51,0
TXN05048,2023-04-28,PRD018,WH003,,Sale,-19,255.0,0
TXN05626,2023-04-28,PRD020,WH002,,Sale,-105,38.01,0
TXN06198,2023-04-28,PRD022,WH002,,Sale,-126,19.66,0
TXN08891,2023-04-28,PRD032,WH002,,Sale,-1,365.51,0
TXN08978,2023-04-28,PRD033,WH001,,Sale,-1,1346.59,0
TXN08979,2023-04-28,PRD033,WH001,,Sale,-1,1318.82,0
TXN09168,2023-04-28,PRD035,WH003,,Sale,-1,726.79,0
TXN01806,2023-05-01,PRD007,WH001,,Sale,-41,81.46,0
TXN02115,2023-05-01,PRD008,WH002,,Sale,-13,94.45,0
TXN02119,2023-05-01,PRD008,WH003,SUP003,Purchase,74,60.77,0
TXN02391,2023-05-01,PRD009,WH001,,Sale,-152,19.47,0
TXN02398,2023-05-01,PRD009,WH003,SUP005,Purchase,658,12.02,0
TXN02399,2023-05-01,PRD009,WH003,,Sale,-43,19.46,0
TXN02682,2023-05-01,PRD010,WH003,SUP005,Purchase,408,15.35,0
TXN03262,2023-05-01,PRD012,WH001,,Sale,-50,142.27,0
TXN03568,2023-05-01,PRD013,WH002,SUP002,Purchase,565,21.9,0
TXN04458,2023-05-01,PRD016,WH003,,Sale,-6,190.18,0
TXN04460,2023-05-01,PRD016,WH003,,Sale,-11,177.3,0
TXN05353,2023-05-01,PRD019,WH003,,Sale,-28,76.44,0
TXN05913,2023-05-01,PRD021,WH002,SUP004,Purchase,446,18.01,0
TXN06208,2023-05-01,PRD022,WH002,SUP010,Purchase,939,11.81,0
TXN06494,2023-05-01,PRD023,WH001,,Sale,-110,21.2,0
TXN06499,2023-05-01,PRD023,WH002,SUP006,Purchase,653,13.88,0
TXN06503,2023-05-01,PRD023,WH003,,Sale,-129,22.79,0
TXN06783,2023-05-01,PRD024,WH001,SUP006,Purchase,202,270.42,0
TXN07396,2023-05-01,PRD026,WH003,SUP010,Purchase,209,35.52,0
TXN07689,2023-05-01,PRD027,WH003,SUP009,Purchase,83,146.26,0
TXN07968,2023-05-01,PRD028,WH001,,Sale,-28,264.0,0
TXN07972,2023-05-01,PRD028,WH003,SUP006,Purchase,91,179.68,0
TXN08538,2023-05-01,PRD030,WH002,SUP008,Purchase,327,96.73,0
TXN08896,2023-05-01,PRD032,WH001,,Sale,-1,362.29,0
TXN00048,2023-05-02,PRD001,WH001,SUP001,Purchase,743,18.3,0
TXN00335,2023-05-02,PRD002,WH002,SUP001,Purchase,587,31.83,0
TXN01223,2023-05-02,PRD005,WH002,,Sale,-45,71.38,0
TXN01520,2023-05-02,PRD006,WH002,,Sale,-8,143.9,0
TXN01802,2023-05-02,PRD007,WH001,SUP002,Purchase,529,54.16,0
TXN01809,2023-05-02,PRD007,WH002,,Sale,-31,88.47,0
TXN02392,2023-05-02,PRD009,WH002,SUP005,Purchase,1066,11.82,0
TXN02393,2023-05-02,PRD009,WH002,,Sale,-96,19.28,0
TXN02395,2023-05-02,PRD009,WH002,,Sale,0,19.48,1
TXN02680,2023-05-02,PRD010,WH002,,Sale,-74,24.08,0
TXN02965,2023-05-02,PRD011,WH001,SUP001,Purchase,753,36.64,0
TXN02974,2023-05-02,PRD011,WH003,SUP001,Purchase,355,39.19,0
TXN03868,2023-05-02,PRD014,WH001,,Sale,-16,96.31,0
TXN03879,2023-05-02,PRD014,WH003,SUP002,Purchase,78,63.66,0
TXN04175,2023-05-02,PRD015,WH002,,Sale,-54,48.35,0
TXN05916,2023-05-02,PRD021,WH003,SUP004,Purchase,217,18.72,0
TXN06213,2023-05-02,PRD022,WH002,,Sale,-107,19.33,0
TXN07391,2023-05-02,PRD026,WH002,SUP010,Purchase,336,35.61,0
TXN08260,2023-05-02,PRD029,WH003,SUP008,Purchase,152,79.44,0
TXN08264,2023-05-02,PRD029,WH003,,Sale,-17,121.0,0
TXN08820,2023-05-02,PRD031,WH001,SUP009,Purchase,5,174.97,0
TXN08828,2023-05-02,PRD031,WH003,,Sale,-1,280.37,0
TXN08903,2023-05-02,PRD032,WH002,,Sale,-1,365.48,0
TXN08999,2023-05-02,PRD033,WH002,,Sale,-1,1379.72,0
TXN00051,2023-05-03,PRD001,WH002,SUP001,Purchase,575,18.32,0
TXN00646,2023-05-03,PRD003,WH003,SUP001,Purchase,126,87.33,0
TXN01514,2023-05-03,PRD006,WH001,SUP002,Purchase,100,91.62,0
TXN01527,2023-05-03,PRD006,WH003,,Sale,-9,149.75,0
TXN02117,2023-05-03,PRD008,WH002,,Sale,-18,93.46,0
TXN02387,2023-05-03,PRD009,WH001,SUP005,Purchase,1411,11.84,0
TXN02388,2023-05-03,PRD009,WH001,,Sale,-169,19.67,0
TXN02673,2023-05-03,PRD010,WH001,SUP005,Purchase,1055,15.18,0
TXN02675,2023-05-03,PRD010,WH001,,Sale,-140,24.11,0
TXN02684,2023-05-03,PRD010,WH003,,Sale,-136,24.26,0
TXN02970,2023-05-03,PRD011,WH002,SUP001,Purchase,557,39.51,0
TXN03260,2023-05-03,PRD012,WH001,SUP001,Purchase,673,92.45,0
TXN03881,2023-05-03,PRD014,WH003,,Sale,-10,95.1,0
TXN04177,2023-05-03,PRD015,WH003,SUP003,Purchase,263,29.49,0
TXN04754,2023-05-03,PRD017,WH003,,Sale,-34,168.46,0
TXN05632,2023-05-03,PRD020,WH001,,Sale,-88,36.82,0
TXN06204,2023-05-03,PRD022,WH001,,Sale,-138,20.0,0
TXN06493,2023-05-03,PRD023,WH001,SUP006,Purchase,1089,13.72,0
TXN06790,2023-05-03,PRD024,WH002,,Sale,-18,378.4,0
TXN07683,2023-05-03,PRD027,WH001,SUP009,Purchase,135,144.81,0
TXN07684,2023-05-03,PRD027,WH001,,Sale,-26,220.7,0
TXN07693,2023-05-03,PRD027,WH003,,Sale,-8,220.82,0
TXN08545,2023-05-03,PRD030,WH003,,Sale,-23,137.09,0
TXN00057,2023-05-04,PRD001,WH003,SUP001,Purchase,308,17.55,0
TXN00060,2023-05-04,PRD001,WH003,,Sale,-33,26.74,0
TXN00634,2023-05-04,PRD003,WH001,SUP001,Purchase,442,84.12,0
TXN00927,2023-05-04,PRD004,WH001,,Sale,-26,133.69,0
TXN01228,2023-05-04,PRD005,WH003,SUP002,Purchase,332,46.48,0
TXN02107,2023-05-04,PRD008,WH001,SUP003,Purchase,176,59.71,0
TXN02678,2023-05-04,PRD010,WH002,,Sale,0,24.69,1
TXN03264,2023-05-04,PRD012,WH001,,Sale,-37,138.64,0
TXN03266,2023-05-04,PRD012,WH002,SUP001,Purchase,448,93.82,0
TXN03564,2023-05-04,PRD013,WH001,SUP002,Purchase,704,22.28,0
TXN03878,2023-05-04,PRD014,WH002,,Sale,-24,95.23,0
TXN04180,2023-05-04,PRD015,WH003,,Sale,-13,46.89,0
TXN04448,2023-05-04,PRD016,WH001,SUP002,Purchase,163,122.87,0
TXN04747,2023-05-04,PRD017,WH002,SUP004,Purchase,335,129.2,0
TXN05631,2023-05-04,PRD020,WH001,SUP003,Purchase,950,24.87,0
TXN05636,2023-05-04,PRD020,WH002,SUP003,Purchase,843,24.7,0
TXN06207,2023-05-04,PRD022,WH001,,Sale,-169,20.18,0
TXN07386,2023-05-04,PRD026,WH001,SUP010,Purchase,432,34.72,0
TXN07388,2023-05-04,PRD026,WH001,,Sale,-40,53.6,0
TXN07686,2023-05-04,PRD027,WH002,SUP009,Purchase,122,146.56,0
TXN08255,2023-05-04,PRD029,WH002,,Sale,-35,116.21,0
TXN08261,2023-05-04,PRD029,WH003,,Sale,-14,124.2,0
TXN08827,2023-05-04,PRD031,WH003,SUP009,Purchase,5,174.49,0
TXN08905,2023-05-04,PRD032,WH003,SUP009,Purchase,5,215.75,0
TXN08994,2023-05-04,PRD033,WH002,SUP009,Purchase,5,838.78,0
TXN09000,2023-05-04,PRD033,WH003,SUP009,Purchase,5,843.16,0
TXN09086,2023-05-04,PRD034,WH001,SUP008,Purchase,5,337.26,0
TXN09091,2023-05-04,PRD034,WH001,,Sale,-1,560.23,0
TXN09092,2023-05-04,PRD034,WH002,SUP008,Purchase,5,350.12,0
TXN09183,2023-05-04,PRD035,WH002,,Sale,-1,742.19,0
TXN00340,2023-05-05,PRD002,WH003,SUP001,Purchase,257,31.62,0
TXN00637,2023-05-05,PRD003,WH001,,Sale,-25,126.05,0
TXN01810,2023-05-05,PRD007,WH002,,Sale,-27,86.84,0
TXN02969,2023-05-05,PRD011,WH001,,Sale,-62,60.63,0
TXN03261,2023-05-05,PRD012,WH001,,Sale,-36,144.57,0
TXN03867,2023-05-05,PRD014,WH001,SUP002,Purchase,198,66.3,0
TXN04172,2023-05-05,PRD015,WH001,,Sale,-87,47.01,0
TXN04455,2023-05-05,PRD016,WH002,,Sale,-11,187.31,0
TXN05060,2023-05-05,PRD018,WH003,SUP004,Purchase,169,200.84,0
TXN05345,2023-05-05,PRD019,WH001,,Sale,-83,78.24,0
TXN05356,2023-05-05,PRD019,WH003,,Sale,-18,75.58,0
TXN05915,2023-05-05,PRD021,WH002,,Sale,-93,28.6,0
TXN07091,2023-05-05,PRD025,WH001,,Sale,-23,128.81,0
TXN07967,2023-05-05,PRD028,WH001,,Sale,-52,267.11,0
TXN08250,2023-05-05,PRD029,WH001,,Sale,-37,118.04,0
TXN08262,2023-05-05,PRD029,WH003,,Sale,-12,119.85,0
TXN08539,2023-05-05,PRD030,WH002,,Sale,-50,146.02,0
TXN08544,2023-05-05,PRD030,WH003,,Sale,-17,136.44,0
TXN08995,2023-05-05,PRD033,WH002,,Sale,-1,1319.19,0
TXN09001,2023-05-05,PRD033,WH003,,Sale,-1,1349.0,0
TXN09095,2023-05-05,PRD034,WH003,SUP008,Purchase,5,352.45,0
TXN09175,2023-05-05,PRD035,WH001,,Sale,-1,784.96,0
TXN09186,2023-05-05,PRD035,WH003,,Sale,-1,750.0,0
TXN09187,2023-05-05,PRD035,WH003,,Sale,-1,736.67,0
TXN00934,2023-05-06,PRD004,WH003,,Sale,-12,140.0,0
TXN00935,2023-05-06,PRD004,WH003,,Sale,-11,139.24,0
TXN03265,2023-05-06,PRD012,WH001,,Sale,-40,138.72,0
TXN03571,2023-05-06,PRD013,WH002,,Sale,-40,35.02,0
TXN05054,2023-05-06,PRD018,WH002,SUP004,Purchase,340,197.94,0
TXN05642,2023-05-06,PRD020,WH003,,Sale,-118,36.12,0
TXN06203,2023-05-06,PRD022,WH001,SUP010,Purchase,0,12.18,1
TXN06787,2023-05-06,PRD024,WH002,SUP006,Purchase,159,280.0,0
TXN07099,2023-05-06,PRD025,WH003,SUP006,Purchase,105,96.31,0
TXN07102,2023-05-06,PRD025,WH003,,Sale,-14,130.47,0
TXN07966,2023-05-06,PRD028,WH001,SUP006,Purchase,221,185.87,0
TXN07969,2023-05-06,PRD028,WH002,SUP006,Purchase,140,191.25,0
TXN08252,2023-05-06,PRD029,WH001,,Sale,-31,115.53,0
TXN08254,2023-05-06,PRD029,WH002,SUP008,Purchase,315,79.25,0
TXN08542,2023-05-06,PRD030,WH003,SUP008,Purchase,197,97.35,0
TXN08895,2023-05-06,PRD032,WH001,SUP009,Purchase,5,223.07,0
TXN08990,2023-05-06,PRD033,WH001,SUP009,Purchase,5,880.77,0
TXN09090,2023-05-06,PRD034,WH001,,Sale,-1,577.32,0
TXN00647,2023-05-07,PRD003,WH003,,Sale,-16,130.07,0
TXN00924,2023-05-07,PRD004,WH001,,Sale,-22,146.64,0
TXN00930,2023-05-07,PRD004,WH002,,Sale,-24,134.36,0
TXN02113,2023-05-07,PRD008,WH002,SUP003,Purchase,145,59.58,0
TXN02394,2023-05-07,PRD009,WH002,,Sale,-89,19.3,0
TXN03269,2023-05-07,PRD012,WH003,SUP001,Purchase,254,98.3,0
TXN04174,2023-05-07,PRD015,WH002,SUP003,Purchase,318,29.55,0
TXN04743,2023-05-07,PRD017,WH001,SUP004,Purchase,460,130.58,0
TXN04751,2023-05-07,PRD017,WH002,,Sale,-27,182.87,0
TXN04752,2023-05-07,PRD017,WH002,,Sale,-23,180.34,0
TXN05049,2023-05-07,PRD018,WH001,SUP004,Purchase,296,194.07,0
TXN05341,2023-05-07,PRD019,WH001,SUP007,Purchase,738,56.7,0
TXN05919,2023-05-07,PRD021,WH003,,Sale,-65,26.61,0
TXN06210,2023-05-07,PRD022,WH002,,Sale,-103,20.76,0
TXN06502,2023-05-07,PRD023,WH003,SUP006,Purchase,436,13.74,0
TXN06789,2023-05-07,PRD024,WH002,,Sale,-16,370.32,0
TXN06792,2023-05-07,PRD024,WH003,SUP006,Purchase,78,287.02,0
TXN08248,2023-05-07,PRD029,WH001,SUP008,Purchase,401,77.78,0
TXN08265,2023-05-07,PRD029,WH003,,Sale,-13,119.0,0
TXN08534,2023-05-07,PRD030,WH001,SUP008,Purchase,417,95.64,0
TXN08536,2023-05-07,PRD030,WH001,,Sale,-34,138.72,0
TXN08829,2023-05-07,PRD031,WH003,,Sale,-1,271.38,0
TXN08907,2023-05-07,PRD032,WH003,,Sale,-1,346.92,0
TXN09093,2023-05-07,PRD034,WH002,,Sale,-1,540.66,0
TXN09173,2023-05-07,PRD035,WH001,SUP009,Purchase,6,465.54,0
TXN09178,2023-05-07,PRD035,WH002,SUP009,Purchase,5,466.06,0
TXN09188,2023-05-07,PRD035,WH003,,Sale,-1,738.02,0
TXN00332,2023-05-08,PRD002,WH001,SUP001,Purchase,620,31.74,0
TXN00343,2023-05-08,PRD002,WH003,,Sale,-25,51.54,0
TXN00640,2023-05-08,PRD003,WH002,SUP001,Purchase,270,88.17,0
TXN00922,2023-05-08,PRD004,WH001,SUP002,Purchase,240,91.47,0
TXN00928,2023-05-08,PRD004,WH002,SUP002,Purchase,0,87.51,1
TXN00933,2023-05-08,PRD004,WH003,SUP002,Purchase,153,89.92,0
TXN01814,2023-05-08,PRD007,WH003,SUP002,Purchase,240,56.06,0
TXN02676,2023-05-08,PRD010,WH002,SUP005,Purchase,647,15.49,0
TXN04178,2023-05-08,PRD015,WH003,,Sale,-25,45.68,0
TXN04454,2023-05-08,PRD016,WH002,,Sale,-21,188.68,0
TXN05351,2023-05-08,PRD019,WH003,SUP007,Purchase,393,55.91,0
TXN05355,2023-05-08,PRD019,WH003,,Sale,-27,78.04,0
TXN05640,2023-05-08,PRD020,WH003,SUP003,Purchase,529,24.99,0
TXN07095,2023-05-08,PRD025,WH002,SUP006,Purchase,155,97.78,0
TXN07975,2023-05-08,PRD028,WH003,,Adjustment,-8,185.0,0
TXN08253,2023-05-08,PRD029,WH001,,Sale,-39,124.76,0
TXN08541,2023-05-08,PRD030,WH002,,Sale,-24,137.39,0
TXN08822,2023-05-08,PRD031,WH001,,Sale,-1,267.1,0
TXN08901,2023-05-08,PRD032,WH002,SUP009,Purchase,5,224.29,0
TXN09184,2023-05-08,PRD035,WH003,SUP009,Purchase,5,489.45,0
TXN00050,2023-05-09,PRD001,WH001,,Sale,-126,28.47,0
TXN00333,2023-05-09,PRD002,WH001,,Sale,-113,49.37,0
TXN00926,2023-05-09,PRD004,WH001,,Sale,-38,140.0,0
TXN01218,2023-05-09,PRD005,WH001,SUP002,Purchase,891,45.66,0
TXN01222,2023-05-09,PRD005,WH002,SUP002,Purchase,706,46.18,0
TXN01519,2023-05-09,PRD006,WH002,SUP002,Purchase,110,92.55,0
TXN01525,2023-05-09,PRD006,WH003,SUP002,Purchase,58,92.79,0
TXN01808,2023-05-09,PRD007,WH002,SUP002,Purchase,300,54.54,0
TXN02397,2023-05-09,PRD009,WH002,,Sale,-75,19.64,0
TXN02681,2023-05-09,PRD010,WH002,,Sale,0,24.11,1
TXN02977,2023-05-09,PRD011,WH003,,Sale,-40,55.89,0
TXN03565,2023-05-09,PRD013,WH001,,Sale,-74,34.07,0
TXN03572,2023-05-09,PRD013,WH003,SUP002,Purchase,274,21.33,0
TXN03872,2023-05-09,PRD014,WH001,,Sale,-15,101.97,0
TXN03873,2023-05-09,PRD014,WH002,SUP002,Purchase,154,66.84,0
TXN04171,2023-05-09,PRD015,WH001,SUP003,Purchase,0,28.92,1
TXN04173,2023-05-09,PRD015,WH001,,Sale,-142,49.78,0
TXN04452,2023-05-09,PRD016,WH002,SUP002,Purchase,133,116.51,0
TXN04456,2023-05-09,PRD016,WH003,SUP002,Purchase,67,115.97,0
TXN04753,2023-05-09,PRD017,WH003,SUP004,Purchase,160,133.2,0
TXN05051,2023-05-09,PRD018,WH001,,Sale,-34,243.86,0
TXN05347,2023-05-09,PRD019,WH002,SUP007,Purchase,468,56.98,0
TXN05909,2023-05-09,PRD021,WH001,SUP004,Purchase,616,18.62,0
TXN05912,2023-05-09,PRD021,WH001,,Sale,-108,28.03,0
TXN06214,2023-05-09,PRD022,WH003,SUP010,Purchase,472,12.16,0
TXN06788,2023-05-09,PRD024,WH002,,Sale,-13,372.16,0
TXN07089,2023-05-09,PRD025,WH001,SUP006,Purchase,236,92.73,0
TXN07092,2023-05-09,PRD025,WH001,,Sale,-13,137.26,0
TXN07097,2023-05-09,PRD025,WH002,,Sale,-24,132.51,0
TXN08824,2023-05-09,PRD031,WH002,SUP009,Purchase,5,186.49,0
TXN08900,2023-05-09,PRD032,WH001,,Sale,-1,356.54,0
TXN09002,2023-05-09,PRD033,WH003,,Sale,-1,1299.98,0
TXN09089,2023-05-09,PRD034,WH001,,Sale,-1,551.56,0
TXN01518,2023-05-10,PRD006,WH001,,Sale,-11,151.67,0
TXN01523,2023-05-10,PRD006,WH002,,Sale,-9,149.56,0
TXN01818,2023-05-10,PRD007,WH003,,Sale,-16,84.78,0
TXN02971,2023-05-10,PRD011,WH002,,Sale,-85,56.37,0
TXN02978,2023-05-10,PRD011,WH003,,Sale,-31,56.87,0
TXN03870,2023-05-10,PRD014,WH001,,Sale,-18,98.81,0
TXN04744,2023-05-10,PRD017,WH001,,Sale,-55,181.14,0
TXN07394,2023-05-10,PRD026,WH002,,Sale,-23,53.62,0
TXN07685,2023-05-10,PRD027,WH001,,Sale,-35,219.66,0
TXN07688,2023-05-10,PRD027,WH002,,Sale,-18,228.02,0
TXN09088,2023-05-10,PRD034,WH001,,Sale,-1,565.1,0
TXN09179,2023-05-10,PRD035,WH002,,Sale,-1,757.26,0
TXN00056,2023-05-11,PRD001,WH002,,Sale,-49,28.84,0
TXN01516,2023-05-11,PRD006,WH001,,Sale,-11,156.31,0
TXN01819,2023-05-11,PRD007,WH003,,Sale,-31,81.31,0
TXN02400,2023-05-11,PRD009,WH003,,Sale,-59,19.48,0
TXN05064,2023-05-11,PRD018,WH003,,Sale,-12,250.0,0
TXN05354,2023-05-11,PRD019,WH003,,Sale,-21,77.81,0
TXN05911,2023-05-11,PRD021,WH001,,Sale,-86,29.34,0
TXN05918,2023-05-11,PRD021,WH003,,Sale,-42,26.6,0
TXN06206,2023-05-11,PRD022,WH001,,Sale,-237,20.4,0
TXN06215,2023-05-11,PRD022,WH003,,Sale,-64,20.27,0
TXN07090,2023-05-11,PRD025,WH001,,Sale,-20,140.34,0
TXN07398,2023-05-11,PRD026,WH003,,Sale,-28,52.34,0
TXN07971,2023-05-11,PRD028,WH002,,Sale,-38,276.99,0
TXN08251,2023-05-11,PRD029,WH001,,Sale,-41,121.58,0
TXN08537,2023-05-11,PRD030,WH001,,Sale,-66,134.82,0
TXN08546,2023-05-11,PRD030,WH003,,Sale,-27,145.41,0
TXN00342,2023-05-12,PRD002,WH003,,Sale,-43,48.07,0
TXN00641,2023-05-12,PRD003,WH002,,Sale,-27,125.7,0
TXN01225,2023-05-12,PRD005,WH002,,Sale,-59,70.62,0
TXN01521,2023-05-12,PRD006,WH002,,Sale,-8,155.96,0
TXN01803,2023-05-12,PRD007,WH001,,Sale,-34,81.54,0
TXN01812,2023-05-12,PRD007,WH002,,Sale,-27,83.37,0
TXN02967,2023-05-12,PRD011,WH001,,Sale,-50,60.2,0
TXN02972,2023-05-12,PRD011,WH002,,Sale,-59,56.54,0
TXN03874,2023-05-12,PRD014,WH002,,Sale,-12,102.19,0
TXN04749,2023-05-12,PRD017,WH002,,Sale,-21,181.05,0
TXN05052,2023-05-12,PRD018,WH001,,Sale,-52,244.04,0
TXN06212,2023-05-12,PRD022,WH002,,Sale,-93,19.19,0
TXN06216,2023-05-12,PRD022,WH003,,Sale,-57,20.47,0
TXN06496,2023-05-12,PRD023,WH001,,Sale,-89,21.97,0
TXN06785,2023-05-12,PRD024,WH001,,Sale,-24,384.45,0
TXN06791,2023-05-12,PRD024,WH002,,Sale,-14,380.0,0
TXN07389,2023-05-12,PRD026,WH001,,Sale,-26,56.47,0
TXN07395,2023-05-12,PRD026,WH002,,Sale,-42,53.49,0
TXN08256,2023-05-12,PRD029,WH002,,Sale,-20,120.22,0
TXN08906,2023-05-12,PRD032,WH003,,Sale,-1,333.66,0
TXN09003,2023-05-12,PRD033,WH003,,Sale,-1,1376.62,0
TXN09185,2023-05-12,PRD035,WH003,,Sale,-1,774.14,0
TXN01811,2023-05-13,PRD007,WH002,,Sale,-28,83.92,0
TXN02403,2023-05-13,PRD009,WH003,,Sale,-43,20.04,0
TXN02973,2023-05-13,PRD011,WH002,,Sale,-68,57.55,0
TXN03569,2023-05-13,PRD013,WH002,,Sale,-59,33.95,0
TXN03871,2023-05-13,PRD014,WH001,,Sale,-21,98.88,0
TXN04745,2023-05-13,PRD017,WH001,,Sale,-68,173.0,0
TXN07093,2023-05-13,PRD025,WH001,,Sale,-14,139.1,0
TXN07970,2023-05-13,PRD028,WH002,,Sale,-39,271.06,0
TXN08540,2023-05-13,PRD030,WH002,,Sale,-36,137.41,0
TXN09176,2023-05-13,PRD035,WH001,,Sale,-1,722.21,0
TXN09177,2023-05-13,PRD035,WH001,,Sale,-1,718.86,0
TXN00052,2023-05-14,PRD001,WH002,,Sale,-50,27.13,0
TXN00053,2023-05-14,PRD001,WH002,,Sale,-39,27.59,0
TXN00923,2023-05-14,PRD004,WH001,,Sale,-22,135.2,0
TXN01227,2023-05-14,PRD005,WH002,,Sale,-42,67.44,0
TXN01229,2023-05-14,PRD005,WH003,,Sale,-80,68.3,0
TXN01517,2023-05-14,PRD006,WH001,,Sale,-7,150.0,0
TXN02975,2023-05-14,PRD011,WH003,,Sale,-24,59.04,0
TXN03574,2023-05-14,PRD013,WH003,,Sale,-42,33.92,0
TXN04748,2023-05-14,PRD017,WH002,,Sale,-26,168.87,0
TXN05050,2023-05-14,PRD018,WH001,,Sale,-29,246.13,0
TXN05061,2023-05-14,PRD018,WH003,,Sale,-15,262.2,0
TXN05349,2023-05-14,PRD019,WH002,,Sale,-83,77.92,0
TXN05914,2023-05-14,PRD021,WH002,,Sale,0,27.49,1
TXN07094,2023-05-14,PRD025,WH001,,Sale,-21,133.55,0
TXN08826,2023-05-14,PRD031,WH002,,Sale,-1,274.46,0
TXN08897,2023-05-14,PRD032,WH001,,Sale,-1,355.02,0
TXN00058,2023-05-15,PRD001,WH003,,Sale,-23,27.3,0
TXN00059,2023-05-15,PRD001,WH003,,Sale,-37,28.86,0
TXN00936,2023-05-15,PRD004,WH003,,Sale,-11,136.69,0
TXN02396,2023-05-15,PRD009,WH002,,Sale,-110,20.48,0
TXN03567,2023-05-15,PRD013,WH001,,Sale,-46,33.68,0
TXN03876,2023-05-15,PRD014,WH002,,Sale,-10,104.19,0
TXN05059,2023-05-15,PRD018,WH002,,Sale,-23,261.51,0
TXN05350,2023-05-15,PRD019,WH002,,Sale,-52,73.2,0
TXN06497,2023-05-15,PRD023,WH001,,Sale,-150,20.91,0
TXN07101,2023-05-15,PRD025,WH003,,Sale,-11,135.15,0
TXN07390,2023-05-15,PRD026,WH001,,Sale,-40,53.27,0
TXN07974,2023-05-15,PRD028,WH003,,Sale,-19,261.47,0
TXN08992,2023-05-15,PRD033,WH001,,Sale,-1,1384.22,0
TXN09096,2023-05-15,PRD034,WH003,,Sale,-1,537.69,0
TXN00334,2023-05-16,PRD002,WH001,,Sale,-112,47.84,0
TXN00642,2023-05-16,PRD003,WH002,,Sale,-26,125.89,0
TXN00649,2023-05-16,PRD003,WH003,,Sale,-31,132.07,0
TXN01221,2023-05-16,PRD005,WH001,,Sale,-71,71.12,0
TXN03875,2023-05-16,PRD014,WH002,,Sale,-14,97.82,0
TXN06786,2023-05-16,PRD024,WH001,,Sale,-18,393.84,0
TXN07100,2023-05-16,PRD025,WH003,,Sale,-11,141.45,0
TXN07397,2023-05-16,PRD026,WH003,,Sale,-27,52.9,0
TXN08898,2023-05-16,PRD032,WH001,,Sale,-1,359.64,0
TXN08996,2023-05-16,PRD033,WH002,,Sale,-1,1332.19,0
TXN02109,2023-05-17,PRD008,WH001,,Sale,-19,91.88,0
TXN02112,2023-05-17,PRD008,WH001,,Sale,-30,94.26,0
TXN02114,2023-05-17,PRD008,WH002,,Sale,-19,97.8,0
TXN02121,2023-05-17,PRD008,WH003,,Sale,-20,99.49,0
TXN02968,2023-05-17,PRD011,WH001,,Sale,-74,58.96,0
TXN05344,2023-05-17,PRD019,WH001,,Sale,-45,77.41,0
TXN06498,2023-05-17,PRD023,WH001,,Sale,-174,21.78,0
TXN07393,2023-05-17,PRD026,WH002,,Sale,-40,56.93,0
TXN07687,2023-05-17,PRD027,WH002,,Sale,-27,216.47,0
TXN08249,2023-05-17,PRD029,WH001,,Sale,-36,121.27,0
TXN08259,2023-05-17,PRD029,WH002,,Sale,-24,124.59,0
TXN08535,2023-05-17,PRD030,WH001,,Sale,-58,137.5,0
TXN08899,2023-05-17,PRD032,WH001,,Sale,-1,350.0,0
TXN09174,2023-05-17,PRD035,WH001,,Sale,-1,736.51,0
TXN00925,2023-05-18,PRD004,WH001,,Sale,-31,143.11,0
TXN01220,2023-05-18,PRD005,WH001,,Sale,-145,70.02,0
TXN01813,2023-05-18,PRD007,WH002,,Sale,-34,81.49,0
TXN04181,2023-05-18,PRD015,WH003,,Sale,-23,46.2,0
TXN04450,2023-05-18,PRD016,WH001,,Sale,-22,185.97,0
TXN04451,2023-05-18,PRD016,WH001,,Sale,-35,177.48,0
TXN05635,2023-05-18,PRD020,WH001,,Sale,-68,39.33,0
TXN06784,2023-05-18,PRD024,WH001,,Sale,-36,369.39,0
TXN07387,2023-05-18,PRD026,WH001,,Sale,-40,53.22,0
TXN08902,2023-05-18,PRD032,WH002,,Sale,-1,345.37,0
TXN00336,2023-05-19,PRD002,WH002,,Sale,-59,52.28,0
TXN00636,2023-05-19,PRD003,WH001,,Sale,-22,131.03,0
TXN00638,2023-05-19,PRD003,WH001,,Sale,-23,134.33,0
TXN00937,2023-05-19,PRD004,WH003,,Sale,-18,133.86,0
TXN01817,2023-05-19,PRD007,WH003,,Sale,-14,85.83,0
TXN02389,2023-05-19,PRD009,WH001,,Sale,-159,19.9,0
TXN02976,2023-05-19,PRD011,WH003,,Sale,-29,55.91,0
TXN03271,2023-05-19,PRD012,WH003,,Sale,-25,139.23,0
TXN03272,2023-05-19,PRD012,WH003,,Sale,-46,147.1,0
TXN03570,2023-05-19,PRD013,WH002,,Sale,-73,36.1,0
TXN06211,2023-05-19,PRD022,WH002,,Sale,-112,20.18,0
TXN06504,2023-05-19,PRD023,WH003,,Sale,-123,21.16,0
TXN06794,2023-05-19,PRD024,WH003,,Sale,-17,383.21,0
TXN07103,2023-05-19,PRD025,WH003,,Sale,-16,132.14,0
TXN07399,2023-05-19,PRD026,WH003,,Sale,-19,52.88,0
TXN09097,2023-05-19,PRD034,WH003,,Sale,-1,529.24,0
TXN00648,2023-05-20,PRD003,WH003,,Sale,-20,130.0,0
TXN01219,2023-05-20,PRD005,WH001,,Sale,-87,70.7,0
TXN03573,2023-05-20,PRD013,WH003,,Sale,-32,34.5,0
TXN03869,2023-05-20,PRD014,WH001,,Sale,-25,95.11,0
TXN04179,2023-05-20,PRD015,WH003,,Sale,-24,49.02,0
TXN04449,2023-05-20,PRD016,WH001,,Sale,-30,185.81,0
TXN08543,2023-05-20,PRD030,WH003,,Sale,-15,142.66,0
TXN09094,2023-05-20,PRD034,WH002,,Sale,-1,538.49,0
TXN09181,2023-05-20,PRD035,WH002,,Sale,-1,781.31,0
TXN00055,2023-05-21,PRD001,WH002,,Sale,-64,26.88,0
TXN00639,2023-05-21,PRD003,WH001,,Sale,-33,135.77,0
TXN00643,2023-05-21,PRD003,WH002,,Sale,-27,135.94,0
TXN00931,2023-05-21,PRD004,WH002,,Sale,-18,137.09,0
TXN01804,2023-05-21,PRD007,WH001,,Sale,-32,82.41,0
TXN02120,2023-05-21,PRD008,WH003,,Sale,-10,99.56,0
TXN05056,2023-05-21,PRD018,WH002,,Sale,-20,254.66,0
TXN05058,2023-05-21,PRD018,WH002,,Sale,-23,252.39,0
TXN05343,2023-05-21,PRD019,WH001,,Sale,-38,76.4,0
TXN05641,2023-05-21,PRD020,WH003,,Sale,-89,38.85,0
TXN05910,2023-05-21,PRD021,WH001,,Sale,-155,26.96,0
TXN06209,2023-05-21,PRD022,WH002,,Sale,-93,19.76,0
TXN07392,2023-05-21,PRD026,WH002,,Sale,-39,53.67,0
TXN07692,2023-05-21,PRD027,WH003,,Sale,-9,213.96,0
TXN08998,2023-05-21,PRD033,WH002,,Sale,-1,1360.09,0
TXN09087,2023-05-21,PRD034,WH001,,Sale,-1,531.6,0
TXN00337,2023-05-22,PRD002,WH002,,Sale,-58,48.11,0
TXN00338,2023-05-22,PRD002,WH002,,Sale,-51,52.21,0
TXN00645,2023-05-22,PRD003,WH002,,Sale,-26,124.13,0
TXN01515,2023-05-22,PRD006,WH001,,Sale,-14,151.17,0
TXN01807,2023-05-22,PRD007,WH001,,Sale,-66,86.46,0
TXN02111,2023-05-22,PRD008,WH001,,Sale,-21,92.58,0
TXN02122,2023-05-22,PRD008,WH003,,Sale,-14,96.91,0
TXN02401,2023-05-22,PRD009,WH003,,Sale,-50,20.98,0
TXN03877,2023-05-22,PRD014,WH002,,Sale,-12,104.13,0
TXN05342,2023-05-22,PRD019,WH001,,Sale,-73,78.03,0
TXN05348,2023-05-22,PRD019,WH002,,Sale,-88,73.35,0
TXN05920,2023-05-22,PRD021,WH003,SUP004,Return,17,14.4,0
TXN08904,2023-05-22,PRD032,WH002,,Sale,-1,354.58,0
TXN09182,2023-05-22,PRD035,WH002,,Sale,-1,743.48,0
TXN00650,2023-05-23,PRD003,WH003,SUP001,Return,18,68.0,0
TXN02110,2023-05-23,PRD008,WH001,,Sale,-18,97.42,0
TXN02116,2023-05-23,PRD008,WH002,,Sale,-17,97.91,0
TXN02402,2023-05-23,PRD009,WH003,,Sale,-58,20.44,0
TXN03263,2023-05-23,PRD012,WH001,,Sale,-28,139.11,0
TXN04459,2023-05-23,PRD016,WH003,,Sale,-11,176.2,0
TXN04746,2023-05-23,PRD017,WH001,,Sale,-71,174.84,0
TXN04750,2023-05-23,PRD017,WH002,,Sale,-43,169.18,0
TXN05055,2023-05-23,PRD018,WH002,,Sale,-20,257.11,0
TXN05063,2023-05-23,PRD018,WH003,,Sale,-19,252.47,0
TXN05634,2023-05-23,PRD020,WH001,,Sale,-147,38.41,0
TXN05638,2023-05-23,PRD020,WH002,,Sale,-99,39.66,0
TXN05639,2023-05-23,PRD020,WH002,,Sale,-116,36.18,0
TXN08821,2023-05-23,PRD031,WH001,,Sale,0,271.71,1
TXN08825,2023-05-23,PRD031,WH002,,Sale,-1,267.97,0
TXN08991,2023-05-23,PRD033,WH001,,Sale,-1,1384.96,0
TXN08997,2023-05-23,PRD033,WH002,,Sale,-1,1357.83,0
TXN00339,2023-05-24,PRD002,WH002,,Sale,-58,47.76,0
TXN00635,2023-05-24,PRD003,WH001,,Sale,-33,125.4,0
TXN00651,2023-05-24,PRD003,WH003,,Adjustment,-3,85.0,0
TXN01230,2023-05-24,PRD005,WH003,,Sale,-35,72.03,0
TXN01526,2023-05-24,PRD006,WH003,,Sale,-6,157.19,0
TXN01816,2023-05-24,PRD007,WH003,,Sale,-25,88.37,0
TXN02390,2023-05-24,PRD009,WH001,,Sale,-145,19.46,0
TXN02677,2023-05-24,PRD010,WH002,,Sale,-50,25.63,0
TXN02683,2023-05-24,PRD010,WH003,,Sale,-69,25.8,0
TXN03268,2023-05-24,PRD012,WH002,,Sale,-107,142.18,0
TXN03270,2023-05-24,PRD012,WH003,,Sale,-23,140.89,0
TXN05346,2023-05-24,PRD019,WH001,,Sale,-37,75.37,0
TXN05917,2023-05-24,PRD021,WH003,,Sale,-59,27.02,0
TXN06495,2023-05-24,PRD023,WH001,,Sale,-114,22.08,0
TXN06501,2023-05-24,PRD023,WH002,,Sale,-169,22.07,0
TXN07690,2023-05-24,PRD027,WH003,,Sale,-4,228.22,0
TXN07691,2023-05-24,PRD027,WH003,,Sale,-6,213.97,0
TXN00062,2023-05-25,PRD001,WH003,,Sale,-13,28.98,0
TXN01226,2023-05-25,PRD005,WH002,,Sale,-54,72.36,0
TXN01522,2023-05-25,PRD006,WH002,,Sale,-11,148.91,0
TXN02118,2023-05-25,PRD008,WH002,,Sale,-10,91.81,0
TXN03566,2023-05-25,PRD013,WH001,,Sale,-99,34.49,0
TXN04182,2023-05-25,PRD015,WH003,,Sale,-16,47.37,0
TXN05062,2023-05-25,PRD018,WH003,,Sale,-15,241.38,0
TXN06218,2023-05-25,PRD022,WH003,,Sale,-37,19.64,0
TXN06793,2023-05-25,PRD024,WH003,,Sale,-15,365.87,0
TXN07973,2023-05-25,PRD028,WH003,,Sale,-22,252.41,0
TXN08263,2023-05-25,PRD029,WH003,,Sale,-15,117.3,0
TXN08993,2023-05-25,PRD033,WH001,,Sale,-1,1385.18,0
TXN09004,2023-05-25,PRD033,WH003,,Sale,-1,1352.65,0
TXN01224,2023-05-26,PRD005,WH002,,Sale,-48,69.87,0
TXN01528,2023-05-26,PRD006,WH003,,Sale,-10,157.29,0
TXN01805,2023-05-26,PRD007,WH001,,Sale,-48,88.7,0
TXN01815,2023-05-26,PRD007,WH003,,Sale,-17,86.94,0
TXN03575,2023-05-26,PRD013,WH003,,Sale,-30,35.02,0
TXN03880,2023-05-26,PRD014,WH003,,Sale,-10,97.37,0
TXN03882,2023-05-26,PRD014,WH003,,Sale,-13,98.41,0
TXN05057,2023-05-26,PRD018,WH002,,Sale,-33,255.65,0
TXN05633,2023-05-26,PRD020,WH001,,Sale,-136,36.7,0
TXN06219,2023-05-26,PRD022,WH003,,Sale,-53,19.96,0
TXN07096,2023-05-26,PRD025,WH002,,Sale,-26,130.2,0
TXN07098,2023-05-26,PRD025,WH002,,Sale,-32,140.53,0
TXN09005,2023-05-26,PRD033,WH003,,Sale,-1,1394.94,0
TXN09180,2023-05-26,PRD035,WH002,,Sale,-1,783.09,0
TXN00061,2023-05-27,PRD001,WH003,,Sale,-32,26.64,0
TXN00644,2023-05-27,PRD003,WH002,,Sale,-20,134.51,0
TXN00929,2023-05-27,PRD004,WH002,,Sale,-15,142.27,0
TXN02108,2023-05-27,PRD008,WH001,,Sale,-13,97.94,0
TXN02674,2023-05-27,PRD010,WH001,,Sale,-208,24.74,0
TXN02679,2023-05-27,PRD010,WH002,,Sale,-38,23.78,0
TXN02966,2023-05-27,PRD011,WH001,,Sale,-52,55.1,0
TXN03267,2023-05-27,PRD012,WH002,,Sale,-85,150.97,0
TXN04453,2023-05-27,PRD016,WH002,,Sale,-18,179.55,0
TXN04755,2023-05-27,PRD017,WH003,,Sale,-54,177.54,0
TXN05053,2023-05-27,PRD018,WH001,,Sale,-41,250.79,0
TXN05065,2023-05-27,PRD018,WH003,,Sale,-17,249.48,0
TXN06205,2023-05-27,PRD022,WH001,,Sale,-157,19.51,0
TXN06217,2023-05-27,PRD022,WH003,,Sale,-47,20.48,0
TXN06500,2023-05-27,PRD023,WH002,,Sale,-170,20.92,0
TXN08257,2023-05-27,PRD029,WH002,,Sale,-34,117.15,0
TXN00049,2023-05-28,PRD001,WH001,,Sale,-205,27.53,0
TXN00054,2023-05-28,PRD001,WH002,,Sale,-53,28.64,0
TXN00341,2023-05-28,PRD002,WH003,,Sale,-35,48.04,0
TXN00932,2023-05-28,PRD004,WH002,,Sale,-19,134.62,0
TXN01524,2023-05-28,PRD006,WH002,,Sale,-7,146.62,0
TXN04176,2023-05-28,PRD015,WH002,,Sale,-106,50.18,0
TXN04457,2023-05-28,PRD016,WH003,,Sale,-9,182.0,0
TXN05352,2023-05-28,PRD019,WH003,,Sale,-32,76.11,0
TXN05637,2023-05-28,PRD020,WH002,,Sale,-110,36.34,0
TXN08258,2023-05-28,PRD029,WH002,,Sale,-35,121.55,0
TXN08823,2023-05-28,PRD031,WH001,,Sale,-1,274.55,0
TXN01533,2023-05-31,PRD006,WH002,,Sale,-8,149.47,0
TXN01539,2023-05-31,PRD006,WH003,,Sale,-9,144.21,0
TXN01829,2023-05-31,PRD007,WH003,,Sale,-19,81.76,0
TXN02687,2023-05-31,PRD010,WH001,,Sale,-91,25.81,0
TXN02988,2023-05-31,PRD011,WH003,,Sale,-28,57.78,0
TXN05649,2023-05-31,PRD020,WH002,,Sale,-61,39.86,0
TXN05922,2023-05-31,PRD021,WH001,,Sale,-70,26.61,0
TXN06224,2023-05-31,PRD022,WH002,,Sale,-179,20.51,0
TXN07104,2023-05-31,PRD025,WH001,,Sale,-18,141.19,0
TXN07697,2023-05-31,PRD027,WH001,,Sale,-16,212.11,0
TXN08919,2023-05-31,PRD032,WH003,,Sale,-1,366.35,0
TXN09192,2023-05-31,PRD035,WH002,,Sale,-1,759.45,0
TXN00066,2023-06-01,PRD001,WH002,,Sale,-44,28.22,0
TXN00351,2023-06-01,PRD002,WH003,,Sale,-38,48.28,0
TXN00352,2023-06-01,PRD002,WH003,,Sale,-39,50.87,0
TXN00943,2023-06-01,PRD004,WH002,,Sale,-25,140.03,0
TXN03277,2023-06-01,PRD012,WH002,,Sale,-34,139.74,0
TXN03582,2023-06-01,PRD013,WH002,,Sale,-57,33.74,0
TXN03585,2023-06-01,PRD013,WH002,,Sale,-52,35.34,0
TXN04185,2023-06-01,PRD015,WH001,,Sale,-82,47.49,0
TXN05075,2023-06-01,PRD018,WH003,,Sale,-11,255.29,0
TXN05358,2023-06-01,PRD019,WH001,,Sale,-119,78.19,0
TXN05361,2023-06-01,PRD019,WH002,,Sale,-59,71.52,0
TXN08547,2023-06-01,PRD030,WH001,,Sale,-45,145.79,0
TXN08548,2023-06-01,PRD030,WH001,,Sale,-31,138.76,0
TXN09010,2023-06-01,PRD033,WH002,,Sale,-1,1310.1,0
TXN00348,2023-06-02,PRD002,WH002,,Sale,-70,51.23,0
TXN00942,2023-06-02,PRD004,WH002,,Sale,-19,138.53,0
TXN02128,2023-06-02,PRD008,WH002,,Sale,-22,90.6,0
TXN02694,2023-06-02,PRD010,WH003,,Sale,0,25.29,1
TXN02695,2023-06-02,PRD010,WH003,,Sale,-24,25.99,0
TXN03578,2023-06-02,PRD013,WH001,,Sale,-35,34.77,0
TXN03885,2023-06-02,PRD014,WH001,,Sale,-26,96.86,0
TXN03886,2023-06-02,PRD014,WH001,,Sale,-21,95.04,0
TXN04466,2023-06-02,PRD016,WH003,,Sale,-17,185.85,0
TXN04756,2023-06-02,PRD017,WH001,,Sale,-61,175.34,0
TXN04759,2023-06-02,PRD017,WH002,,Sale,-26,177.89,0
TXN05932,2023-06-02,PRD021,WH003,,Sale,-43,29.24,0
TXN06806,2023-06-02,PRD024,WH003,,Sale,-10,370.6,0
TXN07699,2023-06-02,PRD027,WH002,,Sale,-11,216.68,0
TXN07704,2023-06-02,PRD027,WH003,,Sale,-8,229.17,0
TXN08272,2023-06-02,PRD029,WH002,,Sale,-24,124.05,0
TXN08549,2023-06-02,PRD030,WH001,,Sale,-43,135.72,0
TXN09015,2023-06-02,PRD033,WH003,,Sale,-1,1299.76,0
TXN00071,2023-06-03,PRD001,WH003,,Sale,-70,29.24,0
TXN02693,2023-06-03,PRD010,WH003,,Sale,-22,26.14,0
TXN05924,2023-06-03,PRD021,WH001,,Sale,-132,27.31,0
TXN08552,2023-06-03,PRD030,WH002,,Sale,-37,140.71,0
TXN09012,2023-06-03,PRD033,WH003,,Sale,-1,1367.85,0
TXN00346,2023-06-04,PRD002,WH002,,Sale,-40,50.33,0
TXN00347,2023-06-04,PRD002,WH002,,Sale,-50,51.2,0
TXN00654,2023-06-04,PRD003,WH001,,Sale,-21,126.63,0
TXN01232,2023-06-04,PRD005,WH001,,Sale,-164,69.48,0
TXN01238,2023-06-04,PRD005,WH003,,Sale,-25,72.48,0
TXN01825,2023-06-04,PRD007,WH003,,Sale,-19,82.98,0
TXN02124,2023-06-04,PRD008,WH001,,Sale,-29,96.9,0
TXN02690,2023-06-04,PRD010,WH002,,Sale,-76,24.63,0
TXN03276,2023-06-04,PRD012,WH001,,Sale,-85,139.83,0
TXN03584,2023-06-04,PRD013,WH002,,Sale,-46,35.68,0
TXN03588,2023-06-04,PRD013,WH003,,Sale,-40,35.85,0
TXN04186,2023-06-04,PRD015,WH002,,Sale,-36,46.76,0
TXN05363,2023-06-04,PRD019,WH002,,Sale,-41,71.74,0
TXN06505,2023-06-04,PRD023,WH001,,Sale,-146,20.95,0
TXN06511,2023-06-04,PRD023,WH002,,Sale,-95,22.8,0
TXN06514,2023-06-04,PRD023,WH003,,Sale,-69,21.0,0
TXN07112,2023-06-04,PRD025,WH002,,Sale,-12,129.23,0
TXN07114,2023-06-04,PRD025,WH003,,Sale,-11,138.88,0
TXN08267,2023-06-04,PRD029,WH001,,Sale,-43,120.0,0
TXN08554,2023-06-04,PRD030,WH002,,Sale,-43,139.69,0
TXN08556,2023-06-04,PRD030,WH003,,Sale,-35,135.36,0
TXN08915,2023-06-04,PRD032,WH003,,Sale,-1,361.74,0
TXN08918,2023-06-04,PRD032,WH003,,Sale,-1,349.11,0
TXN00063,2023-06-05,PRD001,WH001,,Sale,-165,27.66,0
TXN00069,2023-06-05,PRD001,WH002,,Sale,-70,26.76,0
TXN00653,2023-06-05,PRD003,WH001,,Sale,-40,124.89,0
TXN00661,2023-06-05,PRD003,WH003,,Sale,-26,124.57,0
TXN00945,2023-06-05,PRD004,WH003,,Sale,-19,146.29,0
TXN01240,2023-06-05,PRD005,WH003,,Sale,-30,67.2,0
TXN02132,2023-06-05,PRD008,WH003,,Sale,-10,90.47,0
TXN02696,2023-06-05,PRD010,WH003,,Sale,-38,24.82,0
TXN02697,2023-06-05,PRD010,WH003,,Sale,-30,25.45,0
TXN03274,2023-06-05,PRD012,WH001,,Sale,-60,137.79,0
TXN03891,2023-06-05,PRD014,WH003,,Sale,-9,100.08,0
TXN04760,2023-06-05,PRD017,WH002,,Sale,-21,182.0,0
TXN05070,2023-06-05,PRD018,WH002,,Sale,-30,250.54,0
TXN05073,2023-06-05,PRD018,WH003,,Sale,-15,261.09,0
TXN05074,2023-06-05,PRD018,WH003,,Sale,-11,250.43,0
TXN06228,2023-06-05,PRD022,WH003,,Sale,-58,20.29,0
TXN06229,2023-06-05,PRD022,WH003,,Sale,-55,20.59,0
TXN06506,2023-06-05,PRD023,WH001,,Sale,-176,22.41,0
TXN06509,2023-06-05,PRD023,WH002,,Sale,-98,23.03,0
TXN06796,2023-06-05,PRD024,WH001,,Sale,-14,379.47,0
TXN07404,2023-06-05,PRD026,WH002,,Sale,-66,52.79,0
TXN07701,2023-06-05,PRD027,WH002,,Sale,-9,224.26,0
TXN07982,2023-06-05,PRD028,WH002,,Sale,-8,271.21,0
TXN00946,2023-06-06,PRD004,WH003,,Sale,-12,144.32,0
TXN02125,2023-06-06,PRD008,WH001,,Sale,-26,98.68,0
TXN02404,2023-06-06,PRD009,WH001,,Sale,-222,19.1,0
TXN02405,2023-06-06,PRD009,WH001,,Sale,-489,19.25,0
TXN02406,2023-06-06,PRD009,WH002,,Sale,-172,19.47,0
TXN02408,2023-06-06,PRD009,WH002,,Sale,-130,19.49,0
TXN03275,2023-06-06,PRD012,WH001,,Sale,-51,139.07,0
TXN03888,2023-06-06,PRD014,WH002,,Sale,-36,99.76,0
TXN03892,2023-06-06,PRD014,WH003,,Sale,-11,97.63,0
TXN05076,2023-06-06,PRD018,WH003,,Sale,-11,241.69,0
TXN06221,2023-06-06,PRD022,WH001,,Sale,-150,20.72,0
TXN06227,2023-06-06,PRD022,WH003,,Sale,-71,20.18,0
TXN07401,2023-06-06,PRD026,WH001,,Sale,-63,56.96,0
TXN07695,2023-06-06,PRD027,WH001,,Sale,-10,210.98,0
TXN07698,2023-06-06,PRD027,WH001,,Sale,-13,214.89,0
TXN09006,2023-06-06,PRD033,WH001,,Sale,-1,1296.27,0
TXN09193,2023-06-06,PRD035,WH003,,Sale,-1,766.42,0
TXN03887,2023-06-07,PRD014,WH001,,Sale,-19,97.1,0
TXN04188,2023-06-07,PRD015,WH002,,Sale,-40,47.78,0
TXN05643,2023-06-07,PRD020,WH001,,Sale,-266,39.03,0
TXN05647,2023-06-07,PRD020,WH002,,Sale,-48,38.16,0
TXN05927,2023-06-07,PRD021,WH002,,Sale,-55,28.0,0
TXN07109,2023-06-07,PRD025,WH002,,Sale,-12,138.24,0
TXN08830,2023-06-07,PRD031,WH001,,Sale,-1,287.29,0
TXN09007,2023-06-07,PRD033,WH001,,Sale,-1,1379.36,0
TXN09011,2023-06-07,PRD033,WH003,,Sale,-1,1402.23,0
TXN00064,2023-06-08,PRD001,WH001,,Sale,-151,29.19,0
TXN00655,2023-06-08,PRD003,WH001,,Sale,-37,134.1,0
TXN01820,2023-06-08,PRD007,WH001,,Sale,-93,84.27,0
TXN02123,2023-06-08,PRD008,WH001,,Sale,-17,98.8,0
TXN02410,2023-06-08,PRD009,WH003,,Sale,-94,20.72,0
TXN03581,2023-06-08,PRD013,WH002,,Sale,-30,35.8,0
TXN05357,2023-06-08,PRD019,WH001,,Sale,-66,78.08,0
TXN06230,2023-06-08,PRD022,WH003,,Sale,-77,19.17,0
TXN06513,2023-06-08,PRD023,WH003,,Sale,-53,23.06,0
TXN07111,2023-06-08,PRD025,WH002,,Sale,-19,137.5,0
TXN08268,2023-06-08,PRD029,WH001,,Sale,-41,122.33,0
TXN08550,2023-06-08,PRD030,WH001,,Sale,-58,146.12,0
TXN08914,2023-06-08,PRD032,WH002,,Sale,-1,342.48,0
TXN00065,2023-06-09,PRD001,WH001,,Sale,-97,27.78,0
TXN01537,2023-06-09,PRD006,WH003,,Sale,-5,146.32,0
TXN01538,2023-06-09,PRD006,WH003,,Sale,-5,150.1,0
TXN01822,2023-06-09,PRD007,WH002,,Sale,-57,85.46,0
TXN02131,2023-06-09,PRD008,WH003,,Sale,-9,95.2,0
TXN02688,2023-06-09,PRD010,WH001,,Sale,-66,24.01,0
TXN03579,2023-06-09,PRD013,WH001,,Sale,-51,34.05,0
TXN04465,2023-06-09,PRD016,WH003,,Sale,-19,189.67,0
TXN05365,2023-06-09,PRD019,WH003,,Sale,-29,72.95,0
TXN06516,2023-06-09,PRD023,WH003,,Sale,-63,22.94,0
TXN06798,2023-06-09,PRD024,WH001,,Sale,0,384.1,1
TXN08271,2023-06-09,PRD029,WH002,,Sale,-27,118.4,0
TXN08832,2023-06-09,PRD031,WH001,,Sale,-1,293.27,0
TXN09009,2023-06-09,PRD033,WH002,,Sale,-1,1301.75,0
TXN04761,2023-06-10,PRD017,WH002,,Sale,-29,170.81,0
TXN05931,2023-06-10,PRD021,WH003,,Sale,-41,27.44,0
TXN06222,2023-06-10,PRD022,WH001,,Sale,-185,20.47,0
TXN07106,2023-06-10,PRD025,WH001,,Sale,-23,139.84,0
TXN07400,2023-06-10,PRD026,WH001,,Sale,-64,56.7,0
TXN07979,2023-06-10,PRD028,WH001,,Sale,-33,274.31,0
TXN08912,2023-06-10,PRD032,WH002,,Sale,-1,363.17,0
TXN09098,2023-06-10,PRD034,WH001,,Sale,-1,524.94,0
TXN01236,2023-06-11,PRD005,WH002,,Sale,-71,70.41,0
TXN01237,2023-06-11,PRD005,WH003,,Sale,-22,71.92,0
TXN02411,2023-06-11,PRD009,WH003,,Sale,-80,19.8,0
TXN03577,2023-06-11,PRD013,WH001,,Sale,-52,34.51,0
TXN03586,2023-06-11,PRD013,WH003,,Sale,-44,35.41,0
TXN04187,2023-06-11,PRD015,WH002,,Sale,-53,48.35,0
TXN04464,2023-06-11,PRD016,WH002,,Sale,-23,181.54,0
TXN05359,2023-06-11,PRD019,WH001,,Sale,-109,77.36,0
TXN05360,2023-06-11,PRD019,WH002,,Sale,-40,73.69,0
TXN05652,2023-06-11,PRD020,WH003,,Sale,-75,38.28,0
TXN06225,2023-06-11,PRD022,WH002,,Sale,-134,20.46,0
TXN06795,2023-06-11,PRD024,WH001,,Sale,-19,383.14,0
TXN06808,2023-06-11,PRD024,WH003,,Sale,-9,387.09,0
TXN07696,2023-06-11,PRD027,WH001,,Sale,-10,210.68,0
TXN07978,2023-06-11,PRD028,WH001,,Sale,-14,263.64,0
TXN09014,2023-06-11,PRD033,WH003,,Sale,-1,1336.31,0
TXN09194,2023-06-11,PRD035,WH003,,Sale,-1,781.39,0
TXN00656,2023-06-12,PRD003,WH002,,Sale,-24,129.47,0
TXN02127,2023-06-12,PRD008,WH002,,Sale,-22,97.62,0
TXN03280,2023-06-12,PRD012,WH002,,Sale,-34,143.22,0
TXN04190,2023-06-12,PRD015,WH003,,Sale,-42,46.25,0
TXN04767,2023-06-12,PRD017,WH003,,Sale,-17,167.18,0
TXN05651,2023-06-12,PRD020,WH003,,Sale,-62,39.0,0
TXN05930,2023-06-12,PRD021,WH003,,Sale,-38,26.62,0
TXN05934,2023-06-12,PRD021,WH003,,Sale,-30,27.29,0
TXN06807,2023-06-12,PRD024,WH003,,Sale,-7,388.79,0
TXN07980,2023-06-12,PRD028,WH002,,Sale,-16,266.96,0
TXN09106,2023-06-12,PRD034,WH003,,Sale,-1,522.57,0
TXN00349,2023-06-13,PRD002,WH002,,Sale,-33,49.77,0
TXN00938,2023-06-13,PRD004,WH001,,Sale,-78,146.59,0
TXN00947,2023-06-13,PRD004,WH003,,Sale,-14,134.1,0
TXN01535,2023-06-13,PRD006,WH002,,Sale,-14,148.71,0
TXN02689,2023-06-13,PRD010,WH001,,Sale,-134,24.1,0
TXN02982,2023-06-13,PRD011,WH001,,Sale,-59,57.81,0
TXN03278,2023-06-13,PRD012,WH002,,Sale,-47,147.39,0
TXN03576,2023-06-13,PRD013,WH001,,Sale,-39,34.65,0
TXN03587,2023-06-13,PRD013,WH003,,Sale,-46,33.85,0
TXN05646,2023-06-13,PRD020,WH002,,Sale,-67,38.3,0
TXN07108,2023-06-13,PRD025,WH002,,Sale,-19,137.85,0
TXN08276,2023-06-13,PRD029,WH003,,Sale,-43,114.08,0
TXN02980,2023-06-14,PRD011,WH001,,Sale,-43,59.13,0
TXN02983,2023-06-14,PRD011,WH001,,Sale,-78,55.26,0
TXN05364,2023-06-14,PRD019,WH002,,Sale,-50,76.22,0
TXN05644,2023-06-14,PRD020,WH001,,Sale,-195,38.41,0
TXN05921,2023-06-14,PRD021,WH001,,Sale,-131,27.27,0
TXN05928,2023-06-14,PRD021,WH002,,Sale,-77,28.68,0
TXN06507,2023-06-14,PRD023,WH001,,Sale,-273,22.57,0
TXN07406,2023-06-14,PRD026,WH003,,Sale,-18,54.64,0
TXN08555,2023-06-14,PRD030,WH003,,Sale,-37,143.29,0
TXN00068,2023-06-15,PRD001,WH002,,Sale,-37,28.01,0
TXN00660,2023-06-15,PRD003,WH003,,Sale,-31,124.23,0
TXN01531,2023-06-15,PRD006,WH001,,Sale,-15,149.89,0
TXN01824,2023-06-15,PRD007,WH002,,Sale,-58,85.5,0
TXN01828,2023-06-15,PRD007,WH003,,Sale,-15,88.46,0
TXN02685,2023-06-15,PRD010,WH001,,Sale,-69,24.14,0
TXN03281,2023-06-15,PRD012,WH002,,Sale,-43,142.9,0
TXN03889,2023-06-15,PRD014,WH002,,Sale,-25,101.05,0
TXN04757,2023-06-15,PRD017,WH001,,Sale,-106,169.05,0
TXN05362,2023-06-15,PRD019,WH002,,Sale,-74,77.67,0
TXN06805,2023-06-15,PRD024,WH003,,Sale,-5,389.69,0
TXN07403,2023-06-15,PRD026,WH002,,Sale,-81,53.51,0
TXN08835,2023-06-15,PRD031,WH003,,Sale,-1,274.14,0
TXN02130,2023-06-16,PRD008,WH002,,Sale,-23,99.67,0
TXN02989,2023-06-16,PRD011,WH003,,Sale,-37,57.77,0
TXN03279,2023-06-16,PRD012,WH002,,Sale,-33,148.77,0
TXN07700,2023-06-16,PRD027,WH002,,Sale,-14,226.07,0
TXN09104,2023-06-16,PRD034,WH002,,Sale,-1,555.62,0
TXN09107,2023-06-16,PRD034,WH003,,Sale,-1,539.76,0
TXN00939,2023-06-17,PRD004,WH001,,Sale,-57,133.85,0
TXN00940,2023-06-17,PRD004,WH002,,Sale,-20,142.62,0
TXN01235,2023-06-17,PRD005,WH002,,Sale,-49,71.99,0
TXN01536,2023-06-17,PRD006,WH002,,Sale,-9,154.59,0
TXN02133,2023-06-17,PRD008,WH003,,Sale,-10,95.88,0
TXN04462,2023-06-17,PRD016,WH001,,Sale,-50,187.73,0
TXN04762,2023-06-17,PRD017,WH002,,Sale,-39,175.0,0
TXN05069,2023-06-17,PRD018,WH002,,Sale,-22,253.72,0
TXN05929,2023-06-17,PRD021,WH002,,Sale,-83,29.25,0
TXN05933,2023-06-17,PRD021,WH003,,Sale,-35,27.79,0
TXN06515,2023-06-17,PRD023,WH003,,Sale,-55,23.02,0
TXN06804,2023-06-17,PRD024,WH003,,Sale,-5,369.69,0
TXN07705,2023-06-17,PRD027,WH003,,Sale,-10,230.54,0
TXN07984,2023-06-17,PRD028,WH002,,Sale,-12,258.23,0
TXN08269,2023-06-17,PRD029,WH001,,Sale,-49,120.53,0
TXN08273,2023-06-17,PRD029,WH002,,Sale,-38,114.38,0
TXN09100,2023-06-17,PRD034,WH002,,Sale,-1,565.88,0
TXN09105,2023-06-17,PRD034,WH003,,Sale,-1,545.38,0
TXN00072,2023-06-18,PRD001,WH003,,Sale,-102,28.26,0
TXN00941,2023-06-18,PRD004,WH002,,Sale,-27,145.34,0
TXN01233,2023-06-18,PRD005,WH002,,Sale,-58,69.06,0
TXN01530,2023-06-18,PRD006,WH001,,Sale,-9,149.95,0
TXN02409,2023-06-18,PRD009,WH003,,Sale,-72,19.9,0
TXN02986,2023-06-18,PRD011,WH003,,Sale,-27,60.19,0
TXN03583,2023-06-18,PRD013,WH002,,Sale,-36,33.28,0
TXN03890,2023-06-18,PRD014,WH003,,Sale,-15,103.65,0
TXN04763,2023-06-18,PRD017,WH003,,Sale,-11,182.74,0
TXN06220,2023-06-18,PRD022,WH001,,Sale,-118,20.56,0
TXN06223,2023-06-18,PRD022,WH001,,Sale,-117,19.78,0
TXN07105,2023-06-18,PRD025,WH001,,Sale,-27,133.9,0
TXN07986,2023-06-18,PRD028,WH003,,Sale,-22,252.07,0
TXN08834,2023-06-18,PRD031,WH002,,Sale,-1,268.58,0
TXN08911,2023-06-18,PRD032,WH002,,Sale,-1,344.08,0
TXN09102,2023-06-18,PRD034,WH002,,Sale,-1,572.16,0
TXN01529,2023-06-19,PRD006,WH001,,Sale,-13,147.81,0
TXN01532,2023-06-19,PRD006,WH001,,Sale,-10,145.99,0
TXN02126,2023-06-19,PRD008,WH001,,Sale,-31,96.44,0
TXN03273,2023-06-19,PRD012,WH001,,Sale,-73,147.44,0
TXN04189,2023-06-19,PRD015,WH003,,Sale,-38,49.22,0
TXN04463,2023-06-19,PRD016,WH002,,Sale,-39,176.23,0
TXN04764,2023-06-19,PRD017,WH003,,Sale,-13,167.83,0
TXN05067,2023-06-19,PRD018,WH001,,Sale,-60,251.01,0
TXN06510,2023-06-19,PRD023,WH002,,Sale,-63,22.48,0
TXN07110,2023-06-19,PRD025,WH002,,Sale,-19,134.2,0
TXN07702,2023-06-19,PRD027,WH002,,Sale,-11,216.21,0
TXN07977,2023-06-19,PRD028,WH001,,Sale,-24,268.68,0
TXN08275,2023-06-19,PRD029,WH003,,Sale,-55,123.15,0
TXN09190,2023-06-19,PRD035,WH001,,Sale,-1,741.79,0
TXN09195,2023-06-19,PRD035,WH003,,Sale,-1,784.55,0
TXN00659,2023-06-20,PRD003,WH002,,Sale,-45,133.37,0
TXN03283,2023-06-20,PRD012,WH003,,Sale,-18,149.84,0
TXN03580,2023-06-20,PRD013,WH001,,Sale,-38,35.5,0
TXN05072,2023-06-20,PRD018,WH002,,Sale,-42,253.99,0
TXN06226,2023-06-20,PRD022,WH002,,Sale,-141,19.81,0
TXN07985,2023-06-20,PRD028,WH003,,Sale,-18,267.2,0
TXN08831,2023-06-20,PRD031,WH001,,Sale,-1,277.16,0
TXN08908,2023-06-20,PRD032,WH001,,Sale,-1,341.32,0
TXN00652,2023-06-21,PRD003,WH001,,Sale,-39,129.1,0
TXN01234,2023-06-21,PRD005,WH002,,Sale,-48,69.28,0
TXN01827,2023-06-21,PRD007,WH003,,Sale,-11,88.34,0
TXN02691,2023-06-21,PRD010,WH002,,Sale,-71,24.71,0
TXN02981,2023-06-21,PRD011,WH001,,Sale,-60,59.23,0
TXN03883,2023-06-21,PRD014,WH001,,Sale,-16,96.06,0
TXN04766,2023-06-21,PRD017,WH003,,Sale,-14,175.94,0
TXN05648,2023-06-21,PRD020,WH002,,Sale,-41,37.99,0
TXN06803,2023-06-21,PRD024,WH002,,Sale,-15,370.72,0
TXN07107,2023-06-21,PRD025,WH001,,Sale,-22,128.98,0
TXN07113,2023-06-21,PRD025,WH003,,Sale,-25,133.26,0
TXN08274,2023-06-21,PRD029,WH002,,Sale,-20,118.57,0
TXN08553,2023-06-21,PRD030,WH002,,Sale,-25,141.36,0
TXN00344,2023-06-22,PRD002,WH001,,Sale,-152,48.84,0
TXN00345,2023-06-22,PRD002,WH001,,Sale,-102,51.31,0
TXN00657,2023-06-22,PRD003,WH002,,Sale,-30,126.44,0
TXN01821,2023-06-22,PRD007,WH001,,Sale,-82,85.58,0
TXN02686,2023-06-22,PRD010,WH001,,Sale,-59,24.42,0
TXN03285,2023-06-22,PRD012,WH003,,Sale,-22,149.19,0
TXN03884,2023-06-22,PRD014,WH001,,Sale,-14,96.39,0
TXN05068,2023-06-22,PRD018,WH001,,Sale,-58,243.82,0
TXN05645,2023-06-22,PRD020,WH002,,Sale,-69,36.52,0
TXN05650,2023-06-22,PRD020,WH003,,Sale,-58,39.72,0
TXN07981,2023-06-22,PRD028,WH002,,Sale,-14,260.9,0
TXN08910,2023-06-22,PRD032,WH002,,Sale,-1,347.2,0
TXN08917,2023-06-22,PRD032,WH003,,Sale,-1,366.42,0
TXN09101,2023-06-22,PRD034,WH002,,Sale,-1,573.44,0
TXN00067,2023-06-23,PRD001,WH002,,Sale,-53,27.48,0
TXN01239,2023-06-23,PRD005,WH003,,Sale,-30,68.11,0
TXN01534,2023-06-23,PRD006,WH002,,Sale,-15,155.22,0
TXN02129,2023-06-23,PRD008,WH002,,Sale,-15,97.08,0
TXN02407,2023-06-23,PRD009,WH002,,Sale,-96,19.93,0
TXN06801,2023-06-23,PRD024,WH002,,Sale,-10,398.19,0
TXN09008,2023-06-23,PRD033,WH001,,Sale,-1,1376.86,0
TXN09099,2023-06-23,PRD034,WH001,,Sale,-1,554.1,0
TXN00350,2023-06-24,PRD002,WH003,,Sale,-43,52.21,0
TXN02134,2023-06-24,PRD008,WH003,,Sale,-6,93.14,0
TXN02984,2023-06-24,PRD011,WH002,,Sale,-113,55.92,0
TXN04758,2023-06-24,PRD017,WH002,,Sale,-27,174.5,0
TXN05367,2023-06-24,PRD019,WH003,,Sale,-57,74.23,0
TXN05923,2023-06-24,PRD021,WH001,,Sale,-103,28.78,0
TXN05926,2023-06-24,PRD021,WH002,,Sale,-64,28.68,0
TXN07407,2023-06-24,PRD026,WH003,,Sale,-25,52.4,0
TXN08916,2023-06-24,PRD032,WH003,,Sale,-1,356.88,0
TXN00944,2023-06-25,PRD004,WH002,,Sale,-20,141.0,0
TXN01231,2023-06-25,PRD005,WH001,,Sale,-124,68.71,0
TXN01241,2023-06-25,PRD005,WH003,,Sale,-22,68.87,0
TXN02985,2023-06-25,PRD011,WH002,,Sale,-156,56.51,0
TXN04461,2023-06-25,PRD016,WH001,,Sale,-28,185.0,0
TXN05066,2023-06-25,PRD018,WH001,,Sale,-40,239.74,0
TXN05071,2023-06-25,PRD018,WH002,,Sale,-24,240.08,0
TXN05366,2023-06-25,PRD019,WH003,,Sale,-49,72.18,0
TXN06800,2023-06-25,PRD024,WH002,,Sale,-10,373.71,0
TXN06802,2023-06-25,PRD024,WH002,,Sale,-20,397.8,0
TXN07405,2023-06-25,PRD026,WH003,,Sale,-30,54.02,0
TXN07703,2023-06-25,PRD027,WH002,,Sale,-14,222.64,0
TXN07706,2023-06-25,PRD027,WH003,,Sale,-6,220.41,0
TXN07983,2023-06-25,PRD028,WH002,,Sale,-12,272.03,0
TXN08551,2023-06-25,PRD030,WH002,,Sale,-39,138.48,0
TXN08913,2023-06-25,PRD032,WH002,,Sale,-1,338.84,0
TXN09013,2023-06-25,PRD033,WH003,,Sale,-1,1351.98,0
TXN09103,2023-06-25,PRD034,WH002,,Sale,-1,568.07,0
TXN01823,2023-06-26,PRD007,WH002,,Sale,-31,83.32,0
TXN01826,2023-06-26,PRD007,WH003,,Sale,-20,86.16,0
TXN02692,2023-06-26,PRD010,WH002,,Sale,-114,26.0,0
TXN02979,2023-06-26,PRD011,WH001,,Sale,-50,57.63,0
TXN03282,2023-06-26,PRD012,WH003,,Sale,-31,145.0,0
TXN03284,2023-06-26,PRD012,WH003,,Sale,-29,144.09,0
TXN04184,2023-06-26,PRD015,WH001,,Sale,-62,45.7,0
TXN05077,2023-06-26,PRD018,WH003,,Sale,-9,240.42,0
TXN06512,2023-06-26,PRD023,WH002,,Sale,-101,22.98,0
TXN07402,2023-06-26,PRD026,WH001,,Sale,-38,54.6,0
TXN07976,2023-06-26,PRD028,WH001,,Sale,-26,259.65,0
TXN09189,2023-06-26,PRD035,WH001,,Sale,-1,751.69,0
TXN00070,2023-06-27,PRD001,WH002,,Sale,-47,27.12,0
TXN00658,2023-06-27,PRD003,WH002,,Sale,-44,124.55,0
TXN02987,2023-06-27,PRD011,WH003,,Sale,-19,57.38,0
TXN04183,2023-06-27,PRD015,WH001,,Sale,-43,46.42,0
TXN04765,2023-06-27,PRD017,WH003,,Sale,-18,177.97,0
TXN05925,2023-06-27,PRD021,WH002,,Sale,-45,28.98,0
TXN06508,2023-06-27,PRD023,WH002,,Sale,-81,21.15,0
TXN06797,2023-06-27,PRD024,WH001,,Sale,-18,394.47,0
TXN06799,2023-06-27,PRD024,WH001,,Sale,-11,397.81,0
TXN07694,2023-06-27,PRD027,WH001,,Sale,-16,219.93,0
TXN07707,2023-06-27,PRD027,WH003,,Sale,-9,211.43,0
TXN08266,2023-06-27,PRD029,WH001,,Sale,-61,124.29,0
TXN08270,2023-06-27,PRD029,WH002,,Sale,-19,119.54,0
TXN08833,2023-06-27,PRD031,WH002,,Sale,-1,284.35,0
TXN08836,2023-06-27,PRD031,WH003,,Sale,-1,266.84,0
TXN08909,2023-06-27,PRD032,WH001,,Sale,-1,358.59,0
TXN09191,2023-06-27,PRD035,WH002,,Sale,-1,716.74,0
TXN00357,2023-06-30,PRD002,WH002,SUP001,Purchase,626,30.74,0
TXN00359,2023-06-30,PRD002,WH002,,Sale,-50,49.99,0
TXN00666,2023-06-30,PRD003,WH002,,Sale,-66,136.0,0
TXN01245,2023-06-30,PRD005,WH002,SUP002,Purchase,550,45.81,0
TXN01540,2023-06-30,PRD006,WH001,SUP002,Purchase,134,97.52,0
TXN02137,2023-06-30,PRD008,WH001,,Sale,-19,94.55,0
TXN02993,2023-06-30,PRD011,WH002,SUP001,Purchase,506,38.61,0
TXN03293,2023-06-30,PRD012,WH002,,Sale,-99,146.55,0
TXN03901,2023-06-30,PRD014,WH003,SUP002,Purchase,115,65.62,0
TXN05371,2023-06-30,PRD019,WH001,,Sale,-145,75.76,0
TXN05655,2023-06-30,PRD020,WH001,,Sale,-150,39.0,0
TXN05941,2023-06-30,PRD021,WH002,,Sale,0,27.13,1
TXN06231,2023-06-30,PRD022,WH001,SUP010,Purchase,816,12.1,0
TXN06233,2023-06-30,PRD022,WH001,,Sale,-109,19.52,0
TXN06237,2023-06-30,PRD022,WH002,SUP010,Purchase,749,11.54,0
TXN07115,2023-06-30,PRD025,WH001,SUP006,Purchase,243,93.38,0
TXN07129,2023-06-30,PRD025,WH003,,Sale,-12,139.34,0
TXN07408,2023-06-30,PRD026,WH001,SUP010,Purchase,400,34.84,0
TXN07988,2023-06-30,PRD028,WH001,,Sale,-15,256.84,0
TXN07997,2023-06-30,PRD028,WH003,SUP006,Purchase,113,183.34,0
TXN08286,2023-06-30,PRD029,WH003,SUP008,Purchase,161,82.87,0
TXN08557,2023-06-30,PRD030,WH001,SUP008,Purchase,440,93.97,0
TXN08562,2023-06-30,PRD030,WH002,SUP008,Purchase,292,95.0,0
TXN09016,2023-06-30,PRD033,WH001,SUP009,Purchase,5,834.32,0
TXN00078,2023-07-01,PRD001,WH002,SUP001,Purchase,838,18.05,0
TXN00356,2023-07-01,PRD002,WH001,,Sale,-107,48.6,0
TXN00662,2023-07-01,PRD003,WH001,SUP001,Purchase,346,87.68,0
TXN00664,2023-07-01,PRD003,WH001,,Sale,-54,135.51,0
TXN00668,2023-07-01,PRD003,WH003,SUP001,Purchase,194,83.64,0
TXN01542,2023-07-01,PRD006,WH001,,Sale,0,152.18,1
TXN01553,2023-07-01,PRD006,WH003,,Sale,-6,146.57,0
TXN02146,2023-07-01,PRD008,WH003,,Sale,-8,94.29,0
TXN02422,2023-07-01,PRD009,WH003,SUP005,Purchase,520,11.91,0
TXN02990,2023-07-01,PRD011,WH001,SUP001,Purchase,754,37.49,0
TXN03589,2023-07-01,PRD013,WH001,SUP002,Purchase,706,22.5,0
TXN03893,2023-07-01,PRD014,WH001,SUP002,Purchase,182,66.05,0
TXN05078,2023-07-01,PRD018,WH001,SUP004,Purchase,283,197.99,0
TXN05079,2023-07-01,PRD018,WH001,,Sale,-28,260.25,0
TXN05084,2023-07-01,PRD018,WH002,SUP004,Purchase,276,191.7,0
TXN05948,2023-07-01,PRD021,WH003,,Sale,-23,28.14,0
TXN06242,2023-07-01,PRD022,WH003,,Sale,-63,19.84,0
TXN06244,2023-07-01,PRD022,WH003,,Sale,-132,19.64,0
TXN06809,2023-07-01,PRD024,WH001,SUP006,Purchase,160,271.36,0
TXN06818,2023-07-01,PRD024,WH003,SUP006,Purchase,78,274.4,0
TXN07120,2023-07-01,PRD025,WH002,SUP006,Purchase,187,93.42,0
TXN07122,2023-07-01,PRD025,WH002,,Sale,-24,140.76,0
TXN07414,2023-07-01,PRD026,WH002,,Sale,-46,57.13,0
TXN07714,2023-07-01,PRD027,WH003,SUP009,Purchase,86,152.27,0
TXN08277,2023-07-01,PRD029,WH001,SUP008,Purchase,551,82.39,0
TXN08282,2023-07-01,PRD029,WH002,,Sale,-21,116.65,0
TXN08920,2023-07-01,PRD032,WH001,SUP009,Purchase,5,222.61,0
TXN08927,2023-07-01,PRD032,WH002,,Sale,-1,334.36,0
TXN09113,2023-07-01,PRD034,WH001,,Sale,-1,543.66,0
TXN09114,2023-07-01,PRD034,WH002,SUP008,Purchase,5,352.74,0
TXN09199,2023-07-01,PRD035,WH002,SUP009,Purchase,5,491.24,0
TXN00079,2023-07-02,PRD001,WH002,,Sale,-56,29.06,0
TXN00363,2023-07-02,PRD002,WH003,,Sale,-57,51.81,0
TXN00948,2023-07-02,PRD004,WH001,SUP002,Purchase,351,92.41,0
TXN01242,2023-07-02,PRD005,WH001,SUP002,Purchase,834,44.6,0
TXN01244,2023-07-02,PRD005,WH001,,Sale,-133,68.34,0
TXN02701,2023-07-02,PRD010,WH002,SUP005,Purchase,769,15.33,0
TXN02705,2023-07-02,PRD010,WH003,SUP005,Purchase,305,14.62,0
TXN03596,2023-07-02,PRD013,WH002,,Sale,-44,34.72,0
TXN03900,2023-07-02,PRD014,WH002,,Sale,0,99.94,1
TXN03905,2023-07-02,PRD014,WH003,,Sale,-6,100.69,0
TXN04774,2023-07-02,PRD017,WH002,SUP004,Purchase,321,134.74,0
TXN05086,2023-07-02,PRD018,WH002,,Sale,-53,252.24,0
TXN05368,2023-07-02,PRD019,WH001,SUP007,Purchase,753,59.9,0
TXN05659,2023-07-02,PRD020,WH002,,Sale,-71,39.0,0
TXN05938,2023-07-02,PRD021,WH001,,Sale,-114,27.49,0
TXN06236,2023-07-02,PRD022,WH001,,Sale,-111,19.95,0
TXN06532,2023-07-02,PRD023,WH003,,Sale,-63,21.83,0
TXN08280,2023-07-02,PRD029,WH002,SUP008,Purchase,331,82.49,0
TXN08283,2023-07-02,PRD029,WH002,,Sale,-23,116.38,0
TXN08929,2023-07-02,PRD032,WH003,SUP009,Purchase,5,223.22,0
TXN09026,2023-07-02,PRD033,WH003,SUP009,Purchase,5,858.79,0
TXN09110,2023-07-02,PRD034,WH001,,Sale,-1,532.64,0
TXN09196,2023-07-02,PRD035,WH001,SUP009,Purchase,5,465.67,0
TXN09200,2023-07-02,PRD035,WH002,,Sale,-1,733.58,0
TXN00084,2023-07-03,PRD001,WH003,,Sale,-70,29.09,0
TXN00955,2023-07-03,PRD004,WH002,,Sale,-21,140.88,0
TXN01251,2023-07-03,PRD005,WH003,SUP002,Purchase,338,45.41,0
TXN02136,2023-07-03,PRD008,WH001,,Sale,-23,94.51,0
TXN02144,2023-07-03,PRD008,WH003,SUP003,Purchase,96,61.55,0
TXN03595,2023-07-03,PRD013,WH002,,Sale,-25,33.3,0
TXN05082,2023-07-03,PRD018,WH001,,Sale,-32,237.78,0
TXN05090,2023-07-03,PRD018,WH003,,Sale,-25,238.37,0
TXN05377,2023-07-03,PRD019,WH003,SUP007,Purchase,290,59.83,0
TXN05936,2023-07-03,PRD021,WH001,,Sale,-89,28.62,0
TXN07117,2023-07-03,PRD025,WH001,,Sale,-21,139.91,0
TXN07711,2023-07-03,PRD027,WH002,SUP009,Purchase,140,155.53,0
TXN08284,2023-07-03,PRD029,WH002,,Sale,-25,115.33,0
TXN08568,2023-07-03,PRD030,WH003,SUP008,Purchase,184,94.24,0
TXN08837,2023-07-03,PRD031,WH001,SUP009,Purchase,5,176.72,0
TXN09109,2023-07-03,PRD034,WH001,,Sale,-1,577.03,0
TXN09117,2023-07-03,PRD034,WH003,SUP008,Purchase,5,359.33,0
TXN00085,2023-07-04,PRD001,WH003,,Sale,-127,27.36,0
TXN00360,2023-07-04,PRD002,WH002,,Sale,-57,49.4,0
TXN00665,2023-07-04,PRD003,WH002,SUP001,Purchase,321,87.72,0
TXN01834,2023-07-04,PRD007,WH001,,Sale,-42,83.47,0
TXN01835,2023-07-04,PRD007,WH001,,Sale,-48,83.79,0
TXN01841,2023-07-04,PRD007,WH003,SUP002,Purchase,253,53.99,0
TXN02142,2023-07-04,PRD008,WH002,,Sale,-24,97.04,0
TXN02698,2023-07-04,PRD010,WH001,SUP005,Purchase,778,14.82,0
TXN02994,2023-07-04,PRD011,WH002,,Sale,-91,56.4,0
TXN03294,2023-07-04,PRD012,WH003,SUP001,Purchase,184,96.08,0
TXN04196,2023-07-04,PRD015,WH001,,Sale,-51,49.46,0
TXN04467,2023-07-04,PRD016,WH001,SUP002,Purchase,198,119.91,0
TXN04780,2023-07-04,PRD017,WH003,SUP004,Purchase,197,127.57,0
TXN05375,2023-07-04,PRD019,WH002,,Sale,-61,72.52,0
TXN05656,2023-07-04,PRD020,WH001,,Sale,-147,38.3,0
TXN07128,2023-07-04,PRD025,WH003,,Sale,-5,140.17,0
TXN09029,2023-07-04,PRD033,WH003,,Sale,-1,1353.53,0
TXN09197,2023-07-04,PRD035,WH001,,Sale,-1,781.6,0
TXN09206,2023-07-04,PRD035,WH003,,Sale,-1,719.75,0
TXN00080,2023-07-05,PRD001,WH002,,Sale,-59,27.83,0
TXN00362,2023-07-05,PRD002,WH003,SUP001,Purchase,312,30.9,0
TXN00958,2023-07-05,PRD004,WH003,,Sale,-11,136.86,0
TXN01252,2023-07-05,PRD005,WH003,,Sale,-73,67.11,0
TXN01544,2023-07-05,PRD006,WH002,SUP002,Purchase,119,94.71,0
TXN01830,2023-07-05,PRD007,WH001,SUP002,Purchase,380,55.36,0
TXN01836,2023-07-05,PRD007,WH002,SUP002,Purchase,293,54.65,0
TXN02135,2023-07-05,PRD008,WH001,SUP003,Purchase,241,58.85,0
TXN03286,2023-07-05,PRD012,WH001,SUP001,Purchase,522,92.55,0
TXN03291,2023-07-05,PRD012,WH002,SUP001,Purchase,356,95.2,0
TXN03592,2023-07-05,PRD013,WH002,SUP002,Purchase,527,22.0,0
TXN04197,2023-07-05,PRD015,WH002,SUP003,Purchase,322,30.82,0
TXN04772,2023-07-05,PRD017,WH001,,Sale,0,168.97,1
TXN04777,2023-07-05,PRD017,WH002,,Sale,-26,171.94,0
TXN04782,2023-07-05,PRD017,WH003,,Sale,-36,180.39,0
TXN05663,2023-07-05,PRD020,WH003,SUP003,Purchase,379,25.37,0
TXN06240,2023-07-05,PRD022,WH002,,Sale,-230,19.27,0
TXN06815,2023-07-05,PRD024,WH002,SUP006,Purchase,166,280.05,0
TXN07412,2023-07-05,PRD026,WH001,,Sale,-62,52.28,0
TXN07416,2023-07-05,PRD026,WH002,,Sale,-47,55.52,0
TXN07717,2023-07-05,PRD027,WH003,,Sale,-8,210.39,0
TXN08571,2023-07-05,PRD030,WH003,,Sale,-17,135.1,0
TXN08925,2023-07-05,PRD032,WH001,,Sale,-1,347.29,0
TXN09108,2023-07-05,PRD034,WH001,SUP008,Purchase,5,357.99,0
TXN00953,2023-07-06,PRD004,WH002,SUP002,Purchase,245,87.21,0
TXN00957,2023-07-06,PRD004,WH003,SUP002,Purchase,159,88.3,0
TXN01550,2023-07-06,PRD006,WH003,SUP002,Purchase,52,95.96,0
TXN01845,2023-07-06,PRD007,WH003,,Sale,-18,82.06,0
TXN02147,2023-07-06,PRD008,WH003,,Sale,-9,94.49,0
TXN02412,2023-07-06,PRD009,WH001,SUP005,Purchase,1299,12.25,0
TXN03289,2023-07-06,PRD012,WH001,,Sale,-80,143.3,0
TXN03896,2023-07-06,PRD014,WH002,SUP002,Purchase,150,65.03,0
TXN04191,2023-07-06,PRD015,WH001,SUP003,Purchase,483,30.12,0
TXN04200,2023-07-06,PRD015,WH003,SUP003,Purchase,163,30.66,0
TXN04470,2023-07-06,PRD016,WH002,SUP002,Purchase,116,119.69,0
TXN05943,2023-07-06,PRD021,WH002,,Sale,-67,27.51,0
TXN05944,2023-07-06,PRD021,WH003,SUP004,Purchase,250,17.87,0
TXN06518,2023-07-06,PRD023,WH001,,Sale,-93,21.52,0
TXN06523,2023-07-06,PRD023,WH002,SUP006,Purchase,554,13.87,0
TXN06527,2023-07-06,PRD023,WH003,SUP006,Purchase,436,14.45,0
TXN06530,2023-07-06,PRD023,WH003,,Sale,-40,22.4,0
TXN06817,2023-07-06,PRD024,WH002,,Sale,-19,383.13,0
TXN07124,2023-07-06,PRD025,WH003,SUP006,Purchase,117,94.91,0
TXN07413,2023-07-06,PRD026,WH002,SUP010,Purchase,363,35.68,0
TXN07712,2023-07-06,PRD027,WH002,,Sale,0,214.7,1
TXN08843,2023-07-06,PRD031,WH002,,Sale,-1,269.29,0
TXN08844,2023-07-06,PRD031,WH002,,Sale,-1,284.54,0
TXN09020,2023-07-06,PRD033,WH002,SUP009,Purchase,5,852.74,0
TXN00074,2023-07-07,PRD001,WH001,,Sale,-92,27.34,0
TXN00353,2023-07-07,PRD002,WH001,SUP001,Purchase,643,31.78,0
TXN00961,2023-07-07,PRD004,WH003,,Sale,-11,133.69,0
TXN02143,2023-07-07,PRD008,WH002,,Sale,-24,91.25,0
TXN02418,2023-07-07,PRD009,WH002,SUP005,Purchase,923,11.71,0
TXN02997,2023-07-07,PRD011,WH003,SUP001,Purchase,216,38.38,0
TXN02999,2023-07-07,PRD011,WH003,,Sale,-41,56.28,0
TXN04203,2023-07-07,PRD015,WH003,,Sale,-20,49.94,0
TXN04474,2023-07-07,PRD016,WH003,,Sale,-12,183.39,0
TXN04768,2023-07-07,PRD017,WH001,SUP004,Purchase,531,126.63,0
TXN04778,2023-07-07,PRD017,WH002,,Sale,-31,180.06,0
TXN05372,2023-07-07,PRD019,WH002,SUP007,Purchase,495,59.32,0
TXN05380,2023-07-07,PRD019,WH003,,Sale,-39,72.22,0
TXN05657,2023-07-07,PRD020,WH002,SUP003,Purchase,796,24.54,0
TXN06241,2023-07-07,PRD022,WH003,SUP010,Purchase,431,11.61,0
TXN06531,2023-07-07,PRD023,WH003,,Sale,-33,22.39,0
TXN07119,2023-07-07,PRD025,WH001,,Sale,-24,137.02,0
TXN07417,2023-07-07,PRD026,WH003,SUP010,Purchase,182,35.73,0
TXN07715,2023-07-07,PRD027,WH003,,Sale,-8,230.52,0
TXN07987,2023-07-07,PRD028,WH001,SUP006,Purchase,255,179.08,0
TXN08287,2023-07-07,PRD029,WH003,,Sale,-26,115.88,0
TXN08564,2023-07-07,PRD030,WH002,,Sale,-33,142.05,0
TXN08842,2023-07-07,PRD031,WH002,SUP009,Purchase,5,174.99,0
TXN08931,2023-07-07,PRD032,WH003,,Sale,-1,333.93,0
TXN09202,2023-07-07,PRD035,WH002,,Sale,-1,732.39,0
TXN09204,2023-07-07,PRD035,WH003,SUP009,Purchase,5,494.44,0
TXN00073,2023-07-08,PRD001,WH001,SUP001,Purchase,900,18.0,0
TXN00083,2023-07-08,PRD001,WH003,SUP001,Purchase,416,17.71,0
TXN00962,2023-07-08,PRD004,WH003,,Sale,-14,145.56,0
TXN01549,2023-07-08,PRD006,WH002,,Sale,-13,155.11,0
TXN02140,2023-07-08,PRD008,WH002,SUP003,Purchase,178,61.65,0
TXN02424,2023-07-08,PRD009,WH003,,Sale,-196,20.54,0
TXN03295,2023-07-08,PRD012,WH003,,Sale,-19,141.73,0
TXN03598,2023-07-08,PRD013,WH003,SUP002,Purchase,252,21.9,0
TXN03599,2023-07-08,PRD013,WH003,,Sale,-50,33.7,0
TXN04471,2023-07-08,PRD016,WH002,,Sale,-22,192.14,0
TXN04473,2023-07-08,PRD016,WH003,SUP002,Purchase,80,117.84,0
TXN05088,2023-07-08,PRD018,WH003,SUP004,Purchase,161,197.21,0
TXN05653,2023-07-08,PRD020,WH001,SUP003,Purchase,828,25.19,0
TXN05654,2023-07-08,PRD020,WH001,,Sale,-107,38.65,0
TXN05935,2023-07-08,PRD021,WH001,SUP004,Purchase,750,17.68,0
TXN05939,2023-07-08,PRD021,WH002,SUP004,Purchase,544,18.21,0
TXN06517,2023-07-08,PRD023,WH001,SUP006,Purchase,944,13.58,0
TXN07123,2023-07-08,PRD025,WH002,,Sale,-41,132.52,0
TXN07418,2023-07-08,PRD026,WH003,,Sale,-40,52.3,0
TXN07708,2023-07-08,PRD027,WH001,SUP009,Purchase,135,146.47,0
TXN07993,2023-07-08,PRD028,WH002,SUP006,Purchase,0,186.34,1
TXN07994,2023-07-08,PRD028,WH002,,Sale,-20,254.81,0
TXN08559,2023-07-08,PRD030,WH001,,Sale,-27,138.19,0
TXN08845,2023-07-08,PRD031,WH003,SUP009,Purchase,5,183.28,0
TXN08926,2023-07-08,PRD032,WH002,SUP009,Purchase,5,221.87,0
TXN09198,2023-07-08,PRD035,WH001,,Sale,-1,779.18,0
TXN00081,2023-07-09,PRD001,WH002,,Sale,-68,28.31,0
TXN00956,2023-07-09,PRD004,WH002,,Sale,-27,145.14,0
TXN01552,2023-07-09,PRD006,WH003,,Sale,-10,153.08,0
TXN01843,2023-07-09,PRD007,WH003,,Sale,-15,83.92,0
TXN02414,2023-07-09,PRD009,WH001,,Sale,-117,20.19,0
TXN02416,2023-07-09,PRD009,WH001,,Sale,-89,19.91,0
TXN03899,2023-07-09,PRD014,WH002,,Sale,-18,102.54,0
TXN04202,2023-07-09,PRD015,WH003,,Sale,-31,47.5,0
TXN04468,2023-07-09,PRD016,WH001,,Sale,-43,185.03,0
TXN05083,2023-07-09,PRD018,WH001,,Sale,-19,242.23,0
TXN06519,2023-07-09,PRD023,WH001,,Sale,-125,22.58,0
TXN06526,2023-07-09,PRD023,WH002,,Sale,-192,21.89,0
TXN06823,2023-07-09,PRD024,WH003,,Sale,-7,365.9,0
TXN07415,2023-07-09,PRD026,WH002,,Sale,-51,55.76,0
TXN08289,2023-07-09,PRD029,WH003,,Sale,-24,117.74,0
TXN09025,2023-07-09,PRD033,WH002,,Sale,-1,1286.57,0
TXN09120,2023-07-09,PRD034,WH003,,Sale,-1,556.07,0
TXN01546,2023-07-10,PRD006,WH002,,Sale,-11,150.83,0
TXN01844,2023-07-10,PRD007,WH003,,Sale,-21,88.58,0
TXN03906,2023-07-10,PRD014,WH003,,Sale,-7,99.51,0
TXN04469,2023-07-10,PRD016,WH001,,Sale,-34,182.77,0
TXN05085,2023-07-10,PRD018,WH002,,Sale,-39,253.75,0
TXN06234,2023-07-10,PRD022,WH001,,Sale,-141,20.66,0
TXN07411,2023-07-10,PRD026,WH001,,Sale,-38,52.53,0
TXN08279,2023-07-10,PRD029,WH001,,Sale,-65,124.16,0
TXN08560,2023-07-10,PRD030,WH001,,Sale,-41,141.13,0
TXN08923,2023-07-10,PRD032,WH001,,Sale,-1,356.1,0
TXN01832,2023-07-11,PRD007,WH001,,Sale,-52,85.0,0
TXN02421,2023-07-11,PRD009,WH002,,Sale,-137,19.77,0
TXN02699,2023-07-11,PRD010,WH001,,Sale,-167,26.08,0
TXN03287,2023-07-11,PRD012,WH001,,Sale,-72,148.31,0
TXN03292,2023-07-11,PRD012,WH002,,Sale,-80,151.03,0
TXN03600,2023-07-11,PRD013,WH003,,Sale,-58,36.6,0
TXN03897,2023-07-11,PRD014,WH002,,Sale,-13,102.35,0
TXN03904,2023-07-11,PRD014,WH003,,Sale,-6,101.98,0
TXN05369,2023-07-11,PRD019,WH001,,Sale,-86,73.88,0
TXN06239,2023-07-11,PRD022,WH002,,Sale,-159,20.53,0
TXN06529,2023-07-11,PRD023,WH003,,Sale,-39,20.96,0
TXN08290,2023-07-11,PRD029,WH003,,Sale,-14,118.97,0
TXN08558,2023-07-11,PRD030,WH001,,Sale,-41,136.48,0
TXN08572,2023-07-11,PRD030,WH003,,Sale,-13,146.28,0
TXN09021,2023-07-11,PRD033,WH002,,Sale,-1,1323.97,0
TXN09111,2023-07-11,PRD034,WH001,,Sale,-1,569.59,0
TXN09116,2023-07-11,PRD034,WH002,,Sale,-1,540.98,0
TXN00950,2023-07-12,PRD004,WH001,,Sale,-26,140.73,0
TXN00960,2023-07-12,PRD004,WH003,,Sale,-11,145.45,0
TXN01253,2023-07-12,PRD005,WH003,,Sale,-52,68.97,0
TXN04194,2023-07-12,PRD015,WH001,,Sale,-56,49.21,0
TXN04198,2023-07-12,PRD015,WH002,,Sale,-76,47.04,0
TXN05660,2023-07-12,PRD020,WH002,,Sale,-52,37.94,0
TXN06520,2023-07-12,PRD023,WH001,,Sale,-91,21.25,0
TXN06822,2023-07-12,PRD024,WH003,,Sale,-8,384.97,0
TXN07992,2023-07-12,PRD028,WH001,,Sale,-21,258.46,0
TXN08573,2023-07-12,PRD030,WH003,,Sale,-13,134.46,0
TXN08930,2023-07-12,PRD032,WH003,,Sale,-1,365.82,0
TXN00354,2023-07-13,PRD002,WH001,,Sale,-74,48.05,0
TXN02145,2023-07-13,PRD008,WH003,,Sale,-7,98.12,0
TXN02420,2023-07-13,PRD009,WH002,,Sale,-105,20.88,0
TXN03593,2023-07-13,PRD013,WH002,,Sale,-40,33.41,0
TXN04195,2023-07-13,PRD015,WH001,,Sale,-43,46.4,0
TXN05658,2023-07-13,PRD020,WH002,,Sale,-60,38.34,0
TXN07127,2023-07-13,PRD025,WH003,,Sale,-10,130.96,0
TXN08561,2023-07-13,PRD030,WH001,,Sale,-37,135.97,0
TXN08567,2023-07-13,PRD030,WH002,,Sale,-29,133.5,0
TXN09118,2023-07-13,PRD034,WH003,,Sale,-1,566.22,0
TXN00963,2023-07-14,PRD004,WH002,SUP002,Return,13,72.0,0
TXN01248,2023-07-14,PRD005,WH002,,Sale,-59,66.57,0
TXN05666,2023-07-14,PRD020,WH003,,Sale,-35,37.02,0
TXN05937,2023-07-14,PRD021,WH001,,Sale,-110,26.83,0
TXN05947,2023-07-14,PRD021,WH003,,Sale,-29,27.02,0
TXN06232,2023-07-14,PRD022,WH001,,Sale,-146,19.08,0
TXN06821,2023-07-14,PRD024,WH003,,Sale,-5,364.7,0
TXN07116,2023-07-14,PRD025,WH001,,Sale,-32,139.83,0
TXN08288,2023-07-14,PRD029,WH003,,Sale,-24,124.49,0
TXN08928,2023-07-14,PRD032,WH002,,Sale,-1,351.97,0
TXN09024,2023-07-14,PRD033,WH002,,Sale,-1,1366.3,0
TXN01243,2023-07-15,PRD005,WH001,,Sale,-205,72.98,0
TXN01831,2023-07-15,PRD007,WH001,,Sale,-48,89.03,0
TXN02706,2023-07-15,PRD010,WH003,,Sale,-30,25.48,0
TXN03297,2023-07-15,PRD012,WH003,,Sale,-22,152.21,0
TXN03298,2023-07-15,PRD012,WH003,,Sale,-17,140.27,0
TXN03597,2023-07-15,PRD013,WH002,,Sale,-20,34.88,0
TXN04199,2023-07-15,PRD015,WH002,,Sale,-61,46.55,0
TXN05378,2023-07-15,PRD019,WH003,,Sale,-36,76.43,0
TXN06522,2023-07-15,PRD023,WH001,,Sale,-96,22.26,0
TXN06813,2023-07-15,PRD024,WH001,,Sale,-16,385.72,0
TXN06816,2023-07-15,PRD024,WH002,,Sale,-30,397.67,0
TXN06820,2023-07-15,PRD024,WH003,,Sale,-8,391.34,0
TXN07718,2023-07-15,PRD027,WH003,,Sale,-5,228.9,0
TXN08838,2023-07-15,PRD031,WH001,,Sale,-1,268.15,0
TXN08839,2023-07-15,PRD031,WH001,,Sale,-1,287.56,0
TXN09019,2023-07-15,PRD033,WH001,,Sale,-1,1410.68,0
TXN09119,2023-07-15,PRD034,WH003,,Sale,-1,522.93,0
TXN09208,2023-07-15,PRD035,WH003,,Sale,-1,759.2,0
TXN00361,2023-07-16,PRD002,WH002,,Sale,-69,50.29,0
TXN00951,2023-07-16,PRD004,WH001,,Sale,-36,139.41,0
TXN01545,2023-07-16,PRD006,WH002,,Sale,-6,146.99,0
TXN02148,2023-07-16,PRD008,WH003,,Sale,-14,94.08,0
TXN04475,2023-07-16,PRD016,WH003,,Sale,-13,179.97,0
TXN05664,2023-07-16,PRD020,WH003,,Sale,-32,36.84,0
TXN05665,2023-07-16,PRD020,WH003,,Sale,-50,39.32,0
TXN05667,2023-07-16,PRD020,WH003,,Sale,0,38.0,1
TXN06243,2023-07-16,PRD022,WH003,,Sale,-73,19.29,0
TXN06814,2023-07-16,PRD024,WH001,,Sale,-22,368.38,0
TXN07989,2023-07-16,PRD028,WH001,,Sale,-14,263.73,0
TXN09207,2023-07-16,PRD035,WH003,,Sale,-1,723.55,0
TXN02709,2023-07-17,PRD010,WH003,,Sale,-32,24.99,0
TXN02710,2023-07-17,PRD010,WH003,,Sale,-38,25.09,0
TXN03288,2023-07-17,PRD012,WH001,,Sale,-48,150.46,0
TXN04776,2023-07-17,PRD017,WH002,,Sale,-26,175.89,0
TXN04779,2023-07-17,PRD017,WH002,,Sale,-44,169.81,0
TXN05661,2023-07-17,PRD020,WH002,,Sale,-50,39.07,0
TXN06525,2023-07-17,PRD023,WH002,,Sale,-127,21.83,0
TXN08933,2023-07-17,PRD032,WH003,,Sale,-1,342.36,0
TXN09112,2023-07-17,PRD034,WH001,,Sale,-1,527.6,0
TXN09201,2023-07-17,PRD035,WH002,,Sale,-1,781.97,0
TXN00355,2023-07-18,PRD002,WH001,,Sale,-119,49.93,0
TXN00364,2023-07-18,PRD002,WH003,,Sale,-63,49.52,0
TXN01547,2023-07-18,PRD006,WH002,,Sale,-7,152.78,0
TXN02423,2023-07-18,PRD009,WH003,,Sale,-106,19.32,0
TXN03296,2023-07-18,PRD012,WH003,,Sale,-12,149.69,0
TXN04770,2023-07-18,PRD017,WH001,,Sale,-33,177.72,0
TXN04775,2023-07-18,PRD017,WH002,,Sale,-33,167.57,0
TXN05089,2023-07-18,PRD018,WH003,,Sale,-20,245.41,0
TXN05940,2023-07-18,PRD021,WH002,,Sale,-54,29.3,0
TXN06235,2023-07-18,PRD022,WH001,,Sale,-78,19.72,0
TXN06812,2023-07-18,PRD024,WH001,,Sale,-15,373.24,0
TXN07990,2023-07-18,PRD028,WH001,,Sale,-12,259.79,0
TXN08570,2023-07-18,PRD030,WH003,,Sale,-19,133.24,0
TXN08921,2023-07-18,PRD032,WH001,,Sale,-1,350.0,0
TXN00077,2023-07-19,PRD001,WH001,,Sale,-69,29.4,0
TXN00959,2023-07-19,PRD004,WH003,,Sale,-9,142.53,0
TXN01551,2023-07-19,PRD006,WH003,,Sale,-7,144.25,0
TXN01839,2023-07-19,PRD007,WH002,,Sale,-41,87.15,0
TXN02417,2023-07-19,PRD009,WH001,,Sale,-95,19.96,0
TXN02998,2023-07-19,PRD011,WH003,,Sale,-24,60.2,0
TXN03591,2023-07-19,PRD013,WH001,,Sale,-166,34.37,0
TXN03594,2023-07-19,PRD013,WH002,,Sale,-29,35.78,0
TXN04193,2023-07-19,PRD015,WH001,,Sale,-41,48.37,0
TXN04773,2023-07-19,PRD017,WH001,,Sale,-52,170.0,0
TXN05373,2023-07-19,PRD019,WH002,,Sale,-50,73.89,0
TXN05945,2023-07-19,PRD021,WH003,,Sale,-40,28.27,0
TXN07409,2023-07-19,PRD026,WH001,,Sale,-43,56.87,0
TXN08566,2023-07-19,PRD030,WH002,,Sale,-28,133.86,0
TXN09027,2023-07-19,PRD033,WH003,,Sale,-1,1340.37,0
TXN09028,2023-07-19,PRD033,WH003,,Sale,-1,1310.06,0
TXN09031,2023-07-19,PRD033,WH003,,Sale,-1,1344.17,0
TXN00075,2023-07-20,PRD001,WH001,,Sale,-61,27.44,0
TXN00082,2023-07-20,PRD001,WH002,,Sale,-85,28.08,0
TXN01543,2023-07-20,PRD006,WH001,,Sale,-19,149.41,0
TXN01837,2023-07-20,PRD007,WH002,,Sale,-29,88.71,0
TXN02708,2023-07-20,PRD010,WH003,,Sale,-24,26.05,0
TXN03299,2023-07-20,PRD012,WH003,,Sale,-18,148.63,0
TXN03590,2023-07-20,PRD013,WH001,,Sale,-109,34.56,0
TXN03895,2023-07-20,PRD014,WH001,,Sale,-25,103.36,0
TXN03898,2023-07-20,PRD014,WH002,,Sale,-17,103.91,0
TXN04192,2023-07-20,PRD015,WH001,,Sale,-44,50.13,0
TXN04472,2023-07-20,PRD016,WH002,,Sale,-39,182.07,0
TXN05080,2023-07-20,PRD018,WH001,,Sale,-32,252.42,0
TXN05949,2023-07-20,PRD021,WH003,,Sale,-36,28.62,0
TXN06819,2023-07-20,PRD024,WH003,,Sale,-6,364.95,0
TXN07118,2023-07-20,PRD025,WH001,,Sale,-26,128.95,0
TXN07121,2023-07-20,PRD025,WH002,,Sale,-22,138.12,0
TXN07125,2023-07-20,PRD025,WH003,,Sale,-6,131.22,0
TXN07998,2023-07-20,PRD028,WH003,,Sale,-15,274.08,0
TXN09030,2023-07-20,PRD033,WH003,,Sale,-1,1390.88,0
TXN00669,2023-07-21,PRD003,WH003,,Sale,-28,135.15,0
TXN01541,2023-07-21,PRD006,WH001,,Sale,-15,149.69,0
TXN03903,2023-07-21,PRD014,WH003,,Sale,-8,95.88,0
TXN04476,2023-07-21,PRD016,WH003,,Sale,-8,176.66,0
TXN05374,2023-07-21,PRD019,WH002,,Sale,-69,76.37,0
TXN05662,2023-07-21,PRD020,WH002,,Sale,-47,38.68,0
TXN08000,2023-07-21,PRD028,WH003,,Sale,-9,274.06,0
TXN08563,2023-07-21,PRD030,WH002,,Sale,-30,137.36,0
TXN09023,2023-07-21,PRD033,WH002,,Sale,-1,1376.56,0
TXN09209,2023-07-21,PRD035,WH003,,Sale,-1,780.09,0
TXN00663,2023-07-22,PRD003,WH001,,Sale,-89,135.04,0
TXN00671,2023-07-22,PRD003,WH003,,Sale,-28,132.91,0
TXN01246,2023-07-22,PRD005,WH002,,Sale,-51,73.24,0
TXN02139,2023-07-22,PRD008,WH001,,Sale,-14,98.75,0
TXN02700,2023-07-22,PRD010,WH001,,Sale,-199,25.75,0
TXN02991,2023-07-22,PRD011,WH001,,Sale,-153,57.02,0
TXN03902,2023-07-22,PRD014,WH003,,Sale,-8,99.46,0
TXN05946,2023-07-22,PRD021,WH003,,Sale,-25,27.37,0
TXN07710,2023-07-22,PRD027,WH001,,Sale,-29,225.84,0
TXN07991,2023-07-22,PRD028,WH001,,Sale,-14,261.87,0
TXN08924,2023-07-22,PRD032,WH001,,Sale,-1,339.95,0
TXN09022,2023-07-22,PRD033,WH002,,Sale,-1,1301.95,0
TXN09205,2023-07-22,PRD035,WH003,,Sale,-1,778.04,0
TXN02415,2023-07-23,PRD009,WH001,,Sale,-68,19.35,0
TXN02419,2023-07-23,PRD009,WH002,,Sale,-145,20.45,0
TXN02702,2023-07-23,PRD010,WH002,,Sale,-82,25.74,0
TXN02704,2023-07-23,PRD010,WH002,,Sale,-68,24.45,0
TXN02992,2023-07-23,PRD011,WH001,,Sale,-105,58.49,0
TXN02996,2023-07-23,PRD011,WH002,,Sale,-60,60.84,0
TXN03290,2023-07-23,PRD012,WH001,,Sale,-39,152.18,0
TXN04781,2023-07-23,PRD017,WH003,,Sale,-43,179.26,0
TXN08846,2023-07-23,PRD031,WH003,,Sale,-1,293.34,0
TXN00076,2023-07-24,PRD001,WH001,,Sale,-77,29.22,0
TXN00358,2023-07-24,PRD002,WH002,,Sale,-69,48.78,0
TXN00667,2023-07-24,PRD003,WH002,,Sale,-47,134.17,0
TXN00670,2023-07-24,PRD003,WH003,,Sale,-19,133.12,0
TXN00954,2023-07-24,PRD004,WH002,,Sale,-30,146.51,0
TXN01247,2023-07-24,PRD005,WH002,,Sale,-37,72.24,0
TXN01838,2023-07-24,PRD007,WH002,,Sale,-36,86.09,0
TXN03894,2023-07-24,PRD014,WH001,,Sale,-49,104.92,0
TXN04201,2023-07-24,PRD015,WH003,,Sale,-31,49.2,0
TXN05091,2023-07-24,PRD018,WH003,,Sale,-17,262.36,0
TXN05370,2023-07-24,PRD019,WH001,,Sale,-76,74.18,0
TXN05376,2023-07-24,PRD019,WH002,,Sale,-40,77.36,0
TXN06238,2023-07-24,PRD022,WH002,,Sale,-123,19.17,0
TXN07709,2023-07-24,PRD027,WH001,,Sale,-30,220.0,0
TXN07995,2023-07-24,PRD028,WH002,,Sale,-23,273.82,0
TXN08281,2023-07-24,PRD029,WH002,,Sale,-29,116.54,0
TXN08841,2023-07-24,PRD031,WH001,,Sale,-1,285.69,0
TXN08847,2023-07-24,PRD031,WH003,,Sale,-1,290.89,0
TXN08922,2023-07-24,PRD032,WH001,,Sale,-1,343.66,0
TXN08932,2023-07-24,PRD032,WH003,,Sale,-1,365.63,0
TXN09018,2023-07-24,PRD033,WH001,,Sale,-1,1408.76,0
TXN00949,2023-07-25,PRD004,WH001,,Sale,-33,133.94,0
TXN00952,2023-07-25,PRD004,WH001,,Sale,-29,142.81,0
TXN01249,2023-07-25,PRD005,WH002,,Sale,-64,70.13,0
TXN01250,2023-07-25,PRD005,WH002,,Sale,-34,70.7,0
TXN01548,2023-07-25,PRD006,WH002,,Sale,-13,147.8,0
TXN02138,2023-07-25,PRD008,WH001,,Sale,-24,97.33,0
TXN02141,2023-07-25,PRD008,WH002,,Sale,-19,97.99,0
TXN02707,2023-07-25,PRD010,WH003,,Sale,-29,25.34,0
TXN04769,2023-07-25,PRD017,WH001,,Sale,-31,178.8,0
TXN05081,2023-07-25,PRD018,WH001,,Sale,-38,254.42,0
TXN05087,2023-07-25,PRD018,WH002,,Sale,-52,249.56,0
TXN05379,2023-07-25,PRD019,WH003,,Sale,-49,77.49,0
TXN06521,2023-07-25,PRD023,WH001,,Sale,-80,22.41,0
TXN06524,2023-07-25,PRD023,WH002,,Sale,-149,21.82,0
TXN06528,2023-07-25,PRD023,WH003,,Sale,-33,23.09,0
TXN07419,2023-07-25,PRD026,WH003,,Sale,-35,53.38,0
TXN07999,2023-07-25,PRD028,WH003,,Sale,-14,270.72,0
TXN08278,2023-07-25,PRD029,WH001,,Sale,-123,123.6,0
TXN09017,2023-07-25,PRD033,WH001,,Sale,-1,1378.47,0
TXN09115,2023-07-25,PRD034,WH002,,Sale,-1,562.32,0
TXN01842,2023-07-26,PRD007,WH003,,Sale,-20,81.97,0
TXN02703,2023-07-26,PRD010,WH002,,Sale,-117,23.92,0
TXN03000,2023-07-26,PRD011,WH003,,Sale,-40,58.03,0
TXN04771,2023-07-26,PRD017,WH001,,Sale,-53,182.46,0
TXN06810,2023-07-26,PRD024,WH001,,Sale,-15,373.04,0
TXN07713,2023-07-26,PRD027,WH002,,Sale,-25,212.81,0
TXN07716,2023-07-26,PRD027,WH003,,Sale,-9,221.93,0
TXN08569,2023-07-26,PRD030,WH003,,Sale,-20,134.99,0
TXN08840,2023-07-26,PRD031,WH001,,Sale,-1,286.04,0
TXN09122,2023-07-26,PRD034,WH003,,Sale,-1,574.62,0
TXN01833,2023-07-27,PRD007,WH001,,Sale,-43,82.96,0
TXN01840,2023-07-27,PRD007,WH002,,Sale,-30,83.44,0
TXN02413,2023-07-27,PRD009,WH001,,Sale,-85,19.17,0
TXN02995,2023-07-27,PRD011,WH002,,Sale,-67,56.0,0
TXN05942,2023-07-27,PRD021,WH002,,Sale,-68,28.46,0
TXN06811,2023-07-27,PRD024,WH001,,Sale,-12,387.15,0
TXN07126,2023-07-27,PRD025,WH003,,Sale,-6,138.83,0
TXN07410,2023-07-27,PRD026,WH001,,Sale,-29,53.33,0
TXN07996,2023-07-27,PRD028,WH002,,Sale,-20,269.43,0
TXN08285,2023-07-27,PRD029,WH002,,Sale,-54,120.75,0
TXN08565,2023-07-27,PRD030,WH002,,Sale,-26,146.81,0
TXN09121,2023-07-27,PRD034,WH003,,Sale,-1,533.72,0
TXN09203,2023-07-27,PRD035,WH002,,Sale,-1,727.26,0
TXN01562,2023-07-30,PRD006,WH003,,Sale,0,147.16,1
TXN02428,2023-07-30,PRD009,WH001,,Sale,-119,20.39,0
TXN03011,2023-07-30,PRD011,WH003,,Sale,-30,58.47,0
TXN03915,2023-07-30,PRD014,WH002,,Sale,-13,99.34,0
TXN03918,2023-07-30,PRD014,WH003,,Sale,-12,99.97,0
TXN06824,2023-07-30,PRD024,WH001,,Sale,-18,366.43,0
TXN06828,2023-07-30,PRD024,WH001,,Sale,-23,376.36,0
TXN02153,2023-07-31,PRD008,WH002,,Sale,-36,97.34,0
TXN02425,2023-07-31,PRD009,WH001,,Sale,-103,20.3,0
TXN02718,2023-07-31,PRD010,WH002,,Sale,-87,25.62,0
TXN03302,2023-07-31,PRD012,WH002,,Sale,-82,142.31,0
TXN04209,2023-07-31,PRD015,WH002,,Sale,-44,48.0,0
TXN04216,2023-07-31,PRD015,WH003,,Sale,-18,49.45,0
TXN04477,2023-07-31,PRD016,WH001,,Sale,-17,187.31,0
TXN05385,2023-07-31,PRD019,WH002,,Sale,-73,71.99,0
TXN05672,2023-07-31,PRD020,WH002,,Sale,-149,36.72,0
TXN05674,2023-07-31,PRD020,WH003,,Sale,-82,36.17,0
TXN06533,2023-07-31,PRD023,WH001,,Sale,-175,21.72,0
TXN07428,2023-07-31,PRD026,WH003,,Sale,-26,56.49,0
TXN07722,2023-07-31,PRD027,WH001,,Sale,-10,226.79,0
TXN07724,2023-07-31,PRD027,WH002,,Sale,-8,222.57,0
TXN08575,2023-07-31,PRD030,WH001,,Sale,-22,135.9,0
TXN00672,2023-08-01,PRD003,WH001,,Sale,-58,127.93,0
TXN01254,2023-08-01,PRD005,WH001,,Sale,-125,70.35,0
TXN01556,2023-08-01,PRD006,WH001,,Sale,-16,149.16,0
TXN01852,2023-08-01,PRD007,WH003,,Sale,-23,84.36,0
TXN03603,2023-08-01,PRD013,WH001,,Sale,-42,35.85,0
TXN04208,2023-08-01,PRD015,WH001,,Sale,-53,48.47,0
TXN05096,2023-08-01,PRD018,WH002,,Sale,-37,237.83,0
TXN05097,2023-08-01,PRD018,WH003,,Sale,-13,255.22,0
TXN05381,2023-08-01,PRD019,WH001,,Sale,-88,78.06,0
TXN05389,2023-08-01,PRD019,WH003,,Sale,-41,78.48,0
TXN06540,2023-08-01,PRD023,WH003,,Sale,-54,22.57,0
TXN07422,2023-08-01,PRD026,WH001,,Sale,-35,57.14,0
TXN07721,2023-08-01,PRD027,WH001,,Sale,-21,216.06,0
TXN07723,2023-08-01,PRD027,WH002,,Sale,-10,223.78,0
TXN01846,2023-08-02,PRD007,WH001,,Sale,-123,87.71,0
TXN01853,2023-08-02,PRD007,WH003,,Sale,-35,81.41,0
TXN02155,2023-08-02,PRD008,WH003,,Sale,-19,93.76,0
TXN04212,2023-08-02,PRD015,WH002,,Sale,-34,46.3,0
TXN06537,2023-08-02,PRD023,WH002,,Sale,-86,22.4,0
TXN07729,2023-08-02,PRD027,WH003,,Sale,-8,226.23,0
TXN08008,2023-08-02,PRD028,WH003,,Sale,-7,266.1,0
TXN08578,2023-08-02,PRD030,WH001,,Sale,-43,138.35,0
TXN08582,2023-08-02,PRD030,WH003,,Sale,-52,133.03,0
TXN02151,2023-08-03,PRD008,WH001,,Sale,-24,95.05,0
TXN02714,2023-08-03,PRD010,WH001,,Sale,-75,26.05,0
TXN03004,2023-08-03,PRD011,WH001,,Sale,-37,58.79,0
TXN03301,2023-08-03,PRD012,WH001,,Sale,-124,138.95,0
TXN04204,2023-08-03,PRD015,WH001,,Sale,-32,47.6,0
TXN04205,2023-08-03,PRD015,WH001,,Sale,-29,49.91,0
TXN05386,2023-08-03,PRD019,WH002,,Sale,-97,74.22,0
TXN05950,2023-08-03,PRD021,WH001,,Sale,-112,28.43,0
TXN00969,2023-08-04,PRD004,WH002,,Sale,-20,133.92,0
TXN01849,2023-08-04,PRD007,WH002,,Sale,-45,86.78,0
TXN03611,2023-08-04,PRD013,WH003,,Sale,-40,33.3,0
TXN03916,2023-08-04,PRD014,WH002,,Sale,-19,96.51,0
TXN04787,2023-08-04,PRD017,WH002,,Sale,-45,167.22,0
TXN05671,2023-08-04,PRD020,WH002,,Sale,-98,36.55,0
TXN07426,2023-08-04,PRD026,WH002,,Sale,-40,53.07,0
TXN07427,2023-08-04,PRD026,WH003,,Sale,-38,54.24,0
TXN07730,2023-08-04,PRD027,WH003,,Sale,-6,222.15,0
TXN00371,2023-08-05,PRD002,WH002,,Sale,-74,52.03,0
TXN00373,2023-08-05,PRD002,WH003,,Sale,-29,48.37,0
TXN00971,2023-08-05,PRD004,WH003,,Sale,-30,144.72,0
TXN01554,2023-08-05,PRD006,WH001,,Sale,-16,150.38,0
TXN03601,2023-08-05,PRD013,WH001,,Sale,-64,33.69,0
TXN04478,2023-08-05,PRD016,WH001,,Sale,-12,180.2,0
TXN06246,2023-08-05,PRD022,WH001,,Sale,-98,20.42,0
TXN06251,2023-08-05,PRD022,WH002,,Sale,-89,20.57,0
TXN01256,2023-08-06,PRD005,WH002,,Sale,-69,70.74,0
TXN02712,2023-08-06,PRD010,WH001,,Sale,-78,24.65,0
TXN03005,2023-08-06,PRD011,WH002,,Sale,-71,56.09,0
TXN03605,2023-08-06,PRD013,WH001,,Sale,-36,34.13,0
TXN05098,2023-08-06,PRD018,WH003,,Sale,-18,262.17,0
TXN05955,2023-08-06,PRD021,WH002,,Sale,-50,28.81,0
TXN06248,2023-08-06,PRD022,WH001,,Sale,-105,19.93,0
TXN07719,2023-08-06,PRD027,WH001,,Sale,-13,210.84,0
TXN08001,2023-08-06,PRD028,WH001,,Sale,-14,256.44,0
TXN08579,2023-08-06,PRD030,WH002,,Sale,-55,143.57,0
TXN00089,2023-08-07,PRD001,WH002,,Sale,-103,27.05,0
TXN02429,2023-08-07,PRD009,WH001,,Sale,-100,20.21,0
TXN03002,2023-08-07,PRD011,WH001,,Sale,-71,59.87,0
TXN03303,2023-08-07,PRD012,WH002,,Sale,-84,152.01,0
TXN03607,2023-08-07,PRD013,WH002,,Sale,-41,35.91,0
TXN05092,2023-08-07,PRD018,WH001,,Sale,-53,261.09,0
TXN05101,2023-08-07,PRD018,WH003,,Sale,-29,256.81,0
TXN05675,2023-08-07,PRD020,WH003,,Sale,-75,38.13,0
TXN06255,2023-08-07,PRD022,WH003,,Sale,-66,20.8,0
TXN06536,2023-08-07,PRD023,WH002,,Sale,-121,22.51,0
TXN06827,2023-08-07,PRD024,WH001,,Sale,-17,367.81,0
TXN08293,2023-08-07,PRD029,WH002,,Sale,-34,123.71,0
TXN08296,2023-08-07,PRD029,WH003,,Sale,-21,123.49,0
TXN08297,2023-08-07,PRD029,WH003,,Sale,-21,114.33,0
TXN08576,2023-08-07,PRD030,WH001,,Sale,-36,137.33,0
TXN00369,2023-08-08,PRD002,WH001,,Sale,-52,51.23,0
TXN00677,2023-08-08,PRD003,WH002,,Sale,-30,133.87,0
TXN00964,2023-08-08,PRD004,WH001,,Sale,-60,146.64,0
TXN03007,2023-08-08,PRD011,WH002,,Sale,-49,58.97,0
TXN03010,2023-08-08,PRD011,WH003,,Sale,-20,57.75,0
TXN03604,2023-08-08,PRD013,WH001,,Sale,-62,36.35,0
TXN04206,2023-08-08,PRD015,WH001,,Sale,-55,47.4,0
TXN04211,2023-08-08,PRD015,WH002,,Sale,-34,50.03,0
TXN05956,2023-08-08,PRD021,WH003,,Sale,-25,27.05,0
TXN05958,2023-08-08,PRD021,WH003,,Sale,-20,26.84,0
TXN06253,2023-08-08,PRD022,WH002,,Sale,-75,20.43,0
TXN06254,2023-08-08,PRD022,WH002,,Sale,-84,19.27,0
TXN06534,2023-08-08,PRD023,WH001,,Sale,-153,21.07,0
TXN06832,2023-08-08,PRD024,WH003,,Sale,-8,389.15,0
TXN07728,2023-08-08,PRD027,WH003,,Sale,0,216.16,1
TXN08010,2023-08-08,PRD028,WH003,,Sale,-7,256.05,0
TXN01559,2023-08-09,PRD006,WH002,,Sale,-10,144.65,0
TXN03304,2023-08-09,PRD012,WH003,,Sale,-39,149.89,0
TXN03305,2023-08-09,PRD012,WH003,,Sale,-39,150.77,0
TXN04790,2023-08-09,PRD017,WH003,,Sale,-32,168.67,0
TXN05094,2023-08-09,PRD018,WH001,,Sale,-36,237.99,0
TXN05669,2023-08-09,PRD020,WH001,,Sale,-225,36.14,0
TXN06831,2023-08-09,PRD024,WH003,,Sale,-7,395.79,0
TXN07424,2023-08-09,PRD026,WH002,,Sale,-47,52.8,0
TXN08574,2023-08-09,PRD030,WH001,,Sale,-33,142.5,0
TXN00968,2023-08-10,PRD004,WH002,,Sale,-20,144.49,0
TXN01555,2023-08-10,PRD006,WH001,,Sale,-9,154.27,0
TXN02154,2023-08-10,PRD008,WH002,,Sale,-48,99.01,0
TXN02715,2023-08-10,PRD010,WH001,,Sale,-52,24.65,0
TXN04215,2023-08-10,PRD015,WH003,,Sale,-24,48.58,0
TXN05957,2023-08-10,PRD021,WH003,,Sale,-41,29.39,0
TXN06247,2023-08-10,PRD022,WH001,,Sale,-122,19.02,0
TXN07720,2023-08-10,PRD027,WH001,,Sale,-24,216.97,0
TXN08012,2023-08-10,PRD028,WH003,,Sale,-12,273.42,0
TXN00368,2023-08-11,PRD002,WH001,,Sale,-52,50.12,0
TXN00675,2023-08-11,PRD003,WH002,,Sale,-25,129.11,0
TXN00679,2023-08-11,PRD003,WH003,,Sale,-29,127.62,0
TXN00970,2023-08-11,PRD004,WH002,,Sale,-23,134.9,0
TXN01257,2023-08-11,PRD005,WH002,,Sale,-44,70.52,0
TXN01561,2023-08-11,PRD006,WH003,,Sale,-5,153.21,0
TXN02432,2023-08-11,PRD009,WH002,,Sale,-183,19.8,0
TXN02719,2023-08-11,PRD010,WH003,,Sale,-102,25.58,0
TXN03008,2023-08-11,PRD011,WH003,,Sale,-19,59.15,0
TXN03307,2023-08-11,PRD012,WH003,,Adjustment,6,95.0,0
TXN04207,2023-08-11,PRD015,WH001,,Sale,-35,49.86,0
TXN04214,2023-08-11,PRD015,WH003,,Sale,-14,47.2,0
TXN04483,2023-08-11,PRD016,WH002,,Sale,-16,180.43,0
TXN05670,2023-08-11,PRD020,WH002,,Sale,-111,39.43,0
TXN05673,2023-08-11,PRD020,WH003,,Sale,-49,37.2,0
TXN05952,2023-08-11,PRD021,WH002,,Sale,-47,26.99,0
TXN07130,2023-08-11,PRD025,WH001,,Sale,-21,139.28,0
TXN07425,2023-08-11,PRD026,WH002,,Sale,-29,52.58,0
TXN08009,2023-08-11,PRD028,WH003,,Sale,-11,252.27,0
TXN08294,2023-08-11,PRD029,WH002,,Sale,-42,117.26,0
TXN08581,2023-08-11,PRD030,WH003,,Sale,-32,143.96,0
TXN01258,2023-08-12,PRD005,WH002,,Sale,-51,70.04,0
TXN02433,2023-08-12,PRD009,WH003,,Sale,-98,19.33,0
TXN02717,2023-08-12,PRD010,WH002,,Sale,-122,24.36,0
TXN02720,2023-08-12,PRD010,WH003,,Sale,-89,24.68,0
TXN03009,2023-08-12,PRD011,WH003,,Sale,-18,59.82,0
TXN03608,2023-08-12,PRD013,WH002,,Sale,-32,34.56,0
TXN03909,2023-08-12,PRD014,WH001,,Sale,-20,99.65,0
TXN06245,2023-08-12,PRD022,WH001,,Sale,-72,20.74,0
TXN06249,2023-08-12,PRD022,WH001,,Sale,-80,19.18,0
TXN07421,2023-08-12,PRD026,WH001,,Sale,-37,55.23,0
TXN07725,2023-08-12,PRD027,WH002,,Sale,-16,216.93,0
TXN08002,2023-08-12,PRD028,WH001,,Sale,-21,271.58,0
TXN08577,2023-08-12,PRD030,WH001,,Sale,-20,141.39,0
TXN00674,2023-08-13,PRD003,WH002,,Sale,-22,129.88,0
TXN00680,2023-08-13,PRD003,WH002,,Adjustment,3,85.0,0
TXN00966,2023-08-13,PRD004,WH002,,Sale,-15,135.96,0
TXN00972,2023-08-13,PRD004,WH003,,Sale,-17,133.71,0
TXN02149,2023-08-13,PRD008,WH001,,Sale,-24,96.8,0
TXN02152,2023-08-13,PRD008,WH001,,Sale,-16,91.48,0
TXN03911,2023-08-13,PRD014,WH001,,Sale,-23,103.69,0
TXN04785,2023-08-13,PRD017,WH001,,Sale,-36,176.81,0
TXN05099,2023-08-13,PRD018,WH003,,Sale,-11,251.04,0
TXN05382,2023-08-13,PRD019,WH001,,Sale,-93,71.59,0
TXN06538,2023-08-13,PRD023,WH003,,Sale,-58,22.18,0
TXN06539,2023-08-13,PRD023,WH003,,Sale,-36,21.17,0
TXN08003,2023-08-13,PRD028,WH001,,Sale,-23,260.58,0
TXN08291,2023-08-13,PRD029,WH001,,Sale,-128,115.2,0
TXN08298,2023-08-13,PRD029,WH003,,Sale,-19,117.19,0
TXN01557,2023-08-14,PRD006,WH001,,Sale,-8,156.07,0
TXN01847,2023-08-14,PRD007,WH001,,Sale,-93,83.71,0
TXN03917,2023-08-14,PRD014,WH003,,Sale,-8,96.5,0
TXN04210,2023-08-14,PRD015,WH002,,Sale,-52,45.93,0
TXN04486,2023-08-14,PRD016,WH003,,Sale,-14,184.97,0
TXN04789,2023-08-14,PRD017,WH002,,Sale,-57,178.83,0
TXN06257,2023-08-14,PRD022,WH003,,Sale,-66,20.32,0
TXN06834,2023-08-14,PRD024,WH003,,Sale,-15,362.39,0
TXN08004,2023-08-14,PRD028,WH001,,Sale,-22,275.5,0
TXN00086,2023-08-15,PRD001,WH001,,Sale,-153,27.97,0
TXN00370,2023-08-15,PRD002,WH002,,Sale,-53,50.67,0
TXN01259,2023-08-15,PRD005,WH002,,Sale,-72,68.56,0
TXN02156,2023-08-15,PRD008,WH003,,Sale,-19,91.71,0
TXN04791,2023-08-15,PRD017,WH003,,Sale,-30,170.5,0
TXN05953,2023-08-15,PRD021,WH002,,Sale,-65,29.08,0
TXN06829,2023-08-15,PRD024,WH002,,Sale,-20,377.41,0
TXN08292,2023-08-15,PRD029,WH001,,Sale,-85,119.51,0
TXN01255,2023-08-16,PRD005,WH001,,Sale,-241,72.91,0
TXN01260,2023-08-16,PRD005,WH003,,Sale,-97,72.19,0
TXN03006,2023-08-16,PRD011,WH002,,Sale,-66,56.26,0
TXN03907,2023-08-16,PRD014,WH001,,Sale,-16,104.99,0
TXN04484,2023-08-16,PRD016,WH002,,Sale,-27,192.68,0
TXN05388,2023-08-16,PRD019,WH003,,Sale,-53,75.99,0
TXN08006,2023-08-16,PRD028,WH002,,Sale,-28,274.51,0
TXN03306,2023-08-17,PRD012,WH003,,Sale,-21,148.22,0
TXN03908,2023-08-17,PRD014,WH001,,Sale,-13,96.71,0
TXN04786,2023-08-17,PRD017,WH001,,Sale,-64,173.93,0
TXN05093,2023-08-17,PRD018,WH001,,Sale,-51,246.98,0
TXN05668,2023-08-17,PRD020,WH001,,Sale,-203,38.13,0
TXN06535,2023-08-17,PRD023,WH002,,Sale,-90,21.48,0
TXN06825,2023-08-17,PRD024,WH001,,Sale,-15,385.95,0
TXN08299,2023-08-17,PRD029,WH003,,Sale,-28,121.36,0
TXN08580,2023-08-17,PRD030,WH002,,Sale,-95,143.29,0
TXN00673,2023-08-18,PRD003,WH001,,Sale,-93,128.66,0
TXN01848,2023-08-18,PRD007,WH002,,Sale,-33,85.2,0
TXN04479,2023-08-18,PRD016,WH001,,Sale,-20,186.08,0
TXN04788,2023-08-18,PRD017,WH002,,Sale,-41,174.45,0
TXN05100,2023-08-18,PRD018,WH003,,Sale,-13,257.95,0
TXN05383,2023-08-18,PRD019,WH001,,Sale,-72,74.98,0
TXN05951,2023-08-18,PRD021,WH001,,Sale,-174,29.18,0
TXN07137,2023-08-18,PRD025,WH003,,Sale,-28,140.63,0
TXN08011,2023-08-18,PRD028,WH003,,Sale,-6,272.41,0
TXN03012,2023-08-19,PRD011,WH003,,Sale,-20,60.28,0
TXN03610,2023-08-19,PRD013,WH003,,Sale,-69,33.42,0
TXN04213,2023-08-19,PRD015,WH003,,Sale,-19,48.1,0
TXN06252,2023-08-19,PRD022,WH002,,Sale,-48,20.87,0
TXN06541,2023-08-19,PRD023,WH003,,Sale,-40,22.17,0
TXN06830,2023-08-19,PRD024,WH002,,Sale,-33,387.27,0
TXN00676,2023-08-20,PRD003,WH002,,Sale,-32,128.44,0
TXN02430,2023-08-20,PRD009,WH002,,Sale,-137,20.68,0
TXN03606,2023-08-20,PRD013,WH002,,Sale,-58,35.32,0
TXN05095,2023-08-20,PRD018,WH002,,Sale,-77,247.25,0
TXN06250,2023-08-20,PRD022,WH002,,Sale,-89,19.22,0
TXN07133,2023-08-20,PRD025,WH001,,Sale,-35,136.03,0
TXN07423,2023-08-20,PRD026,WH001,,Sale,-71,52.98,0
TXN07726,2023-08-20,PRD027,WH002,,Sale,-11,225.9,0
TXN00090,2023-08-21,PRD001,WH002,,Sale,-157,27.8,0
TXN00091,2023-08-21,PRD001,WH003,,Sale,-89,29.13,0
TXN00366,2023-08-21,PRD002,WH001,,Sale,-46,52.1,0
TXN00678,2023-08-21,PRD003,WH003,,Sale,-24,133.69,0
TXN01261,2023-08-21,PRD005,WH003,,Sale,-58,69.6,0
TXN01851,2023-08-21,PRD007,WH002,,Sale,-31,81.96,0
TXN02434,2023-08-21,PRD009,WH003,,Sale,-137,19.6,0
TXN03300,2023-08-21,PRD012,WH001,,Sale,-131,148.42,0
TXN04784,2023-08-21,PRD017,WH001,,Sale,-43,178.94,0
TXN05954,2023-08-21,PRD021,WH002,,Sale,-63,27.51,0
TXN07134,2023-08-21,PRD025,WH002,,Sale,-43,135.54,0
TXN07420,2023-08-21,PRD026,WH001,,Sale,-29,56.23,0
TXN07727,2023-08-21,PRD027,WH003,,Sale,-8,218.51,0
TXN08007,2023-08-21,PRD028,WH002,,Sale,-39,274.89,0
TXN00372,2023-08-22,PRD002,WH002,,Sale,-65,52.29,0
TXN00967,2023-08-22,PRD004,WH002,,Sale,-25,139.78,0
TXN01558,2023-08-22,PRD006,WH002,,Sale,-15,155.61,0
TXN02150,2023-08-22,PRD008,WH001,,Sale,-28,99.5,0
TXN02426,2023-08-22,PRD009,WH001,,Sale,-144,19.49,0
TXN03609,2023-08-22,PRD013,WH002,,Sale,-40,36.52,0
TXN06256,2023-08-22,PRD022,WH003,,Sale,-64,19.39,0
TXN07135,2023-08-22,PRD025,WH002,,Sale,-41,138.24,0
TXN00374,2023-08-23,PRD002,WH003,,Sale,-32,50.78,0
TXN00375,2023-08-23,PRD002,WH003,,Sale,-39,50.64,0
TXN01854,2023-08-23,PRD007,WH003,,Sale,-31,84.42,0
TXN02431,2023-08-23,PRD009,WH002,,Sale,-89,19.18,0
TXN03912,2023-08-23,PRD014,WH002,,Sale,-10,98.86,0
TXN04481,2023-08-23,PRD016,WH001,,Sale,-20,187.52,0
TXN05384,2023-08-23,PRD019,WH001,,Sale,-136,75.04,0
TXN05959,2023-08-23,PRD021,WH003,,Sale,-41,28.17,0
TXN07132,2023-08-23,PRD025,WH001,,Sale,-19,131.12,0
TXN08295,2023-08-23,PRD029,WH002,,Sale,-51,115.83,0
TXN00365,2023-08-24,PRD002,WH001,,Sale,-41,50.0,0
TXN02711,2023-08-24,PRD010,WH001,,Sale,-84,25.62,0
TXN03602,2023-08-24,PRD013,WH001,,Sale,-50,36.55,0
TXN03910,2023-08-24,PRD014,WH001,,Sale,-17,103.46,0
TXN04480,2023-08-24,PRD016,WH001,,Sale,-20,194.23,0
TXN04482,2023-08-24,PRD016,WH002,,Sale,-13,176.62,0
TXN04783,2023-08-24,PRD017,WH001,,Sale,-35,182.93,0
TXN04792,2023-08-24,PRD017,WH003,,Sale,-14,178.07,0
TXN05390,2023-08-24,PRD019,WH003,,Sale,-62,77.56,0
TXN06826,2023-08-24,PRD024,WH001,,Sale,-14,388.42,0
TXN06833,2023-08-24,PRD024,WH003,,Sale,-9,366.83,0
TXN00088,2023-08-25,PRD001,WH001,,Sale,-93,27.37,0
TXN00092,2023-08-25,PRD001,WH003,,Sale,-53,27.63,0
TXN00965,2023-08-25,PRD004,WH001,,Sale,-80,137.49,0
TXN01560,2023-08-25,PRD006,WH002,,Sale,-16,157.23,0
TXN01850,2023-08-25,PRD007,WH002,,Sale,-22,81.76,0
TXN02427,2023-08-25,PRD009,WH001,,Sale,-103,19.72,0
TXN03001,2023-08-25,PRD011,WH001,,Sale,-84,56.46,0
TXN03919,2023-08-25,PRD014,WH003,,Sale,-13,104.55,0
TXN00087,2023-08-26,PRD001,WH001,,Sale,-141,26.74,0
TXN00367,2023-08-26,PRD002,WH001,,Sale,-36,48.03,0
TXN01563,2023-08-26,PRD006,WH003,,Sale,-6,151.41,0
TXN02713,2023-08-26,PRD010,WH001,,Sale,-55,23.79,0
TXN02716,2023-08-26,PRD010,WH002,,Sale,-68,25.13,0
TXN03003,2023-08-26,PRD011,WH001,,Sale,-59,58.92,0
TXN03913,2023-08-26,PRD014,WH002,,Sale,-18,96.39,0
TXN03914,2023-08-26,PRD014,WH002,,Sale,-12,101.32,0
TXN04485,2023-08-26,PRD016,WH003,,Sale,-19,187.66,0
TXN05387,2023-08-26,PRD019,WH002,,Sale,-90,78.39,0
TXN07131,2023-08-26,PRD025,WH001,,Sale,-30,135.58,0
TXN07136,2023-08-26,PRD025,WH003,,Sale,-21,132.78,0
TXN08005,2023-08-26,PRD028,WH001,,Sale,-14,260.77,0
TXN00981,2023-08-29,PRD004,WH003,SUP002,Purchase,128,92.63,0
TXN01277,2023-08-29,PRD005,WH003,,Sale,-40,71.85,0
TXN01855,2023-08-29,PRD007,WH001,SUP002,Purchase,524,54.86,0
TXN01856,2023-08-29,PRD007,WH001,,Sale,-38,87.16,0
TXN02170,2023-08-29,PRD008,WH003,,Sale,-6,95.68,0
TXN02722,2023-08-29,PRD010,WH001,,Sale,-68,25.17,0
TXN03308,2023-08-29,PRD012,WH001,SUP001,Purchase,631,91.69,0
TXN03929,2023-08-29,PRD014,WH003,,Sale,-10,99.47,0
TXN04223,2023-08-29,PRD015,WH002,,Sale,-25,50.18,0
TXN04495,2023-08-29,PRD016,WH003,SUP002,Purchase,84,123.09,0
TXN04793,2023-08-29,PRD017,WH001,SUP004,Purchase,402,130.5,0
TXN05109,2023-08-29,PRD018,WH002,,Sale,-19,246.77,0
TXN05676,2023-08-29,PRD020,WH001,SUP003,Purchase,1103,25.11,0
TXN05963,2023-08-29,PRD021,WH002,SUP004,Purchase,478,17.37,0
TXN06258,2023-08-29,PRD022,WH001,SUP010,Purchase,1323,11.93,0
TXN06546,2023-08-29,PRD023,WH001,,Sale,-63,21.72,0
TXN06549,2023-08-29,PRD023,WH002,,Sale,-127,22.67,0
TXN06841,2023-08-29,PRD024,WH002,SUP006,Purchase,123,270.94,0
TXN07138,2023-08-29,PRD025,WH001,SUP006,Purchase,249,95.47,0
TXN07143,2023-08-29,PRD025,WH002,SUP006,Purchase,214,91.79,0
TXN07148,2023-08-29,PRD025,WH003,SUP006,Purchase,109,93.37,0
TXN07438,2023-08-29,PRD026,WH003,SUP010,Purchase,180,34.88,0
TXN07733,2023-08-29,PRD027,WH001,,Sale,-35,218.23,0
TXN08020,2023-08-29,PRD028,WH003,SUP006,Purchase,81,186.61,0
TXN08303,2023-08-29,PRD029,WH002,SUP008,Purchase,317,82.13,0
TXN08591,2023-08-29,PRD030,WH003,,Sale,-24,146.44,0
TXN09210,2023-08-29,PRD035,WH003,SUP009,Purchase,8,491.67,0
TXN00381,2023-08-30,PRD002,WH002,SUP001,Purchase,397,32.29,0
TXN00385,2023-08-30,PRD002,WH002,,Sale,-39,49.75,0
TXN00681,2023-08-30,PRD003,WH001,SUP001,Purchase,427,82.5,0
TXN01864,2023-08-30,PRD007,WH003,SUP002,Purchase,220,56.87,0
TXN02158,2023-08-30,PRD008,WH001,,Sale,-28,99.15,0
TXN02161,2023-08-30,PRD008,WH002,SUP003,Purchase,171,61.78,0
TXN02444,2023-08-30,PRD009,WH003,,Sale,-72,20.5,0
TXN02734,2023-08-30,PRD010,WH003,,Sale,-22,24.3,0
TXN04799,2023-08-30,PRD017,WH002,,Sale,-35,180.23,0
TXN05108,2023-08-30,PRD018,WH002,SUP004,Purchase,0,194.57,1
TXN05680,2023-08-30,PRD020,WH002,SUP003,Purchase,882,25.11,0
TXN05960,2023-08-30,PRD021,WH001,SUP004,Purchase,520,18.27,0
TXN06838,2023-08-30,PRD024,WH001,,Sale,-15,398.67,0
TXN06840,2023-08-30,PRD024,WH001,,Sale,-25,375.15,0
TXN07735,2023-08-30,PRD027,WH002,,Sale,-8,228.69,0
TXN08013,2023-08-30,PRD028,WH001,SUP006,Purchase,213,179.16,0
TXN08307,2023-08-30,PRD029,WH003,,Sale,-17,114.97,0
TXN09123,2023-08-30,PRD034,WH002,SUP008,Purchase,9,352.8,0
TXN00096,2023-08-31,PRD001,WH002,SUP001,Purchase,640,18.61,0
TXN01264,2023-08-31,PRD005,WH001,,Sale,-48,69.18,0
TXN01269,2023-08-31,PRD005,WH002,,Sale,-61,70.38,0
TXN02439,2023-08-31,PRD009,WH002,,Sale,-107,20.55,0
TXN02442,2023-08-31,PRD009,WH003,SUP005,Purchase,485,11.71,0
TXN02721,2023-08-31,PRD010,WH001,SUP005,Purchase,679,14.44,0
TXN02732,2023-08-31,PRD010,WH003,,Sale,-25,25.05,0
TXN03013,2023-08-31,PRD011,WH001,SUP001,Purchase,779,37.9,0
TXN03019,2023-08-31,PRD011,WH002,SUP001,Purchase,594,37.33,0
TXN03317,2023-08-31,PRD012,WH003,SUP001,Purchase,182,97.19,0
TXN03625,2023-08-31,PRD013,WH003,,Sale,-24,36.63,0
TXN04225,2023-08-31,PRD015,WH003,SUP003,Purchase,248,29.82,0
TXN04226,2023-08-31,PRD015,WH003,,Sale,-21,46.38,0
TXN05113,2023-08-31,PRD018,WH002,,Sale,-21,240.82,0
TXN05115,2023-08-31,PRD018,WH003,,Sale,-19,250.0,0
TXN05117,2023-08-31,PRD018,WH003,,Sale,-24,257.1,0
TXN05966,2023-08-31,PRD021,WH002,,Sale,-67,26.68,0
TXN05967,2023-08-31,PRD021,WH003,SUP004,Purchase,320,17.57,0
TXN06265,2023-08-31,PRD022,WH003,SUP010,Purchase,403,11.8,0
TXN06835,2023-08-31,PRD024,WH001,SUP006,Purchase,217,269.23,0
TXN06844,2023-08-31,PRD024,WH003,SUP006,Purchase,73,276.95,0
TXN07436,2023-08-31,PRD026,WH002,,Sale,-52,53.66,0
TXN07740,2023-08-31,PRD027,WH003,SUP009,Purchase,72,145.82,0
TXN08305,2023-08-31,PRD029,WH002,,Sale,-59,122.43,0
TXN08583,2023-08-31,PRD030,WH001,SUP008,Purchase,325,98.19,0
TXN08586,2023-08-31,PRD030,WH002,SUP008,Purchase,358,94.65,0
TXN08589,2023-08-31,PRD030,WH003,SUP008,Purchase,218,91.67,0
TXN00100,2023-09-01,PRD001,WH003,SUP001,Purchase,453,17.66,0
TXN01268,2023-09-01,PRD005,WH002,SUP002,Purchase,685,44.23,0
TXN01274,2023-09-01,PRD005,WH003,SUP002,Purchase,296,43.93,0
TXN01574,2023-09-01,PRD006,WH003,,Sale,0,148.25,1
TXN01869,2023-09-01,PRD007,WH003,,Sale,-15,85.17,0
TXN03026,2023-09-01,PRD011,WH003,,Sale,-17,58.0,0
TXN03029,2023-09-01,PRD011,WH003,,Sale,-20,60.32,0
TXN03619,2023-09-01,PRD013,WH002,,Sale,-40,35.59,0
TXN03924,2023-09-01,PRD014,WH002,SUP002,Purchase,205,64.56,0
TXN04487,2023-09-01,PRD016,WH001,SUP002,Purchase,182,120.27,0
TXN04797,2023-09-01,PRD017,WH002,SUP004,Purchase,325,132.01,0
TXN04802,2023-09-01,PRD017,WH003,SUP004,Purchase,237,134.39,0
TXN07441,2023-09-01,PRD026,WH003,,Sale,-14,53.24,0
TXN08300,2023-09-01,PRD029,WH001,SUP008,Purchase,477,78.38,0
TXN09032,2023-09-01,PRD033,WH003,SUP009,Purchase,7,862.08,0
TXN00685,2023-09-02,PRD003,WH002,SUP001,Purchase,277,84.41,0
TXN00688,2023-09-02,PRD003,WH003,SUP001,Purchase,148,84.95,0
TXN01568,2023-09-02,PRD006,WH001,,Sale,-9,144.86,0
TXN01859,2023-09-02,PRD007,WH001,,Sale,-23,87.94,0
TXN02164,2023-09-02,PRD008,WH002,,Sale,-16,97.49,0
TXN02166,2023-09-02,PRD008,WH002,,Sale,-14,98.48,0
TXN02435,2023-09-02,PRD009,WH001,SUP005,Purchase,1220,12.22,0
TXN02438,2023-09-02,PRD009,WH002,SUP005,Purchase,1133,11.53,0
TXN02723,2023-09-02,PRD010,WH001,,Sale,-100,25.66,0
TXN02724,2023-09-02,PRD010,WH001,,Sale,-75,25.62,0
TXN02733,2023-09-02,PRD010,WH003,,Sale,-41,25.61,0
TXN03017,2023-09-02,PRD011,WH001,,Sale,-32,57.14,0
TXN03312,2023-09-02,PRD012,WH002,SUP001,Purchase,512,93.28,0
TXN03618,2023-09-02,PRD013,WH002,SUP002,Purchase,552,21.72,0
TXN03622,2023-09-02,PRD013,WH002,,Sale,-51,33.58,0
TXN03624,2023-09-02,PRD013,WH003,SUP002,Purchase,270,21.34,0
TXN03923,2023-09-02,PRD014,WH001,,Sale,-39,97.35,0
TXN04219,2023-09-02,PRD015,WH001,,Sale,-76,50.08,0
TXN04492,2023-09-02,PRD016,WH002,,Sale,-18,182.56,0
TXN05391,2023-09-02,PRD019,WH001,SUP007,Purchase,666,59.3,0
TXN05394,2023-09-02,PRD019,WH001,,Sale,-79,78.39,0
TXN05681,2023-09-02,PRD020,WH002,,Sale,-60,39.62,0
TXN05969,2023-09-02,PRD021,WH003,,Sale,-32,26.68,0
TXN06837,2023-09-02,PRD024,WH001,,Sale,-12,393.41,0
TXN07731,2023-09-02,PRD027,WH001,SUP009,Purchase,171,148.09,0
TXN07737,2023-09-02,PRD027,WH002,,Sale,-11,212.52,0
TXN07739,2023-09-02,PRD027,WH002,,Sale,-12,218.18,0
TXN08017,2023-09-02,PRD028,WH002,,Sale,-27,256.16,0
TXN08584,2023-09-02,PRD030,WH001,,Sale,-117,145.38,0
TXN00093,2023-09-03,PRD001,WH001,SUP001,Purchase,666,18.57,0
TXN00098,2023-09-03,PRD001,WH002,,Sale,-84,28.0,0
TXN00376,2023-09-03,PRD002,WH001,SUP001,Purchase,673,32.93,0
TXN00976,2023-09-03,PRD004,WH002,SUP002,Purchase,241,87.58,0
TXN00982,2023-09-03,PRD004,WH003,,Sale,-21,141.42,0
TXN01262,2023-09-03,PRD005,WH001,SUP002,Purchase,658,46.66,0
TXN01858,2023-09-03,PRD007,WH001,,Sale,-51,86.45,0
TXN01860,2023-09-03,PRD007,WH002,SUP002,Purchase,461,54.35,0
TXN01863,2023-09-03,PRD007,WH002,,Sale,-99,88.41,0
TXN02441,2023-09-03,PRD009,WH002,,Sale,-211,19.35,0
TXN03024,2023-09-03,PRD011,WH003,SUP001,Purchase,316,38.26,0
TXN03315,2023-09-03,PRD012,WH002,,Sale,-48,148.33,0
TXN03626,2023-09-03,PRD013,WH003,,Sale,-34,34.64,0
TXN04496,2023-09-03,PRD016,WH003,,Sale,-11,182.31,0
TXN04498,2023-09-03,PRD016,WH003,,Sale,-11,183.21,0
TXN05110,2023-09-03,PRD018,WH002,,Sale,-30,246.58,0
TXN05114,2023-09-03,PRD018,WH003,SUP004,Purchase,200,194.29,0
TXN05397,2023-09-03,PRD019,WH002,SUP007,Purchase,734,58.28,0
TXN05401,2023-09-03,PRD019,WH003,SUP007,Purchase,401,56.66,0
TXN05686,2023-09-03,PRD020,WH003,SUP003,Purchase,492,25.29,0
TXN06259,2023-09-03,PRD022,WH001,,Sale,-173,20.25,0
TXN06264,2023-09-03,PRD022,WH002,,Sale,-167,19.6,0
TXN06550,2023-09-03,PRD023,WH002,,Sale,-132,21.26,0
TXN08306,2023-09-03,PRD029,WH003,SUP008,Purchase,207,79.93,0
TXN08592,2023-09-03,PRD030,WH003,,Sale,-24,138.9,0
TXN00980,2023-09-04,PRD004,WH002,,Sale,-17,136.77,0
TXN01272,2023-09-04,PRD005,WH002,,Sale,-53,69.99,0
TXN01566,2023-09-04,PRD006,WH001,,Sale,-9,146.8,0
TXN01862,2023-09-04,PRD007,WH002,,Sale,-42,86.83,0
TXN01867,2023-09-04,PRD007,WH003,,Sale,-17,85.12,0
TXN02167,2023-09-04,PRD008,WH003,SUP003,Purchase,87,59.46,0
TXN02445,2023-09-04,PRD009,WH003,,Sale,-127,19.52,0
TXN02729,2023-09-04,PRD010,WH003,SUP005,Purchase,364,15.22,0
TXN03015,2023-09-04,PRD011,WH001,,Sale,-57,57.12,0
TXN03320,2023-09-04,PRD012,WH003,,Sale,-49,148.59,0
TXN03612,2023-09-04,PRD013,WH001,SUP002,Purchase,516,21.69,0
TXN03930,2023-09-04,PRD014,WH003,,Sale,-9,104.45,0
TXN04217,2023-09-04,PRD015,WH001,SUP003,Purchase,548,30.63,0
TXN04221,2023-09-04,PRD015,WH002,,Sale,-40,46.05,0
TXN04801,2023-09-04,PRD017,WH002,,Sale,-34,166.55,0
TXN05393,2023-09-04,PRD019,WH001,,Sale,-47,78.62,0
TXN05683,2023-09-04,PRD020,WH002,,Sale,-55,36.27,0
TXN06542,2023-09-04,PRD023,WH001,SUP006,Purchase,1118,14.09,0
TXN06551,2023-09-04,PRD023,WH003,SUP006,Purchase,429,13.99,0
TXN06553,2023-09-04,PRD023,WH003,,Sale,-52,22.63,0
TXN06842,2023-09-04,PRD024,WH002,,Sale,-26,370.73,0
TXN06845,2023-09-04,PRD024,WH003,,Sale,-6,367.02,0
TXN07140,2023-09-04,PRD025,WH001,,Sale,-22,130.22,0
TXN07142,2023-09-04,PRD025,WH001,,Sale,-37,133.3,0
TXN07429,2023-09-04,PRD026,WH001,SUP010,Purchase,323,35.06,0
TXN07435,2023-09-04,PRD026,WH002,SUP010,Purchase,342,34.95,0
TXN07734,2023-09-04,PRD027,WH002,SUP009,Purchase,101,155.79,0
TXN08016,2023-09-04,PRD028,WH002,SUP006,Purchase,188,182.65,0
TXN08018,2023-09-04,PRD028,WH002,,Sale,-23,259.6,0
TXN00094,2023-09-05,PRD001,WH001,,Sale,-166,28.47,0
TXN00686,2023-09-05,PRD003,WH002,,Sale,0,130.94,1
TXN00973,2023-09-05,PRD004,WH001,SUP002,Purchase,282,90.04,0
TXN01265,2023-09-05,PRD005,WH001,,Sale,-79,71.24,0
TXN01573,2023-09-05,PRD006,WH003,SUP002,Purchase,52,91.59,0
TXN02157,2023-09-05,PRD008,WH001,SUP003,Purchase,194,57.73,0
TXN02726,2023-09-05,PRD010,WH002,SUP005,Purchase,746,15.34,0
TXN03628,2023-09-05,PRD013,WH003,,Sale,-21,35.97,0
TXN03920,2023-09-05,PRD014,WH001,SUP002,Purchase,214,64.65,0
TXN04220,2023-09-05,PRD015,WH002,SUP003,Purchase,354,30.56,0
TXN04491,2023-09-05,PRD016,WH002,,Sale,-12,192.02,0
TXN04798,2023-09-05,PRD017,WH002,,Sale,-33,177.4,0
TXN06267,2023-09-05,PRD022,WH003,,Sale,-70,19.54,0
TXN06548,2023-09-05,PRD023,WH002,SUP006,Purchase,622,14.39,0
TXN06843,2023-09-05,PRD024,WH002,,Sale,-38,382.88,0
TXN07149,2023-09-05,PRD025,WH003,,Sale,-14,129.11,0
TXN07430,2023-09-05,PRD026,WH001,,Sale,-37,55.21,0
TXN08310,2023-09-05,PRD029,WH003,,Sale,-11,118.75,0
TXN00387,2023-09-06,PRD002,WH003,SUP001,Purchase,318,32.37,0
TXN00690,2023-09-06,PRD003,WH003,,Sale,-26,135.77,0
TXN00983,2023-09-06,PRD004,WH003,,Sale,-24,141.52,0
TXN01271,2023-09-06,PRD005,WH002,,Sale,-65,67.78,0
TXN01564,2023-09-06,PRD006,WH001,SUP002,Purchase,100,97.02,0
TXN01569,2023-09-06,PRD006,WH002,SUP002,Purchase,81,95.11,0
TXN01570,2023-09-06,PRD006,WH002,,Sale,-14,144.62,0
TXN03927,2023-09-06,PRD014,WH003,SUP002,Purchase,100,63.87,0
TXN04490,2023-09-06,PRD016,WH002,SUP002,Purchase,168,120.69,0
TXN05102,2023-09-06,PRD018,WH001,SUP004,Purchase,286,199.06,0
TXN05392,2023-09-06,PRD019,WH001,,Sale,-55,72.23,0
TXN06260,2023-09-06,PRD022,WH001,,Sale,-114,20.76,0
TXN06262,2023-09-06,PRD022,WH002,SUP010,Purchase,772,12.05,0
TXN06266,2023-09-06,PRD022,WH003,,Sale,-56,19.16,0
TXN06846,2023-09-06,PRD024,WH003,,Sale,-9,373.75,0
TXN00379,2023-09-07,PRD002,WH001,,Sale,-60,49.81,0
TXN00689,2023-09-07,PRD003,WH003,,Sale,-27,129.8,0
TXN00977,2023-09-07,PRD004,WH002,,Sale,-29,133.38,0
TXN01571,2023-09-07,PRD006,WH002,,Sale,-16,151.11,0
TXN01572,2023-09-07,PRD006,WH002,,Sale,-10,151.7,0
TXN02159,2023-09-07,PRD008,WH001,,Sale,-23,92.3,0
TXN02725,2023-09-07,PRD010,WH001,,Sale,-87,24.93,0
TXN06848,2023-09-07,PRD024,WH003,,Sale,-6,368.06,0
TXN08311,2023-09-07,PRD029,WH003,,Sale,-17,114.26,0
TXN08848,2023-09-07,PRD031,WH001,SUP009,Purchase,18,181.61,0
TXN01266,2023-09-08,PRD005,WH001,,Sale,-51,69.39,0
TXN01270,2023-09-08,PRD005,WH002,,Sale,-39,68.97,0
TXN03018,2023-09-08,PRD011,WH001,,Sale,-56,57.76,0
TXN03027,2023-09-08,PRD011,WH003,,Sale,-27,59.51,0
TXN03617,2023-09-08,PRD013,WH001,,Sale,-60,34.43,0
TXN03922,2023-09-08,PRD014,WH001,,Sale,-21,102.06,0
TXN03925,2023-09-08,PRD014,WH002,,Sale,-42,101.3,0
TXN05677,2023-09-08,PRD020,WH001,,Sale,-177,37.93,0
TXN05961,2023-09-08,PRD021,WH001,,Sale,-164,27.57,0
TXN06268,2023-09-08,PRD022,WH003,,Sale,-67,20.59,0
TXN08587,2023-09-08,PRD030,WH002,,Sale,-67,139.87,0
TXN08934,2023-09-08,PRD032,WH001,SUP009,Purchase,11,220.0,0
TXN00380,2023-09-09,PRD002,WH001,,Sale,-43,51.66,0
TXN00389,2023-09-09,PRD002,WH003,,Sale,-61,49.36,0
TXN00683,2023-09-09,PRD003,WH001,,Sale,-36,130.7,0
TXN03014,2023-09-09,PRD011,WH001,,Sale,-64,58.0,0
TXN03921,2023-09-09,PRD014,WH001,,Sale,-32,104.61,0
TXN03928,2023-09-09,PRD014,WH003,,Sale,0,100.65,1
TXN04804,2023-09-09,PRD017,WH003,,Sale,-33,180.87,0
TXN05682,2023-09-09,PRD020,WH002,,Sale,-72,39.58,0
TXN07144,2023-09-09,PRD025,WH002,,Sale,-13,138.88,0
TXN08015,2023-09-09,PRD028,WH001,,Sale,-38,259.43,0
TXN00687,2023-09-10,PRD003,WH002,,Sale,-51,125.7,0
TXN01575,2023-09-10,PRD006,WH003,,Sale,-8,145.18,0
TXN03016,2023-09-10,PRD011,WH001,,Sale,-49,58.08,0
TXN03614,2023-09-10,PRD013,WH001,,Sale,-64,34.83,0
TXN04222,2023-09-10,PRD015,WH002,,Sale,-31,46.66,0
TXN05105,2023-09-10,PRD018,WH001,,Sale,-30,252.67,0
TXN05400,2023-09-10,PRD019,WH002,,Sale,-93,72.62,0
TXN05684,2023-09-10,PRD020,WH002,,Sale,-78,38.99,0
TXN05687,2023-09-10,PRD020,WH003,,Sale,-128,37.21,0
TXN07742,2023-09-10,PRD027,WH003,,Sale,-17,227.38,0
TXN00099,2023-09-11,PRD001,WH002,,Sale,-84,28.85,0
TXN02440,2023-09-11,PRD009,WH002,,Sale,-167,20.31,0
TXN02731,2023-09-11,PRD010,WH003,,Sale,-35,26.08,0
TXN03621,2023-09-11,PRD013,WH002,,Sale,-50,35.5,0
TXN03926,2023-09-11,PRD014,WH002,,Sale,-41,101.12,0
TXN05964,2023-09-11,PRD021,WH002,,Sale,-55,26.67,0
TXN08309,2023-09-11,PRD029,WH003,,Sale,-12,123.44,0
TXN00102,2023-09-12,PRD001,WH003,,Sale,-118,27.58,0
TXN00377,2023-09-12,PRD002,WH001,,Sale,-44,50.66,0
TXN00388,2023-09-12,PRD002,WH003,,Sale,-53,50.12,0
TXN01865,2023-09-12,PRD007,WH003,,Sale,-18,86.47,0
TXN02162,2023-09-12,PRD008,WH002,,Sale,-12,98.8,0
TXN02165,2023-09-12,PRD008,WH002,,Sale,-12,97.49,0
TXN03309,2023-09-12,PRD012,WH001,,Sale,-60,138.4,0
TXN03314,2023-09-12,PRD012,WH002,,Sale,-40,139.03,0
TXN04228,2023-09-12,PRD015,WH003,,Sale,-23,49.99,0
TXN08588,2023-09-12,PRD030,WH002,,Sale,-60,144.05,0
TXN00101,2023-09-13,PRD001,WH003,,Sale,-55,27.22,0
TXN00974,2023-09-13,PRD004,WH001,,Sale,-56,141.32,0
TXN02160,2023-09-13,PRD008,WH001,,Sale,-34,90.27,0
TXN02163,2023-09-13,PRD008,WH002,,Sale,-16,98.18,0
TXN03021,2023-09-13,PRD011,WH002,,Sale,-59,58.61,0
TXN06261,2023-09-13,PRD022,WH001,,Sale,-239,19.66,0
TXN06263,2023-09-13,PRD022,WH002,,Sale,-241,20.24,0
TXN07432,2023-09-13,PRD026,WH001,,Sale,-36,57.7,0
TXN08014,2023-09-13,PRD028,WH001,,Sale,-58,262.14,0
TXN00682,2023-09-14,PRD003,WH001,,Sale,-53,128.8,0
TXN02728,2023-09-14,PRD010,WH002,,Sale,-183,24.15,0
TXN03023,2023-09-14,PRD011,WH002,,Sale,-94,56.6,0
TXN03620,2023-09-14,PRD013,WH002,,Sale,-38,34.17,0
TXN03627,2023-09-14,PRD013,WH003,,Sale,-28,33.93,0
TXN04493,2023-09-14,PRD016,WH002,,Sale,-17,183.72,0
TXN04796,2023-09-14,PRD017,WH001,,Sale,-56,181.36,0
TXN05106,2023-09-14,PRD018,WH001,,Sale,-39,243.35,0
TXN05395,2023-09-14,PRD019,WH001,,Sale,-66,71.38,0
TXN07147,2023-09-14,PRD025,WH002,,Sale,-15,138.16,0
TXN07150,2023-09-14,PRD025,WH003,,Sale,-22,132.84,0
TXN07442,2023-09-14,PRD026,WH003,,Sale,-12,55.0,0
TXN08590,2023-09-14,PRD030,WH003,,Sale,-25,144.63,0
TXN00095,2023-09-15,PRD001,WH001,,Sale,-216,29.08,0
TXN01267,2023-09-15,PRD005,WH001,,Sale,-65,70.0,0
TXN05103,2023-09-15,PRD018,WH001,,Sale,-25,241.02,0
TXN05107,2023-09-15,PRD018,WH001,,Sale,-26,250.5,0
TXN05678,2023-09-15,PRD020,WH001,,Sale,-150,38.19,0
TXN05965,2023-09-15,PRD021,WH002,,Sale,-51,27.28,0
TXN05970,2023-09-15,PRD021,WH003,,Sale,-47,28.6,0
TXN06543,2023-09-15,PRD023,WH001,,Sale,-89,21.42,0
TXN07146,2023-09-15,PRD025,WH002,,Sale,-21,140.1,0
TXN00378,2023-09-16,PRD002,WH001,,Sale,-77,47.78,0
TXN02443,2023-09-16,PRD009,WH003,,Sale,-61,20.63,0
TXN02730,2023-09-16,PRD010,WH003,,Sale,-38,25.0,0
TXN03316,2023-09-16,PRD012,WH002,,Sale,-24,146.84,0
TXN04224,2023-09-16,PRD015,WH002,,Sale,-36,46.53,0
TXN04803,2023-09-16,PRD017,WH003,,Sale,-53,171.86,0
TXN05104,2023-09-16,PRD018,WH001,,Sale,-32,251.62,0
TXN05111,2023-09-16,PRD018,WH002,,Sale,-33,248.86,0
TXN05116,2023-09-16,PRD018,WH003,,Sale,-17,246.71,0
TXN05685,2023-09-16,PRD020,WH002,,Sale,-90,39.48,0
TXN05971,2023-09-16,PRD021,WH003,SUP004,Return,18,14.4,0
TXN06554,2023-09-16,PRD023,WH003,,Sale,-32,23.1,0
TXN06839,2023-09-16,PRD024,WH001,,Sale,-16,365.96,0
TXN07434,2023-09-16,PRD026,WH001,,Sale,-25,56.14,0
TXN00384,2023-09-17,PRD002,WH002,,Sale,-36,49.88,0
TXN01857,2023-09-17,PRD007,WH001,,Sale,-53,82.5,0
TXN03615,2023-09-17,PRD013,WH001,,Sale,-38,34.17,0
TXN04489,2023-09-17,PRD016,WH001,,Sale,-50,188.29,0
TXN05396,2023-09-17,PRD019,WH001,,Sale,-30,73.44,0
TXN07433,2023-09-17,PRD026,WH001,,Sale,-29,52.32,0
TXN07732,2023-09-17,PRD027,WH001,,Sale,-36,229.18,0
TXN08301,2023-09-17,PRD029,WH001,,Sale,-93,117.47,0
TXN08308,2023-09-17,PRD029,WH003,,Sale,-19,118.87,0
TXN01565,2023-09-18,PRD006,WH001,,Sale,-13,155.88,0
TXN02169,2023-09-18,PRD008,WH003,,Sale,-9,91.09,0
TXN02172,2023-09-18,PRD008,WH003,,Sale,-8,95.56,0
TXN02727,2023-09-18,PRD010,WH002,,Sale,-103,23.83,0
TXN03613,2023-09-18,PRD013,WH001,,Sale,-44,36.29,0
TXN05402,2023-09-18,PRD019,WH003,,Sale,-66,77.18,0
TXN05968,2023-09-18,PRD021,WH003,,Sale,-52,27.8,0
TXN07741,2023-09-18,PRD027,WH003,,Sale,-15,217.85,0
TXN08024,2023-09-18,PRD028,WH003,,Sale,-14,270.77,0
TXN08302,2023-09-18,PRD029,WH001,,Sale,-87,118.85,0
TXN08585,2023-09-18,PRD030,WH001,,Sale,-73,139.49,0
TXN01276,2023-09-19,PRD005,WH003,,Sale,-67,73.19,0
TXN02168,2023-09-19,PRD008,WH003,,Sale,-5,98.71,0
TXN03319,2023-09-19,PRD012,WH003,,Sale,-31,147.06,0
TXN04229,2023-09-19,PRD015,WH003,,Sale,-32,47.97,0
TXN04488,2023-09-19,PRD016,WH001,,Sale,-33,176.96,0
TXN04499,2023-09-19,PRD016,WH003,,Sale,-6,182.58,0
TXN04795,2023-09-19,PRD017,WH001,,Sale,-62,181.73,0
TXN05398,2023-09-19,PRD019,WH002,,Sale,-95,75.99,0
TXN05962,2023-09-19,PRD021,WH001,,Sale,-82,29.03,0
TXN06545,2023-09-19,PRD023,WH001,,Sale,-54,22.13,0
TXN06847,2023-09-19,PRD024,WH003,,Sale,-10,371.77,0
TXN07431,2023-09-19,PRD026,WH001,,Sale,-33,52.72,0
TXN07440,2023-09-19,PRD026,WH003,,Sale,-16,55.18,0
TXN08019,2023-09-19,PRD028,WH002,,Sale,-18,252.41,0
TXN02171,2023-09-20,PRD008,WH003,,Sale,-10,93.18,0
TXN03022,2023-09-20,PRD011,WH002,,Sale,-54,60.48,0
TXN03310,2023-09-20,PRD012,WH001,,Sale,-96,145.08,0
TXN05112,2023-09-20,PRD018,WH002,,Sale,-23,252.37,0
TXN06544,2023-09-20,PRD023,WH001,,Sale,-84,22.24,0
TXN06552,2023-09-20,PRD023,WH003,,Sale,-61,22.45,0
TXN07139,2023-09-20,PRD025,WH001,,Sale,-24,139.51,0
TXN07145,2023-09-20,PRD025,WH002,,Sale,-20,140.33,0
TXN01273,2023-09-21,PRD005,WH002,,Sale,-32,68.19,0
TXN02437,2023-09-21,PRD009,WH001,,Sale,-179,19.42,0
TXN03025,2023-09-21,PRD011,WH003,,Sale,-14,56.02,0
TXN03311,2023-09-21,PRD012,WH001,,Sale,-67,149.96,0
TXN03318,2023-09-21,PRD012,WH003,,Sale,-33,151.43,0
TXN03616,2023-09-21,PRD013,WH001,,Sale,-48,34.23,0
TXN04218,2023-09-21,PRD015,WH001,,Sale,-109,48.32,0
TXN04227,2023-09-21,PRD015,WH003,,Sale,-19,47.92,0
TXN05399,2023-09-21,PRD019,WH002,,Sale,-67,78.44,0
TXN05679,2023-09-21,PRD020,WH001,,Sale,-132,37.9,0
TXN08023,2023-09-21,PRD028,WH003,,Sale,-13,267.58,0
TXN01275,2023-09-22,PRD005,WH003,,Sale,-46,67.25,0
TXN01567,2023-09-22,PRD006,WH001,,Sale,-12,149.12,0
TXN01868,2023-09-22,PRD007,WH003,,Sale,-18,89.12,0
TXN04494,2023-09-22,PRD016,WH002,,Sale,-10,180.41,0
TXN04497,2023-09-22,PRD016,WH003,,Sale,-11,181.13,0
TXN04794,2023-09-22,PRD017,WH001,,Sale,-37,175.95,0
TXN05688,2023-09-22,PRD020,WH003,,Sale,-76,38.25,0
TXN06547,2023-09-22,PRD023,WH001,,Sale,-71,21.31,0
TXN06849,2023-09-22,PRD024,WH003,,Sale,-9,391.56,0
TXN07141,2023-09-22,PRD025,WH001,,Sale,-35,139.96,0
TXN07437,2023-09-22,PRD026,WH002,,Sale,-70,52.53,0
TXN07443,2023-09-22,PRD026,WH003,,Sale,-16,55.46,0
TXN00097,2023-09-23,PRD001,WH002,,Sale,-133,27.1,0
TXN00382,2023-09-23,PRD002,WH002,,Sale,-42,51.19,0
TXN00383,2023-09-23,PRD002,WH002,,Sale,-30,50.36,0
TXN00684,2023-09-23,PRD003,WH001,,Sale,-69,127.72,0
TXN02436,2023-09-23,PRD009,WH001,,Sale,-248,19.69,0
TXN03028,2023-09-23,PRD011,WH003,,Sale,-29,60.42,0
TXN04800,2023-09-23,PRD017,WH002,,Sale,-49,183.71,0
TXN05403,2023-09-23,PRD019,WH003,,Sale,-89,73.08,0
TXN07738,2023-09-23,PRD027,WH002,,Sale,-9,225.28,0
TXN08304,2023-09-23,PRD029,WH002,,Sale,-64,119.41,0
TXN00386,2023-09-24,PRD002,WH002,,Sale,-71,49.22,0
TXN01861,2023-09-24,PRD007,WH002,,Sale,-38,85.66,0
TXN01866,2023-09-24,PRD007,WH003,,Sale,-13,83.77,0
TXN03020,2023-09-24,PRD011,WH002,,Sale,-43,58.0,0
TXN03313,2023-09-24,PRD012,WH002,,Sale,-37,147.85,0
TXN03623,2023-09-24,PRD013,WH002,,Sale,-37,33.64,0
TXN08022,2023-09-24,PRD028,WH003,,Sale,-11,263.25,0
TXN00975,2023-09-25,PRD004,WH001,,Sale,-61,139.64,0
TXN00978,2023-09-25,PRD004,WH002,,Sale,-18,141.01,0
TXN00979,2023-09-25,PRD004,WH002,,Sale,-37,136.1,0
TXN01263,2023-09-25,PRD005,WH001,,Sale,-82,66.69,0
TXN03931,2023-09-25,PRD014,WH003,,Sale,-13,104.03,0
TXN06836,2023-09-25,PRD024,WH001,,Sale,-13,389.13,0
TXN07439,2023-09-25,PRD026,WH003,,Sale,-14,56.62,0
TXN07736,2023-09-25,PRD027,WH002,,Sale,-14,224.45,0
TXN08021,2023-09-25,PRD028,WH003,,Sale,-10,261.0,0
TXN00691,2023-09-28,PRD003,WH001,,Sale,-40,135.83,0
TXN01285,2023-09-28,PRD005,WH002,,Sale,-71,71.22,0
TXN02449,2023-09-28,PRD009,WH002,,Sale,-113,20.33,0
TXN03039,2023-09-28,PRD011,WH003,,Sale,-44,57.19,0
TXN04500,2023-09-28,PRD016,WH001,,Sale,-38,188.12,0
TXN05405,2023-09-28,PRD019,WH001,,Sale,-157,74.89,0
TXN05690,2023-09-28,PRD020,WH001,,Sale,-122,38.58,0
TXN06269,2023-09-28,PRD022,WH001,,Sale,-128,20.0,0
TXN06275,2023-09-28,PRD022,WH002,,Sale,-119,20.19,0
TXN06279,2023-09-28,PRD022,WH003,,Sale,-45,20.67,0
TXN06562,2023-09-28,PRD023,WH003,,Sale,-63,21.04,0
TXN08315,2023-09-28,PRD029,WH001,,Sale,-27,124.78,0
TXN08595,2023-09-28,PRD030,WH001,,Sale,-40,144.82,0
TXN02450,2023-09-29,PRD009,WH002,,Sale,-177,19.19,0
TXN02741,2023-09-29,PRD010,WH003,,Sale,-29,24.35,0
TXN03629,2023-09-29,PRD013,WH001,,Sale,-85,36.05,0
TXN05692,2023-09-29,PRD020,WH001,,Sale,-91,36.22,0
TXN07153,2023-09-29,PRD025,WH001,,Sale,-34,130.91,0
TXN07456,2023-09-29,PRD026,WH003,,Sale,-12,53.16,0
TXN00396,2023-09-30,PRD002,WH002,,Sale,-45,49.05,0
TXN00399,2023-09-30,PRD002,WH003,,Sale,-47,50.73,0
TXN00989,2023-09-30,PRD004,WH002,,Sale,-18,137.71,0
TXN01579,2023-09-30,PRD006,WH001,,Sale,-10,154.69,0
TXN02447,2023-09-30,PRD009,WH001,,Sale,-279,19.68,0
TXN02744,2023-09-30,PRD010,WH003,,Sale,-30,26.11,0
TXN03031,2023-09-30,PRD011,WH001,,Sale,-78,57.66,0
TXN03637,2023-09-30,PRD013,WH003,,Sale,-21,34.13,0
TXN05408,2023-09-30,PRD019,WH002,,Sale,-66,72.9,0
TXN05977,2023-09-30,PRD021,WH002,,Sale,-70,27.53,0
TXN06274,2023-09-30,PRD022,WH002,,Sale,-110,20.31,0
TXN06856,2023-09-30,PRD024,WH003,,Sale,-13,373.72,0
TXN00391,2023-10-01,PRD002,WH001,,Sale,-57,50.29,0
TXN01286,2023-10-01,PRD005,WH002,,Sale,-53,68.78,0
TXN02174,2023-10-01,PRD008,WH001,,Sale,-63,96.5,0
TXN02448,2023-10-01,PRD009,WH002,,Sale,-153,19.02,0
TXN02737,2023-10-01,PRD010,WH002,,Sale,-59,24.01,0
TXN03332,2023-10-01,PRD012,WH003,,Sale,-17,145.25,0
TXN03937,2023-10-01,PRD014,WH002,,Sale,-13,98.84,0
TXN05693,2023-10-01,PRD020,WH002,,Sale,-126,36.28,0
TXN07446,2023-10-01,PRD026,WH001,,Sale,-39,55.55,0
TXN07448,2023-10-01,PRD026,WH002,,Sale,-29,56.03,0
TXN07451,2023-10-01,PRD026,WH002,,Sale,-25,52.99,0
TXN07454,2023-10-01,PRD026,WH003,,Sale,-11,53.33,0
TXN08033,2023-10-01,PRD028,WH003,,Sale,-11,255.2,0
TXN01582,2023-10-02,PRD006,WH002,,Sale,-13,155.42,0
TXN01878,2023-10-02,PRD007,WH002,,Sale,-19,84.11,0
TXN03034,2023-10-02,PRD011,WH001,,Sale,-45,60.84,0
TXN03321,2023-10-02,PRD012,WH001,,Sale,-38,145.94,0
TXN03636,2023-10-02,PRD013,WH003,,Sale,-22,35.78,0
TXN03933,2023-10-02,PRD014,WH001,,Sale,-21,104.65,0
TXN04811,2023-10-02,PRD017,WH003,,Sale,-34,173.21,0
TXN05121,2023-10-02,PRD018,WH002,,Sale,-54,244.51,0
TXN05123,2023-10-02,PRD018,WH003,,Sale,-18,252.58,0
TXN05695,2023-10-02,PRD020,WH002,,Sale,-133,38.39,0
TXN07747,2023-10-02,PRD027,WH002,,Sale,-14,221.13,0
TXN07751,2023-10-02,PRD027,WH003,,Sale,-6,214.59,0
TXN08029,2023-10-02,PRD028,WH002,,Sale,-14,261.72,0
TXN08606,2023-10-02,PRD030,WH003,,Sale,-9,140.64,0
TXN00699,2023-10-03,PRD003,WH003,,Sale,-38,132.36,0
TXN01283,2023-10-03,PRD005,WH002,,Sale,-65,69.7,0
TXN01879,2023-10-03,PRD007,WH003,,Sale,-59,81.3,0
TXN03036,2023-10-03,PRD011,WH002,,Sale,-52,57.62,0
TXN03323,2023-10-03,PRD012,WH001,,Sale,-63,151.95,0
TXN03326,2023-10-03,PRD012,WH002,,Sale,-42,138.28,0
TXN03631,2023-10-03,PRD013,WH001,,Sale,-118,34.56,0
TXN05691,2023-10-03,PRD020,WH001,,Sale,-87,37.67,0
TXN06277,2023-10-03,PRD022,WH003,,Sale,-62,19.18,0
TXN06855,2023-10-03,PRD024,WH002,,Sale,-17,384.63,0
TXN08034,2023-10-03,PRD028,WH003,,Sale,-8,256.72,0
TXN08036,2023-10-03,PRD028,WH003,,Sale,-9,259.37,0
TXN02175,2023-10-04,PRD008,WH002,,Sale,-22,92.58,0
TXN02740,2023-10-04,PRD010,WH002,,Sale,-79,25.24,0
TXN03038,2023-10-04,PRD011,WH003,,Sale,-68,55.29,0
TXN04808,2023-10-04,PRD017,WH002,,Sale,-83,167.24,0
TXN08037,2023-10-04,PRD028,WH003,,Sale,-4,269.89,0
TXN00992,2023-10-05,PRD004,WH003,,Sale,-12,145.6,0
TXN01280,2023-10-05,PRD005,WH001,,Sale,-54,71.75,0
TXN03630,2023-10-05,PRD013,WH001,,Sale,-76,35.68,0
TXN03936,2023-10-05,PRD014,WH001,,Sale,-24,99.89,0
TXN04234,2023-10-05,PRD015,WH002,,Sale,-50,46.69,0
TXN05975,2023-10-05,PRD021,WH002,,Sale,-76,28.99,0
TXN06278,2023-10-05,PRD022,WH003,,Sale,-51,19.64,0
TXN06558,2023-10-05,PRD023,WH002,,Sale,-88,22.27,0
TXN06559,2023-10-05,PRD023,WH002,,Sale,-105,22.49,0
TXN06563,2023-10-05,PRD023,WH003,,Sale,-55,22.57,0
TXN00106,2023-10-06,PRD001,WH002,,Sale,-60,27.1,0
TXN00107,2023-10-06,PRD001,WH002,,Sale,-109,26.71,0
TXN00110,2023-10-06,PRD001,WH003,,Sale,-80,26.72,0
TXN00392,2023-10-06,PRD002,WH001,,Sale,-81,51.12,0
TXN01287,2023-10-06,PRD005,WH003,,Sale,-27,69.8,0
TXN03030,2023-10-06,PRD011,WH001,,Sale,-44,55.76,0
TXN03331,2023-10-06,PRD012,WH003,,Sale,-25,140.91,0
TXN03945,2023-10-06,PRD014,WH003,,Sale,-10,104.57,0
TXN04807,2023-10-06,PRD017,WH002,,Sale,-50,177.69,0
TXN05413,2023-10-06,PRD019,WH003,,Sale,-30,75.52,0
TXN07151,2023-10-06,PRD025,WH001,,Sale,-36,135.2,0
TXN07743,2023-10-06,PRD027,WH001,,Sale,-15,219.92,0
TXN00985,2023-10-07,PRD004,WH001,,Sale,-26,142.48,0
TXN00988,2023-10-07,PRD004,WH002,,Sale,-26,137.18,0
TXN01873,2023-10-07,PRD007,WH001,,Sale,-68,89.12,0
TXN02446,2023-10-07,PRD009,WH001,,Sale,-239,19.17,0
TXN02739,2023-10-07,PRD010,WH002,,Sale,-58,24.16,0
TXN03638,2023-10-07,PRD013,WH003,,Sale,-27,33.98,0
TXN04236,2023-10-07,PRD015,WH002,,Sale,-58,47.99,0
TXN04501,2023-10-07,PRD016,WH001,,Sale,-26,183.36,0
TXN04502,2023-10-07,PRD016,WH001,,Sale,-24,185.24,0
TXN04508,2023-10-07,PRD016,WH003,,Sale,-13,180.17,0
TXN05406,2023-10-07,PRD019,WH002,,Sale,-58,77.04,0
TXN05694,2023-10-07,PRD020,WH002,,Sale,-78,37.25,0
TXN05973,2023-10-07,PRD021,WH001,,Sale,-108,28.0,0
TXN05974,2023-10-07,PRD021,WH001,,Sale,-58,28.43,0
TXN07152,2023-10-07,PRD025,WH001,,Sale,0,134.43,1
TXN08319,2023-10-07,PRD029,WH003,,Sale,-26,121.15,0
TXN00103,2023-10-08,PRD001,WH001,,Sale,-83,27.38,0
TXN00990,2023-10-08,PRD004,WH002,,Sale,-24,140.0,0
TXN00994,2023-10-08,PRD004,WH003,,Sale,-11,142.53,0
TXN01870,2023-10-08,PRD007,WH001,,Sale,-37,84.95,0
TXN01880,2023-10-08,PRD007,WH003,,Sale,-48,82.45,0
TXN02178,2023-10-08,PRD008,WH003,,Sale,-25,94.4,0
TXN02735,2023-10-08,PRD010,WH001,,Sale,-193,25.38,0
TXN03033,2023-10-08,PRD011,WH001,,Sale,-79,55.72,0
TXN03938,2023-10-08,PRD014,WH002,,Sale,-12,95.81,0
TXN04233,2023-10-08,PRD015,WH001,,Sale,-35,48.13,0
TXN05407,2023-10-08,PRD019,WH002,,Sale,-60,72.36,0
TXN05696,2023-10-08,PRD020,WH003,,Sale,-75,39.73,0
TXN06555,2023-10-08,PRD023,WH001,,Sale,-177,21.43,0
TXN07154,2023-10-08,PRD025,WH002,,Sale,-31,133.4,0
TXN00108,2023-10-09,PRD001,WH002,,Sale,-78,28.64,0
TXN00394,2023-10-09,PRD002,WH002,,Sale,-50,49.05,0
TXN00400,2023-10-09,PRD002,WH003,,Sale,-27,47.59,0
TXN00984,2023-10-09,PRD004,WH001,,Sale,-28,139.43,0
TXN01288,2023-10-09,PRD005,WH003,,Sale,-35,67.79,0
TXN01583,2023-10-09,PRD006,WH002,,Sale,-10,148.38,0
TXN01875,2023-10-09,PRD007,WH002,,Sale,-38,82.27,0
TXN03334,2023-10-09,PRD012,WH003,,Sale,-22,145.92,0
TXN04503,2023-10-09,PRD016,WH002,,Sale,-38,180.22,0
TXN07453,2023-10-09,PRD026,WH003,,Sale,-19,54.25,0
TXN07745,2023-10-09,PRD027,WH001,,Sale,-12,221.51,0
TXN08593,2023-10-09,PRD030,WH001,,Sale,-44,140.05,0
TXN00105,2023-10-10,PRD001,WH001,,Sale,-154,28.5,0
TXN00695,2023-10-10,PRD003,WH002,,Sale,-33,136.09,0
TXN00986,2023-10-10,PRD004,WH001,,Sale,-41,141.18,0
TXN01588,2023-10-10,PRD006,WH003,,Sale,-6,154.76,0
TXN02736,2023-10-10,PRD010,WH001,,Sale,-189,24.16,0
TXN03327,2023-10-10,PRD012,WH002,,Sale,-45,140.01,0
TXN03634,2023-10-10,PRD013,WH003,,Sale,-21,34.29,0
TXN04237,2023-10-10,PRD015,WH002,,Sale,-39,45.85,0
TXN05409,2023-10-10,PRD019,WH002,,Sale,0,76.21,1
TXN05411,2023-10-10,PRD019,WH003,,Sale,-42,71.72,0
TXN05697,2023-10-10,PRD020,WH003,,Sale,-102,39.21,0
TXN06271,2023-10-10,PRD022,WH001,,Sale,-107,20.68,0
TXN06556,2023-10-10,PRD023,WH001,,Sale,-98,22.96,0
TXN06857,2023-10-10,PRD024,WH003,,Sale,-8,398.31,0
TXN07445,2023-10-10,PRD026,WH001,,Sale,-29,54.14,0
TXN01289,2023-10-11,PRD005,WH003,,Sale,-30,71.4,0
TXN03635,2023-10-11,PRD013,WH003,,Sale,-31,36.38,0
TXN06850,2023-10-11,PRD024,WH001,,Sale,-38,377.32,0
TXN07160,2023-10-11,PRD025,WH003,,Sale,-11,129.51,0
TXN07444,2023-10-11,PRD026,WH001,,Sale,-51,55.58,0
TXN07450,2023-10-11,PRD026,WH002,,Sale,-19,53.57,0
TXN08035,2023-10-11,PRD028,WH003,,Sale,-9,266.05,0
TXN08604,2023-10-11,PRD030,WH003,,Sale,-16,134.21,0
TXN00693,2023-10-12,PRD003,WH001,,Sale,-78,127.85,0
TXN01580,2023-10-12,PRD006,WH001,,Sale,-12,143.96,0
TXN01581,2023-10-12,PRD006,WH002,,Sale,-12,149.56,0
TXN01871,2023-10-12,PRD007,WH001,,Sale,-52,85.85,0
TXN02745,2023-10-12,PRD010,WH002,SUP005,Return,17,12.0,0
TXN03324,2023-10-12,PRD012,WH001,,Sale,-38,141.59,0
TXN04240,2023-10-12,PRD015,WH003,,Sale,-36,49.94,0
TXN04505,2023-10-12,PRD016,WH003,,Sale,-10,187.04,0
TXN06557,2023-10-12,PRD023,WH001,,Sale,-185,21.73,0
TXN08026,2023-10-12,PRD028,WH001,,Sale,-36,275.15,0
TXN08027,2023-10-12,PRD028,WH001,,Sale,-32,267.55,0
TXN08317,2023-10-12,PRD029,WH002,,Sale,-80,114.05,0
TXN08597,2023-10-12,PRD030,WH002,,Sale,-37,135.18,0
TXN08599,2023-10-12,PRD030,WH002,,Sale,-22,136.05,0
TXN08603,2023-10-12,PRD030,WH003,,Sale,-11,139.41,0
TXN01585,2023-10-13,PRD006,WH003,,Sale,-4,144.19,0
TXN01876,2023-10-13,PRD007,WH002,,Sale,-36,86.46,0
TXN03333,2023-10-13,PRD012,WH003,,Sale,-24,139.78,0
TXN04235,2023-10-13,PRD015,WH002,,Sale,-29,46.91,0
TXN04809,2023-10-13,PRD017,WH003,,Sale,-31,167.7,0
TXN04810,2023-10-13,PRD017,WH003,,Sale,-32,167.88,0
TXN05119,2023-10-13,PRD018,WH001,,Sale,-92,244.92,0
TXN05404,2023-10-13,PRD019,WH001,,Sale,-162,73.32,0
TXN07155,2023-10-13,PRD025,WH002,,Sale,-35,139.6,0
TXN07447,2023-10-13,PRD026,WH001,,Sale,-43,52.68,0
TXN08025,2023-10-13,PRD028,WH001,,Sale,-39,252.64,0
TXN08318,2023-10-13,PRD029,WH002,,Sale,-63,125.4,0
TXN00111,2023-10-14,PRD001,WH003,,Sale,-71,29.19,0
TXN01281,2023-10-14,PRD005,WH001,,Sale,-51,72.09,0
TXN01284,2023-10-14,PRD005,WH002,,Sale,-44,69.72,0
TXN01877,2023-10-14,PRD007,WH002,,Sale,-22,86.35,0
TXN04504,2023-10-14,PRD016,WH002,,Sale,-33,179.05,0
TXN05124,2023-10-14,PRD018,WH003,,Sale,-24,252.19,0
TXN05689,2023-10-14,PRD020,WH001,,Sale,-103,38.99,0
TXN06273,2023-10-14,PRD022,WH002,,Sale,-74,19.87,0
TXN07449,2023-10-14,PRD026,WH002,,Sale,-28,54.53,0
TXN07455,2023-10-14,PRD026,WH003,,Sale,-18,54.88,0
TXN08314,2023-10-14,PRD029,WH001,,Sale,-40,117.03,0
TXN08321,2023-10-14,PRD029,WH003,,Sale,-18,115.24,0
TXN08605,2023-10-14,PRD030,WH003,,Sale,-14,140.0,0
TXN01282,2023-10-15,PRD005,WH001,,Sale,-81,66.73,0
TXN06272,2023-10-15,PRD022,WH001,,Sale,-62,20.14,0
TXN07750,2023-10-15,PRD027,WH003,,Sale,-9,216.47,0
TXN08312,2023-10-15,PRD029,WH001,,Sale,-32,118.54,0
TXN08601,2023-10-15,PRD030,WH002,,Sale,-29,136.65,0
TXN00698,2023-10-16,PRD003,WH003,,Sale,-18,126.1,0
TXN01278,2023-10-16,PRD005,WH001,,Sale,-53,72.58,0
TXN02176,2023-10-16,PRD008,WH002,,Sale,-32,94.47,0
TXN02742,2023-10-16,PRD010,WH003,,Sale,-29,25.16,0
TXN03325,2023-10-16,PRD012,WH001,,Sale,-52,145.0,0
TXN03932,2023-10-16,PRD014,WH001,,Sale,-20,102.94,0
TXN03934,2023-10-16,PRD014,WH001,,Sale,-22,104.71,0
TXN03935,2023-10-16,PRD014,WH001,,Sale,-14,101.09,0
TXN04231,2023-10-16,PRD015,WH001,,Sale,-60,48.28,0
TXN04805,2023-10-16,PRD017,WH001,,Sale,-60,169.18,0
TXN04806,2023-10-16,PRD017,WH001,,Sale,-118,179.36,0
TXN05122,2023-10-16,PRD018,WH002,,Sale,-48,247.57,0
TXN06561,2023-10-16,PRD023,WH003,,Sale,-42,21.11,0
TXN06854,2023-10-16,PRD024,WH002,,Sale,-11,381.91,0
TXN08028,2023-10-16,PRD028,WH002,,Sale,-13,266.72,0
TXN08030,2023-10-16,PRD028,WH002,,Sale,-11,256.62,0
TXN08313,2023-10-16,PRD029,WH001,,Sale,-41,123.8,0
TXN00109,2023-10-17,PRD001,WH002,,Sale,-62,29.36,0
TXN00393,2023-10-17,PRD002,WH001,,Sale,-103,51.87,0
TXN00692,2023-10-17,PRD003,WH001,,Sale,-51,128.44,0
TXN01587,2023-10-17,PRD006,WH003,,Sale,-7,151.12,0
TXN02177,2023-10-17,PRD008,WH002,,Sale,-30,93.29,0
TXN03939,2023-10-17,PRD014,WH002,,Sale,-17,104.0,0
TXN03944,2023-10-17,PRD014,WH003,,Sale,-11,99.83,0
TXN07156,2023-10-17,PRD025,WH003,,Sale,-6,128.75,0
TXN07158,2023-10-17,PRD025,WH003,,Sale,-7,135.37,0
TXN08602,2023-10-17,PRD030,WH003,,Sale,-14,136.82,0
TXN00390,2023-10-18,PRD002,WH001,,Sale,-52,50.74,0
TXN00995,2023-10-18,PRD004,WH003,,Sale,-14,139.96,0
TXN03032,2023-10-18,PRD011,WH001,,Sale,-56,59.98,0
TXN03943,2023-10-18,PRD014,WH003,,Sale,-9,95.03,0
TXN06560,2023-10-18,PRD023,WH002,,Sale,-101,21.21,0
TXN06852,2023-10-18,PRD024,WH002,,Sale,-16,386.46,0
TXN07746,2023-10-18,PRD027,WH002,,Sale,-19,216.74,0
TXN00395,2023-10-19,PRD002,WH002,,Sale,-48,49.46,0
TXN00987,2023-10-19,PRD004,WH001,,Sale,-19,146.53,0
TXN01584,2023-10-19,PRD006,WH002,,Sale,-10,147.45,0
TXN03035,2023-10-19,PRD011,WH002,,Sale,-63,56.76,0
TXN03329,2023-10-19,PRD012,WH002,,Sale,-37,149.3,0
TXN04506,2023-10-19,PRD016,WH003,,Sale,-9,188.48,0
TXN04507,2023-10-19,PRD016,WH003,,Sale,-5,187.57,0
TXN05120,2023-10-19,PRD018,WH002,,Sale,-33,257.43,0
TXN07457,2023-10-19,PRD026,WH003,,Sale,-13,55.85,0
TXN07749,2023-10-19,PRD027,WH003,,Sale,-10,219.19,0
TXN00694,2023-10-20,PRD003,WH002,,Sale,-40,126.11,0
TXN00696,2023-10-20,PRD003,WH002,,Sale,-36,131.73,0
TXN00991,2023-10-20,PRD004,WH002,,Sale,-27,146.33,0
TXN03328,2023-10-20,PRD012,WH002,,Sale,-36,144.04,0
TXN03330,2023-10-20,PRD012,WH002,,Sale,-26,151.79,0
TXN04241,2023-10-20,PRD015,WH003,,Sale,-26,48.2,0
TXN05118,2023-10-20,PRD018,WH001,,Sale,-75,239.76,0
TXN07159,2023-10-20,PRD025,WH003,,Sale,-10,131.01,0
TXN07744,2023-10-20,PRD027,WH001,,Sale,-25,210.9,0
TXN07748,2023-10-20,PRD027,WH002,,Sale,-21,213.43,0
TXN08596,2023-10-20,PRD030,WH001,,Sale,-38,144.51,0
TXN08600,2023-10-20,PRD030,WH002,,Sale,-31,136.51,0
TXN00398,2023-10-21,PRD002,WH003,,Sale,-50,52.49,0
TXN03940,2023-10-21,PRD014,WH002,,Sale,-22,97.66,0
TXN05972,2023-10-21,PRD021,WH001,,Sale,-118,29.16,0
TXN05979,2023-10-21,PRD021,WH003,,Sale,-41,27.47,0
TXN06851,2023-10-21,PRD024,WH001,,Sale,-30,363.07,0
TXN08594,2023-10-21,PRD030,WH001,,Sale,-34,145.33,0
TXN00104,2023-10-22,PRD001,WH001,,Sale,-83,27.38,0
TXN01279,2023-10-22,PRD005,WH001,,Sale,-62,72.91,0
TXN01578,2023-10-22,PRD006,WH001,,Sale,-14,153.97,0
TXN02173,2023-10-22,PRD008,WH001,,Sale,-51,94.77,0
TXN02451,2023-10-22,PRD009,WH003,,Sale,-116,19.53,0
TXN02452,2023-10-22,PRD009,WH003,,Sale,-114,19.67,0
TXN02738,2023-10-22,PRD010,WH002,,Sale,-71,25.87,0
TXN03633,2023-10-22,PRD013,WH002,,Sale,-113,35.76,0
TXN03941,2023-10-22,PRD014,WH002,,Sale,-13,96.93,0
TXN03942,2023-10-22,PRD014,WH003,,Sale,-9,95.59,0
TXN06270,2023-10-22,PRD022,WH001,,Sale,-128,20.07,0
TXN06280,2023-10-22,PRD022,WH003,,Sale,-29,19.44,0
TXN08031,2023-10-22,PRD028,WH002,,Sale,-12,276.2,0
TXN00397,2023-10-23,PRD002,WH002,,Sale,-37,49.14,0
TXN00697,2023-10-23,PRD003,WH003,,Sale,-19,128.61,0
TXN00993,2023-10-23,PRD004,WH003,,Sale,-15,144.34,0
TXN01577,2023-10-23,PRD006,WH001,,Sale,-13,150.5,0
TXN02743,2023-10-23,PRD010,WH003,,Sale,-45,24.96,0
TXN03037,2023-10-23,PRD011,WH002,,Sale,-77,56.22,0
TXN04239,2023-10-23,PRD015,WH003,,Sale,-21,46.65,0
TXN05125,2023-10-23,PRD018,WH003,,Sale,-25,255.18,0
TXN05412,2023-10-23,PRD019,WH003,,Sale,-42,74.82,0
TXN05978,2023-10-23,PRD021,WH003,,Sale,-65,28.35,0
TXN07157,2023-10-23,PRD025,WH003,,Sale,-11,140.56,0
TXN08032,2023-10-23,PRD028,WH002,,Sale,-7,254.01,0
TXN08316,2023-10-23,PRD029,WH001,,Sale,-39,120.0,0
TXN01576,2023-10-24,PRD006,WH001,,Sale,-9,145.47,0
TXN01872,2023-10-24,PRD007,WH001,,Sale,-51,84.52,0
TXN01874,2023-10-24,PRD007,WH002,,Sale,-21,87.57,0
TXN03322,2023-10-24,PRD012,WH001,,Sale,-47,140.48,0
TXN04232,2023-10-24,PRD015,WH001,,Sale,-50,49.16,0
TXN04238,2023-10-24,PRD015,WH003,,Sale,-20,46.31,0
TXN05410,2023-10-24,PRD019,WH003,,Sale,-30,76.65,0
TXN05976,2023-10-24,PRD021,WH002,,Sale,-72,29.31,0
TXN06858,2023-10-24,PRD024,WH003,,Sale,-12,373.64,0
TXN07452,2023-10-24,PRD026,WH002,,Sale,-28,54.35,0
TXN08320,2023-10-24,PRD029,WH003,,Sale,-36,125.88,0
TXN08598,2023-10-24,PRD030,WH002,,Sale,-29,146.99,0
TXN01290,2023-10-25,PRD005,WH003,,Sale,-32,69.3,0
TXN01586,2023-10-25,PRD006,WH003,,Sale,-6,145.06,0
TXN02179,2023-10-25,PRD008,WH003,,Sale,-14,95.27,0
TXN03632,2023-10-25,PRD013,WH002,,Sale,-109,35.41,0
TXN04230,2023-10-25,PRD015,WH001,,Sale,-67,47.85,0
TXN06276,2023-10-25,PRD022,WH002,,Sale,-55,19.67,0
TXN06853,2023-10-25,PRD024,WH002,,Sale,-15,392.2,0
TXN00716,2023-10-28,PRD003,WH003,,Sale,-10,129.78,0
TXN00996,2023-10-28,PRD004,WH001,SUP002,Purchase,287,90.6,0
TXN02462,2023-10-28,PRD009,WH003,SUP005,Purchase,614,12.45,0
TXN02750,2023-10-28,PRD010,WH002,SUP005,Purchase,664,14.75,0
TXN03646,2023-10-28,PRD013,WH002,,Sale,-78,35.48,0
TXN03950,2023-10-28,PRD014,WH002,SUP002,Purchase,161,63.95,0
TXN03957,2023-10-28,PRD014,WH003,,Sale,-7,96.24,0
TXN04514,2023-10-28,PRD016,WH002,SUP002,Purchase,122,121.02,0
TXN05416,2023-10-28,PRD019,WH001,,Sale,-64,75.52,0
TXN05704,2023-10-28,PRD020,WH002,,Sale,-63,37.08,0
TXN07469,2023-10-28,PRD026,WH002,,Sale,-29,53.44,0
TXN08051,2023-10-28,PRD028,WH003,,Sale,-9,258.53,0
TXN08053,2023-10-28,PRD028,WH003,,Sale,-10,260.34,0
TXN01006,2023-10-29,PRD004,WH003,SUP002,Purchase,120,89.79,0
TXN01297,2023-10-29,PRD005,WH002,,Sale,-68,69.29,0
TXN01298,2023-10-29,PRD005,WH002,,Sale,-58,68.01,0
TXN01595,2023-10-29,PRD006,WH002,SUP002,Purchase,108,96.82,0
TXN01891,2023-10-29,PRD007,WH003,SUP002,Purchase,229,55.71,0
TXN02186,2023-10-29,PRD008,WH002,,Sale,-29,92.17,0
TXN02454,2023-10-29,PRD009,WH001,,Sale,-131,20.95,0
TXN03046,2023-10-29,PRD011,WH002,SUP001,Purchase,453,38.0,0
TXN03049,2023-10-29,PRD011,WH003,SUP001,Purchase,317,39.13,0
TXN03052,2023-10-29,PRD011,WH003,,Sale,-48,58.27,0
TXN03335,2023-10-29,PRD012,WH001,SUP001,Purchase,492,95.98,0
TXN03649,2023-10-29,PRD013,WH003,SUP002,Purchase,255,22.07,0
TXN04244,2023-10-29,PRD015,WH001,,Sale,-54,47.69,0
TXN04517,2023-10-29,PRD016,WH002,,Sale,-33,192.07,0
TXN04518,2023-10-29,PRD016,WH003,SUP002,Purchase,101,124.38,0
TXN04817,2023-10-29,PRD017,WH001,,Sale,-49,174.06,0
TXN05134,2023-10-29,PRD018,WH002,,Sale,-35,248.98,0
TXN05423,2023-10-29,PRD019,WH003,SUP007,Purchase,361,56.31,0
TXN05702,2023-10-29,PRD020,WH002,SUP003,Purchase,890,25.22,0
TXN07458,2023-10-29,PRD026,WH001,SUP010,Purchase,444,34.45,0
TXN07753,2023-10-29,PRD027,WH001,,Sale,-17,216.29,0
TXN08329,2023-10-29,PRD029,WH003,SUP008,Purchase,174,79.87,0
TXN00405,2023-10-30,PRD002,WH002,SUP001,Purchase,571,32.25,0
TXN01000,2023-10-30,PRD004,WH002,SUP002,Purchase,279,88.52,0
TXN01601,2023-10-30,PRD006,WH003,SUP002,Purchase,45,97.94,0
TXN02464,2023-10-30,PRD009,WH003,,Sale,-71,19.7,0
TXN03040,2023-10-30,PRD011,WH001,SUP001,Purchase,509,38.55,0
TXN03338,2023-10-30,PRD012,WH002,SUP001,Purchase,413,96.92,0
TXN03645,2023-10-30,PRD013,WH002,SUP002,Purchase,439,21.48,0
TXN03954,2023-10-30,PRD014,WH003,SUP002,Purchase,90,65.49,0
TXN04251,2023-10-30,PRD015,WH003,,Sale,-20,46.0,0
TXN04812,2023-10-30,PRD017,WH001,SUP004,Purchase,348,126.03,0
TXN05130,2023-10-30,PRD018,WH002,SUP004,Purchase,344,189.17,0
TXN05132,2023-10-30,PRD018,WH002,,Sale,-38,253.3,0
TXN05135,2023-10-30,PRD018,WH003,SUP004,Purchase,143,191.54,0
TXN05422,2023-10-30,PRD019,WH002,,Sale,-82,75.92,0
TXN05698,2023-10-30,PRD020,WH001,SUP003,Purchase,747,25.57,0
TXN06864,2023-10-30,PRD024,WH002,SUP006,Purchase,166,275.26,0
TXN08323,2023-10-30,PRD029,WH001,,Sale,-62,117.22,0
TXN08607,2023-10-30,PRD030,WH001,SUP008,Purchase,471,95.1,0
TXN08608,2023-10-30,PRD030,WH001,,Sale,-70,142.9,0
TXN00112,2023-10-31,PRD001,WH001,SUP001,Purchase,968,17.8,0
TXN00700,2023-10-31,PRD003,WH001,SUP001,Purchase,370,84.58,0
TXN01007,2023-10-31,PRD004,WH003,,Sale,-22,145.14,0
TXN01291,2023-10-31,PRD005,WH001,SUP002,Purchase,937,46.13,0
TXN02466,2023-10-31,PRD009,WH003,,Sale,-58,20.47,0
TXN03946,2023-10-31,PRD014,WH001,SUP002,Purchase,257,66.69,0
TXN03947,2023-10-31,PRD014,WH001,,Sale,-36,97.96,0
TXN04510,2023-10-31,PRD016,WH001,,Sale,-25,183.05,0
TXN06572,2023-10-31,PRD023,WH003,SUP006,Purchase,364,13.68,0
TXN06870,2023-10-31,PRD024,WH003,SUP006,Purchase,103,272.25,0
TXN07164,2023-10-31,PRD025,WH002,SUP006,Purchase,186,92.41,0
TXN07463,2023-10-31,PRD026,WH001,,Sale,-43,54.31,0
TXN07464,2023-10-31,PRD026,WH002,SUP010,Purchase,286,33.92,0
TXN07470,2023-10-31,PRD026,WH003,SUP010,Purchase,187,33.61,0
TXN08038,2023-10-31,PRD028,WH001,SUP006,Purchase,177,181.33,0
TXN08049,2023-10-31,PRD028,WH003,,Sale,-7,254.84,0
TXN00409,2023-11-01,PRD002,WH003,SUP001,Purchase,355,32.65,0
TXN01589,2023-11-01,PRD006,WH001,SUP002,Purchase,139,95.25,0
TXN01887,2023-11-01,PRD007,WH002,,Sale,-32,81.0,0
TXN01890,2023-11-01,PRD007,WH002,,Sale,-38,83.32,0
TXN02181,2023-11-01,PRD008,WH001,,Sale,-31,93.16,0
TXN02457,2023-11-01,PRD009,WH001,,Sale,-159,19.05,0
TXN03045,2023-11-01,PRD011,WH001,,Sale,-51,59.64,0
TXN03953,2023-11-01,PRD014,WH002,,Sale,-31,99.47,0
TXN04245,2023-11-01,PRD015,WH001,,Sale,-82,47.59,0
TXN04249,2023-11-01,PRD015,WH003,SUP003,Purchase,253,29.38,0
TXN04252,2023-11-01,PRD015,WH003,,Sale,-40,48.19,0
TXN04511,2023-11-01,PRD016,WH001,,Sale,-16,190.66,0
TXN04813,2023-11-01,PRD017,WH001,,Sale,-40,167.19,0
TXN04822,2023-11-01,PRD017,WH003,SUP004,Purchase,161,132.88,0
TXN05700,2023-11-01,PRD020,WH001,,Sale,-128,37.3,0
TXN05982,2023-11-01,PRD021,WH001,,Sale,-66,28.91,0
TXN05990,2023-11-01,PRD021,WH003,SUP004,Purchase,329,17.96,0
TXN06281,2023-11-01,PRD022,WH001,SUP010,Purchase,1040,11.99,0
TXN06564,2023-11-01,PRD023,WH001,SUP006,Purchase,751,13.99,0
TXN06574,2023-11-01,PRD023,WH003,,Sale,-37,21.98,0
TXN07755,2023-11-01,PRD027,WH001,,Sale,-14,229.1,0
TXN07757,2023-11-01,PRD027,WH002,SUP009,Purchase,118,150.63,0
TXN08618,2023-11-01,PRD030,WH003,,Sale,-21,140.79,0
TXN00117,2023-11-02,PRD001,WH002,,Sale,-83,28.32,0
TXN00120,2023-11-02,PRD001,WH003,SUP001,Purchase,0,17.95,1
TXN00122,2023-11-02,PRD001,WH003,,Sale,-39,28.44,0
TXN00414,2023-11-02,PRD002,WH003,,Sale,-20,51.58,0
TXN00709,2023-11-02,PRD003,WH002,,Sale,-28,131.91,0
TXN00711,2023-11-02,PRD003,WH003,SUP001,Purchase,159,88.17,0
TXN00999,2023-11-02,PRD004,WH001,,Sale,-28,144.77,0
TXN01294,2023-11-02,PRD005,WH001,,Sale,-111,69.45,0
TXN01296,2023-11-02,PRD005,WH002,SUP002,Purchase,597,46.03,0
TXN01597,2023-11-02,PRD006,WH002,,Sale,-8,147.12,0
TXN01889,2023-11-02,PRD007,WH002,,Sale,-43,84.0,0
TXN02182,2023-11-02,PRD008,WH001,,Sale,-23,90.81,0
TXN02183,2023-11-02,PRD008,WH001,,Sale,-35,90.51,0
TXN02453,2023-11-02,PRD009,WH001,SUP005,Purchase,1548,12.3,0
TXN03346,2023-11-02,PRD012,WH003,,Sale,-16,151.12,0
TXN04242,2023-11-02,PRD015,WH001,SUP003,Purchase,466,29.52,0
TXN04246,2023-11-02,PRD015,WH002,SUP003,Purchase,468,31.05,0
TXN04509,2023-11-02,PRD016,WH001,SUP002,Purchase,220,117.07,0
TXN04522,2023-11-02,PRD016,WH003,,Sale,-5,179.61,0
TXN04816,2023-11-02,PRD017,WH001,,Sale,-29,166.98,0
TXN04823,2023-11-02,PRD017,WH003,,Sale,-41,168.01,0
TXN05126,2023-11-02,PRD018,WH001,SUP004,Purchase,419,191.36,0
TXN05414,2023-11-02,PRD019,WH001,SUP007,Purchase,816,56.08,0
TXN05701,2023-11-02,PRD020,WH001,,Sale,-78,36.8,0
TXN05983,2023-11-02,PRD021,WH001,,Sale,-60,27.7,0
TXN06567,2023-11-02,PRD023,WH002,SUP006,Purchase,843,14.38,0
TXN06873,2023-11-02,PRD024,WH003,,Sale,-11,385.36,0
TXN07167,2023-11-02,PRD025,WH003,SUP006,Purchase,89,95.0,0
TXN07752,2023-11-02,PRD027,WH001,SUP009,Purchase,131,145.06,0
TXN07761,2023-11-02,PRD027,WH003,SUP009,Purchase,68,144.5,0
TXN08617,2023-11-02,PRD030,WH003,,Sale,-22,143.65,0
TXN00115,2023-11-03,PRD001,WH002,SUP001,Purchase,674,17.75,0
TXN00119,2023-11-03,PRD001,WH002,,Sale,-71,27.8,0
TXN00411,2023-11-03,PRD002,WH003,,Sale,-28,49.34,0
TXN01303,2023-11-03,PRD005,WH003,,Sale,-43,70.54,0
TXN01881,2023-11-03,PRD007,WH001,SUP002,Purchase,421,55.99,0
TXN02184,2023-11-03,PRD008,WH002,SUP003,Purchase,130,58.07,0
TXN02746,2023-11-03,PRD010,WH001,SUP005,Purchase,783,15.27,0
TXN02752,2023-11-03,PRD010,WH002,,Sale,-125,25.77,0
TXN03639,2023-11-03,PRD013,WH001,SUP002,Purchase,465,21.37,0
TXN03948,2023-11-03,PRD014,WH001,,Sale,-24,100.24,0
TXN04248,2023-11-03,PRD015,WH002,,Sale,-70,47.55,0
TXN04820,2023-11-03,PRD017,WH002,,Sale,-36,173.8,0
TXN05418,2023-11-03,PRD019,WH001,,Sale,-67,75.68,0
TXN05424,2023-11-03,PRD019,WH003,,Sale,-46,75.54,0
TXN05707,2023-11-03,PRD020,WH003,SUP003,Purchase,453,24.65,0
TXN05980,2023-11-03,PRD021,WH001,SUP004,Purchase,599,17.4,0
TXN05986,2023-11-03,PRD021,WH002,SUP004,Purchase,466,18.65,0
TXN06287,2023-11-03,PRD022,WH002,SUP010,Purchase,804,12.34,0
TXN06575,2023-11-03,PRD023,WH003,,Sale,-56,21.35,0
TXN06859,2023-11-03,PRD024,WH001,SUP006,Purchase,220,290.31,0
TXN07465,2023-11-03,PRD026,WH002,,Sale,-34,57.13,0
TXN08043,2023-11-03,PRD028,WH001,,Sale,-11,260.79,0
TXN08044,2023-11-03,PRD028,WH002,SUP006,Purchase,171,182.38,0
TXN08322,2023-11-03,PRD029,WH001,SUP008,Purchase,364,82.13,0
TXN08325,2023-11-03,PRD029,WH002,SUP008,Purchase,414,79.67,0
TXN08613,2023-11-03,PRD030,WH002,,Sale,-39,134.04,0
TXN08614,2023-11-03,PRD030,WH003,SUP008,Purchase,213,94.07,0
TXN00401,2023-11-04,PRD002,WH001,SUP001,Purchase,596,31.21,0
TXN00705,2023-11-04,PRD003,WH002,SUP001,Purchase,286,85.56,0
TXN00712,2023-11-04,PRD003,WH003,,Sale,-9,130.14,0
TXN01003,2023-11-04,PRD004,WH002,,Sale,-18,140.0,0
TXN01590,2023-11-04,PRD006,WH001,,Sale,-9,150.72,0
TXN01886,2023-11-04,PRD007,WH002,SUP002,Purchase,311,53.28,0
TXN03047,2023-11-04,PRD011,WH002,,Sale,-97,59.86,0
TXN03343,2023-11-04,PRD012,WH002,,Sale,-52,148.82,0
TXN03949,2023-11-04,PRD014,WH001,,Sale,-42,102.91,0
TXN05419,2023-11-04,PRD019,WH002,SUP007,Purchase,573,57.34,0
TXN06288,2023-11-04,PRD022,WH002,,Sale,-114,19.81,0
TXN06570,2023-11-04,PRD023,WH002,,Sale,-54,21.17,0
TXN07169,2023-11-04,PRD025,WH003,,Sale,-24,133.17,0
TXN00703,2023-11-05,PRD003,WH001,,Sale,-42,132.06,0
TXN01301,2023-11-05,PRD005,WH003,SUP002,Purchase,312,46.55,0
TXN02180,2023-11-05,PRD008,WH001,SUP003,Purchase,267,58.41,0
TXN02188,2023-11-05,PRD008,WH003,SUP003,Purchase,96,59.45,0
TXN02458,2023-11-05,PRD009,WH002,SUP005,Purchase,817,11.79,0
TXN02754,2023-11-05,PRD010,WH003,SUP005,Purchase,478,15.02,0
TXN03344,2023-11-05,PRD012,WH003,SUP001,Purchase,288,92.02,0
TXN03644,2023-11-05,PRD013,WH001,,Sale,-68,33.74,0
TXN03651,2023-11-05,PRD013,WH003,,Sale,-16,35.0,0
TXN03955,2023-11-05,PRD014,WH003,,Sale,-7,96.98,0
TXN04818,2023-11-05,PRD017,WH002,SUP004,Purchase,373,132.7,0
TXN05140,2023-11-05,PRD018,WH003,,Sale,-10,255.43,0
TXN06283,2023-11-05,PRD022,WH001,,Sale,-123,19.55,0
TXN06291,2023-11-05,PRD022,WH003,SUP010,Purchase,449,12.24,0
TXN07161,2023-11-05,PRD025,WH001,SUP006,Purchase,228,95.0,0
TXN07758,2023-11-05,PRD027,WH002,,Sale,-22,209.28,0
TXN08048,2023-11-05,PRD028,WH003,SUP006,Purchase,84,182.58,0
TXN08609,2023-11-05,PRD030,WH001,,Sale,-69,134.67,0
TXN08611,2023-11-05,PRD030,WH002,SUP008,Purchase,318,98.36,0
TXN00125,2023-11-06,PRD001,WH003,,Sale,-32,27.23,0
TXN01004,2023-11-06,PRD004,WH002,,Sale,-18,138.89,0
TXN01008,2023-11-06,PRD004,WH003,,Sale,-31,138.78,0
TXN02755,2023-11-06,PRD010,WH003,,Sale,-30,24.65,0
TXN03956,2023-11-06,PRD014,WH003,,Sale,-10,96.63,0
TXN06872,2023-11-06,PRD024,WH003,,Sale,-13,364.92,0
TXN07460,2023-11-06,PRD026,WH001,,Sale,-33,57.48,0
TXN08052,2023-11-06,PRD028,WH003,,Sale,-8,275.72,0
TXN01300,2023-11-07,PRD005,WH002,,Sale,-56,68.32,0
TXN01596,2023-11-07,PRD006,WH002,,Sale,-7,150.83,0
TXN03336,2023-11-07,PRD012,WH001,,Sale,-99,147.14,0
TXN03349,2023-11-07,PRD012,WH003,,Sale,-18,149.18,0
TXN05981,2023-11-07,PRD021,WH001,,Sale,-43,28.72,0
TXN06566,2023-11-07,PRD023,WH001,,Sale,-214,22.7,0
TXN07165,2023-11-07,PRD025,WH002,,Sale,-27,139.93,0
TXN07467,2023-11-07,PRD026,WH002,,Sale,-25,54.32,0
TXN07763,2023-11-07,PRD027,WH003,,Sale,-18,218.58,0
TXN08610,2023-11-07,PRD030,WH001,,Sale,-37,135.74,0
TXN00706,2023-11-08,PRD003,WH002,,Sale,-29,132.62,0
TXN00714,2023-11-08,PRD003,WH003,,Sale,-11,128.58,0
TXN01005,2023-11-08,PRD004,WH002,,Sale,-18,136.65,0
TXN01302,2023-11-08,PRD005,WH003,,Sale,-31,72.57,0
TXN01305,2023-11-08,PRD005,WH003,,Sale,-32,68.78,0
TXN03337,2023-11-08,PRD012,WH001,,Sale,-78,142.19,0
TXN03341,2023-11-08,PRD012,WH002,,Sale,-31,146.46,0
TXN03643,2023-11-08,PRD013,WH001,,Sale,-38,33.5,0
TXN03952,2023-11-08,PRD014,WH002,,Sale,-23,99.65,0
TXN08328,2023-11-08,PRD029,WH002,,Sale,-52,125.28,0
TXN08330,2023-11-08,PRD029,WH003,,Sale,-52,116.93,0
TXN08615,2023-11-08,PRD030,WH003,,Sale,-18,141.9,0
TXN08619,2023-11-08,PRD030,WH003,,Sale,-11,142.41,0
TXN00413,2023-11-09,PRD002,WH003,,Sale,-16,50.01,0
TXN01591,2023-11-09,PRD006,WH001,,Sale,-14,143.49,0
TXN02185,2023-11-09,PRD008,WH002,,Sale,-20,99.19,0
TXN03044,2023-11-09,PRD011,WH001,,Sale,-45,60.17,0
TXN03342,2023-11-09,PRD012,WH002,,Sale,-39,142.1,0
TXN03345,2023-11-09,PRD012,WH003,,Sale,-27,146.35,0
TXN03641,2023-11-09,PRD013,WH001,,Sale,-67,36.0,0
TXN03642,2023-11-09,PRD013,WH001,,Sale,-51,35.32,0
TXN04516,2023-11-09,PRD016,WH002,,Sale,-18,187.66,0
TXN04519,2023-11-09,PRD016,WH003,,Sale,-6,177.51,0
TXN04815,2023-11-09,PRD017,WH001,,Sale,-25,173.3,0
TXN05705,2023-11-09,PRD020,WH002,,Sale,-60,37.25,0
TXN06284,2023-11-09,PRD022,WH001,,Sale,-89,20.46,0
TXN06863,2023-11-09,PRD024,WH001,,Sale,-18,393.26,0
TXN06871,2023-11-09,PRD024,WH003,,Sale,-15,379.77,0
TXN07468,2023-11-09,PRD026,WH002,,Sale,-42,55.51,0
TXN07756,2023-11-09,PRD027,WH001,,Sale,-14,209.35,0
TXN08040,2023-11-09,PRD028,WH001,,Sale,-18,266.75,0
TXN08042,2023-11-09,PRD028,WH001,,Sale,-16,267.97,0
TXN08612,2023-11-09,PRD030,WH002,,Sale,-71,140.6,0
TXN01593,2023-11-10,PRD006,WH001,,Sale,-14,151.01,0
TXN01895,2023-11-10,PRD007,WH003,,Sale,-21,85.0,0
TXN02190,2023-11-10,PRD008,WH003,,Sale,-21,96.27,0
TXN02747,2023-11-10,PRD010,WH001,,Sale,-96,25.99,0
TXN02756,2023-11-10,PRD010,WH003,,Sale,-51,23.85,0
TXN05421,2023-11-10,PRD019,WH002,,Sale,-55,78.57,0
TXN05425,2023-11-10,PRD019,WH003,,Sale,-91,78.04,0
TXN05988,2023-11-10,PRD021,WH002,,Sale,-90,28.99,0
TXN05992,2023-11-10,PRD021,WH003,,Sale,-43,29.33,0
TXN06861,2023-11-10,PRD024,WH001,,Sale,-25,372.41,0
TXN06868,2023-11-10,PRD024,WH002,,Sale,-15,380.0,0
TXN07459,2023-11-10,PRD026,WH001,,Sale,-30,53.38,0
TXN08327,2023-11-10,PRD029,WH002,,Sale,-44,125.82,0
TXN00412,2023-11-11,PRD002,WH003,,Sale,-27,49.81,0
TXN01602,2023-11-11,PRD006,WH003,,Sale,-14,150.47,0
TXN01896,2023-11-11,PRD007,WH003,,Sale,-12,83.42,0
TXN03653,2023-11-11,PRD013,WH003,,Sale,0,34.74,1
TXN06282,2023-11-11,PRD022,WH001,,Sale,-84,20.01,0
TXN06568,2023-11-11,PRD023,WH002,,Sale,-61,21.61,0
TXN07168,2023-11-11,PRD025,WH003,,Sale,-21,137.78,0
TXN07760,2023-11-11,PRD027,WH002,,Sale,-14,230.0,0
TXN00702,2023-11-12,PRD003,WH001,,Sale,-44,125.31,0
TXN01885,2023-11-12,PRD007,WH001,,Sale,-49,85.1,0
TXN02463,2023-11-12,PRD009,WH003,,Sale,-53,19.8,0
TXN02465,2023-11-12,PRD009,WH003,,Sale,-81,20.97,0
TXN03340,2023-11-12,PRD012,WH002,,Sale,-43,149.84,0
TXN03648,2023-11-12,PRD013,WH002,,Sale,-67,34.06,0
TXN04247,2023-11-12,PRD015,WH002,,Sale,-73,50.05,0
TXN05138,2023-11-12,PRD018,WH003,,Sale,-11,250.5,0
TXN06292,2023-11-12,PRD022,WH003,,Sale,-89,20.85,0
TXN07466,2023-11-12,PRD026,WH002,,Sale,-28,52.4,0
TXN02748,2023-11-13,PRD010,WH001,,Sale,-143,25.77,0
TXN03647,2023-11-13,PRD013,WH002,,Sale,-62,33.61,0
TXN05129,2023-11-13,PRD018,WH001,,Sale,-45,240.66,0
TXN05984,2023-11-13,PRD021,WH001,,Sale,-67,27.7,0
TXN06860,2023-11-13,PRD024,WH001,,Sale,-26,363.3,0
TXN07762,2023-11-13,PRD027,WH003,,Sale,-10,230.39,0
TXN08045,2023-11-13,PRD028,WH002,,Sale,-18,260.86,0
TXN08326,2023-11-13,PRD029,WH002,,Sale,-49,117.64,0
TXN00118,2023-11-14,PRD001,WH002,,Sale,-63,28.93,0
TXN01304,2023-11-14,PRD005,WH003,,Sale,-32,67.72,0
TXN01893,2023-11-14,PRD007,WH003,,Sale,-20,83.67,0
TXN01894,2023-11-14,PRD007,WH003,,Sale,-25,80.9,0
TXN02189,2023-11-14,PRD008,WH003,,Sale,-16,94.12,0
TXN03958,2023-11-14,PRD014,WH003,,Sale,-13,99.77,0
TXN04821,2023-11-14,PRD017,WH002,,Sale,-41,166.48,0
TXN05136,2023-11-14,PRD018,WH003,,Sale,-16,252.78,0
TXN05708,2023-11-14,PRD020,WH003,,Sale,-118,36.96,0
TXN07166,2023-11-14,PRD025,WH002,,Sale,-44,131.05,0
TXN00713,2023-11-15,PRD003,WH003,,Sale,-13,132.44,0
TXN00715,2023-11-15,PRD003,WH003,,Sale,-16,132.48,0
TXN01603,2023-11-15,PRD006,WH003,,Sale,-11,149.21,0
TXN01882,2023-11-15,PRD007,WH001,,Sale,-63,83.07,0
TXN02187,2023-11-15,PRD008,WH002,,Sale,-22,92.5,0
TXN02191,2023-11-15,PRD008,WH003,,Adjustment,-14,60.0,0
TXN02749,2023-11-15,PRD010,WH001,,Sale,-112,25.74,0
TXN03050,2023-11-15,PRD011,WH003,,Sale,-33,56.5,0
TXN03339,2023-11-15,PRD012,WH002,,Sale,-37,147.82,0
TXN03348,2023-11-15,PRD012,WH003,,Sale,-16,148.65,0
TXN04250,2023-11-15,PRD015,WH003,,Sale,-30,47.41,0
TXN05131,2023-11-15,PRD018,WH002,,Sale,-21,237.95,0
TXN05417,2023-11-15,PRD019,WH001,,Sale,-76,76.66,0
TXN06867,2023-11-15,PRD024,WH002,,Sale,-10,387.55,0
TXN07163,2023-11-15,PRD025,WH001,,Sale,-40,138.18,0
TXN08616,2023-11-15,PRD030,WH003,,Sale,-13,140.33,0
TXN00113,2023-11-16,PRD001,WH001,,Sale,-255,27.48,0
TXN00707,2023-11-16,PRD003,WH002,,Sale,-28,131.8,0
TXN01598,2023-11-16,PRD006,WH002,,Sale,-6,144.13,0
TXN02758,2023-11-16,PRD010,WH003,,Sale,-27,25.27,0
TXN03042,2023-11-16,PRD011,WH001,,Sale,-46,60.32,0
TXN03051,2023-11-16,PRD011,WH003,,Sale,-52,58.0,0
TXN05699,2023-11-16,PRD020,WH001,,Sale,-148,38.37,0
TXN05987,2023-11-16,PRD021,WH002,,Sale,-48,29.06,0
TXN06565,2023-11-16,PRD023,WH001,,Sale,-200,20.92,0
TXN06569,2023-11-16,PRD023,WH002,,Sale,-70,22.27,0
TXN07471,2023-11-16,PRD026,WH003,,Sale,-19,57.31,0
TXN00710,2023-11-17,PRD003,WH002,,Sale,-16,132.31,0
TXN01600,2023-11-17,PRD006,WH002,,Sale,0,152.4,1
TXN01883,2023-11-17,PRD007,WH001,,Sale,-60,88.77,0
TXN02751,2023-11-17,PRD010,WH002,,Sale,-73,23.98,0
TXN03951,2023-11-17,PRD014,WH002,,Sale,-14,101.44,0
TXN05703,2023-11-17,PRD020,WH002,,Sale,-91,38.61,0
TXN05991,2023-11-17,PRD021,WH003,,Sale,-65,27.18,0
TXN06573,2023-11-17,PRD023,WH003,,Sale,-59,22.49,0
TXN00116,2023-11-18,PRD001,WH002,,Sale,-57,29.23,0
TXN00123,2023-11-18,PRD001,WH003,,Sale,-27,28.37,0
TXN00404,2023-11-18,PRD002,WH001,,Sale,-73,49.18,0
TXN00408,2023-11-18,PRD002,WH002,,Sale,-41,51.1,0
TXN00997,2023-11-18,PRD004,WH001,,Sale,-45,140.48,0
TXN00998,2023-11-18,PRD004,WH001,,Sale,-43,138.02,0
TXN01002,2023-11-18,PRD004,WH002,,Sale,-22,145.59,0
TXN01884,2023-11-18,PRD007,WH001,,Sale,-43,85.88,0
TXN01892,2023-11-18,PRD007,WH003,,Sale,-16,84.98,0
TXN02459,2023-11-18,PRD009,WH002,,Sale,-144,20.74,0
TXN02460,2023-11-18,PRD009,WH002,,Sale,-130,19.38,0
TXN02757,2023-11-18,PRD010,WH003,,Sale,-43,24.72,0
TXN04243,2023-11-18,PRD015,WH001,,Sale,-59,45.92,0
TXN04515,2023-11-18,PRD016,WH002,,Sale,-14,179.41,0
TXN05127,2023-11-18,PRD018,WH001,,Sale,-47,244.84,0
TXN05415,2023-11-18,PRD019,WH001,,Sale,-71,73.82,0
TXN06866,2023-11-18,PRD024,WH002,,Sale,-14,369.87,0
TXN07462,2023-11-18,PRD026,WH001,,Sale,-55,53.89,0
TXN01592,2023-11-19,PRD006,WH001,,Sale,-8,151.36,0
TXN01594,2023-11-19,PRD006,WH001,,Sale,-9,146.04,0
TXN02456,2023-11-19,PRD009,WH001,,Sale,-126,19.8,0
TXN03347,2023-11-19,PRD012,WH003,,Sale,-26,151.42,0
TXN03654,2023-11-19,PRD013,WH003,,Sale,-22,35.67,0
TXN04512,2023-11-19,PRD016,WH001,,Sale,-15,186.85,0
TXN05133,2023-11-19,PRD018,WH002,,Sale,-26,259.96,0
TXN06290,2023-11-19,PRD022,WH002,,Sale,-104,19.17,0
TXN08039,2023-11-19,PRD028,WH001,,Sale,-14,275.32,0
TXN08041,2023-11-19,PRD028,WH001,,Sale,-19,257.75,0
TXN00114,2023-11-20,PRD001,WH001,,Sale,-185,29.12,0
TXN00407,2023-11-20,PRD002,WH002,,Sale,-70,49.69,0
TXN01293,2023-11-20,PRD005,WH001,,Sale,-67,67.55,0
TXN04513,2023-11-20,PRD016,WH001,,Sale,-27,192.0,0
TXN04814,2023-11-20,PRD017,WH001,,Sale,-35,175.0,0
TXN04819,2023-11-20,PRD017,WH002,,Sale,-45,170.0,0
TXN07472,2023-11-20,PRD026,WH003,,Sale,-16,53.5,0
TXN07474,2023-11-20,PRD026,WH003,,Sale,-21,57.49,0
TXN00406,2023-11-21,PRD002,WH002,,Sale,-75,50.62,0
TXN00708,2023-11-21,PRD003,WH002,,Sale,-16,126.73,0
TXN01599,2023-11-21,PRD006,WH002,,Sale,-9,154.8,0
TXN02753,2023-11-21,PRD010,WH002,,Sale,-106,25.55,0
TXN03650,2023-11-21,PRD013,WH003,,Sale,-24,36.44,0
TXN06285,2023-11-21,PRD022,WH001,,Sale,-69,19.9,0
TXN06865,2023-11-21,PRD024,WH002,,Sale,-17,375.96,0
TXN06869,2023-11-21,PRD024,WH002,,Sale,-13,382.91,0
TXN07473,2023-11-21,PRD026,WH003,,Sale,-25,54.14,0
TXN08050,2023-11-21,PRD028,WH003,,Sale,-9,272.01,0
TXN08331,2023-11-21,PRD029,WH003,,Sale,-28,114.66,0
TXN00121,2023-11-22,PRD001,WH003,,Sale,-33,29.12,0
TXN00402,2023-11-22,PRD002,WH001,,Sale,0,48.01,1
TXN00410,2023-11-22,PRD002,WH003,,Sale,-18,51.42,0
TXN00704,2023-11-22,PRD003,WH001,,Sale,-62,128.4,0
TXN01001,2023-11-22,PRD004,WH002,,Sale,-14,140.83,0
TXN02455,2023-11-22,PRD009,WH001,,Sale,-177,19.2,0
TXN03043,2023-11-22,PRD011,WH001,,Sale,-64,58.0,0
TXN03640,2023-11-22,PRD013,WH001,,Sale,-62,36.67,0
TXN04523,2023-11-22,PRD016,WH003,,Sale,-7,176.29,0
TXN04824,2023-11-22,PRD017,WH003,,Sale,-26,176.02,0
TXN05137,2023-11-22,PRD018,WH003,,Sale,-19,244.5,0
TXN05420,2023-11-22,PRD019,WH002,,Sale,-83,72.28,0
TXN05706,2023-11-22,PRD020,WH002,,Sale,-66,37.34,0
TXN05985,2023-11-22,PRD021,WH001,,Sale,-35,27.68,0
TXN06289,2023-11-22,PRD022,WH002,,Sale,-159,19.13,0
TXN06862,2023-11-22,PRD024,WH001,,Sale,-15,398.72,0
TXN07461,2023-11-22,PRD026,WH001,,Sale,-32,54.76,0
TXN07754,2023-11-22,PRD027,WH001,,Sale,-19,223.14,0
TXN08324,2023-11-22,PRD029,WH001,,Sale,-100,118.28,0
TXN00124,2023-11-23,PRD001,WH003,,Sale,-31,29.27,0
TXN00403,2023-11-23,PRD002,WH001,,Sale,-100,51.19,0
TXN01299,2023-11-23,PRD005,WH002,,Sale,-42,70.91,0
TXN01888,2023-11-23,PRD007,WH002,,Sale,-47,81.33,0
TXN02461,2023-11-23,PRD009,WH002,,Sale,-167,19.64,0
TXN03041,2023-11-23,PRD011,WH001,,Sale,-40,57.85,0
TXN03048,2023-11-23,PRD011,WH002,,Sale,-104,56.56,0
TXN03652,2023-11-23,PRD013,WH003,,Sale,-14,36.37,0
TXN05128,2023-11-23,PRD018,WH001,,Sale,-45,238.63,0
TXN05139,2023-11-23,PRD018,WH003,,Sale,-21,250.42,0
TXN05709,2023-11-23,PRD020,WH003,,Sale,-56,36.41,0
TXN06293,2023-11-23,PRD022,WH003,,Sale,-109,19.22,0
TXN06571,2023-11-23,PRD023,WH002,,Sale,-55,21.77,0
TXN07162,2023-11-23,PRD025,WH001,,Sale,-45,139.48,0
TXN08046,2023-11-23,PRD028,WH002,,Sale,-26,253.04,0
TXN00701,2023-11-24,PRD003,WH001,,Sale,-32,133.84,0
TXN01292,2023-11-24,PRD005,WH001,,Sale,-88,69.17,0
TXN01295,2023-11-24,PRD005,WH001,,Sale,-60,70.91,0
TXN04520,2023-11-24,PRD016,WH003,,Sale,-10,183.28,0
TXN04521,2023-11-24,PRD016,WH003,,Sale,-7,185.45,0
TXN05989,2023-11-24,PRD021,WH002,,Sale,-55,28.96,0
TXN06286,2023-11-24,PRD022,WH001,,Sale,-127,19.7,0
TXN07759,2023-11-24,PRD027,WH002,,Sale,-20,215.61,0
TXN08047,2023-11-24,PRD028,WH002,,Sale,-32,276.67,0
TXN00420,2023-11-27,PRD002,WH002,,Sale,-31,49.57,0
TXN00427,2023-11-27,PRD002,WH003,,Sale,-39,48.78,0
TXN00721,2023-11-27,PRD003,WH002,,Sale,-29,134.54,0
TXN01016,2023-11-27,PRD004,WH003,,Sale,-10,133.53,0
TXN04830,2023-11-27,PRD017,WH002,,Sale,-40,180.34,0
TXN05711,2023-11-27,PRD020,WH001,,Sale,-104,38.92,0
TXN06004,2023-11-27,PRD021,WH003,,Sale,-25,29.0,0
TXN06298,2023-11-27,PRD022,WH002,,Sale,-48,19.79,0
TXN06884,2023-11-27,PRD024,WH003,,Sale,-10,370.3,0
TXN08621,2023-11-27,PRD030,WH001,,Sale,-60,140.31,0
TXN08622,2023-11-27,PRD030,WH002,,Sale,-57,142.69,0
TXN01902,2023-11-28,PRD007,WH002,,Sale,-33,84.08,0
TXN03667,2023-11-28,PRD013,WH003,,Sale,-25,35.36,0
TXN03962,2023-11-28,PRD014,WH001,,Sale,-25,103.83,0
TXN03968,2023-11-28,PRD014,WH002,,Sale,-13,100.25,0
TXN07172,2023-11-28,PRD025,WH001,,Sale,-30,129.15,0
TXN07475,2023-11-28,PRD026,WH001,,Sale,-71,54.36,0
TXN08625,2023-11-28,PRD030,WH003,,Sale,-53,139.6,0
TXN00417,2023-11-29,PRD002,WH001,,Sale,-51,51.32,0
TXN01316,2023-11-29,PRD005,WH003,,Sale,-80,67.97,0
TXN01606,2023-11-29,PRD006,WH001,,Sale,-10,151.24,0
TXN02193,2023-11-29,PRD008,WH001,,Sale,-29,98.29,0
TXN03352,2023-11-29,PRD012,WH001,,Sale,-66,140.43,0
TXN03969,2023-11-29,PRD014,WH003,,Sale,-8,103.14,0
TXN04257,2023-11-29,PRD015,WH002,,Sale,-68,50.34,0
TXN04530,2023-11-29,PRD016,WH002,,Sale,-15,181.51,0
TXN04829,2023-11-29,PRD017,WH002,,Sale,-44,180.43,0
TXN05147,2023-11-29,PRD018,WH002,,Sale,-60,245.37,0
TXN05428,2023-11-29,PRD019,WH001,,Sale,-65,77.23,0
TXN06003,2023-11-29,PRD021,WH003,,Sale,-26,28.09,0
TXN07771,2023-11-29,PRD027,WH003,,Sale,-7,230.83,0
TXN08058,2023-11-29,PRD028,WH002,,Sale,-17,276.05,0
TXN08059,2023-11-29,PRD028,WH002,,Sale,-16,268.22,0
TXN08065,2023-11-29,PRD028,WH003,,Sale,-9,258.42,0
TXN00132,2023-11-30,PRD001,WH003,,Sale,-101,27.88,0
TXN00423,2023-11-30,PRD002,WH002,,Sale,-24,51.7,0
TXN01899,2023-11-30,PRD007,WH002,,Sale,-41,85.59,0
TXN02470,2023-11-30,PRD009,WH002,,Sale,-73,19.96,0
TXN02761,2023-11-30,PRD010,WH001,,Sale,-50,24.89,0
TXN03355,2023-11-30,PRD012,WH002,,Sale,-34,144.58,0
TXN03662,2023-11-30,PRD013,WH002,,Sale,-25,35.75,0
TXN03970,2023-11-30,PRD014,WH003,,Sale,-8,102.63,0
TXN05145,2023-11-30,PRD018,WH001,,Sale,-20,251.86,0
TXN05721,2023-11-30,PRD020,WH003,,Sale,-43,39.81,0
TXN06002,2023-11-30,PRD021,WH002,,Sale,-46,26.88,0
TXN06882,2023-11-30,PRD024,WH003,,Sale,0,375.96,1
TXN08333,2023-11-30,PRD029,WH001,,Sale,-58,125.49,0
TXN00717,2023-12-01,PRD003,WH001,,Sale,-88,128.03,0
TXN01905,2023-12-01,PRD007,WH003,,Sale,-18,87.86,0
TXN02192,2023-12-01,PRD008,WH001,,Sale,-35,93.14,0
TXN02468,2023-12-01,PRD009,WH001,,Sale,-177,20.0,0
TXN03353,2023-12-01,PRD012,WH002,,Sale,-64,147.68,0
TXN03358,2023-12-01,PRD012,WH003,,Sale,-15,142.37,0
TXN03964,2023-12-01,PRD014,WH002,,Sale,-9,96.02,0
TXN05714,2023-12-01,PRD020,WH002,,Sale,-67,38.51,0
TXN05993,2023-12-01,PRD021,WH001,,Sale,-79,27.26,0
TXN05997,2023-12-01,PRD021,WH001,,Sale,-67,26.84,0
TXN07765,2023-12-01,PRD027,WH001,,Sale,-30,213.85,0
TXN01010,2023-12-02,PRD004,WH001,,Sale,-42,143.91,0
TXN01310,2023-12-02,PRD005,WH001,,Sale,-41,68.91,0
TXN03350,2023-12-02,PRD012,WH001,,Sale,-79,144.43,0
TXN04253,2023-12-02,PRD015,WH001,,Sale,-54,45.76,0
TXN04258,2023-12-02,PRD015,WH003,,Sale,-40,49.91,0
TXN05429,2023-12-02,PRD019,WH001,,Sale,-85,72.24,0
TXN05715,2023-12-02,PRD020,WH002,,Sale,-54,37.72,0
TXN05719,2023-12-02,PRD020,WH003,,Sale,-59,38.69,0
TXN07479,2023-12-02,PRD026,WH002,,Sale,-24,53.79,0
TXN08057,2023-12-02,PRD028,WH001,,Sale,-17,252.86,0
TXN03351,2023-12-03,PRD012,WH001,,Sale,-91,150.55,0
TXN06875,2023-12-03,PRD024,WH001,,Sale,-15,396.73,0
TXN07480,2023-12-03,PRD026,WH002,,Sale,-30,52.36,0
TXN07769,2023-12-03,PRD027,WH002,,Sale,-7,217.57,0
TXN01020,2023-12-04,PRD004,WH003,,Sale,-15,142.71,0
TXN02195,2023-12-04,PRD008,WH002,,Sale,-14,95.36,0
TXN02471,2023-12-04,PRD009,WH002,,Sale,-78,19.42,0
TXN03357,2023-12-04,PRD012,WH003,,Sale,-19,148.81,0
TXN03971,2023-12-04,PRD014,WH003,,Sale,-10,97.39,0
TXN04833,2023-12-04,PRD017,WH003,,Sale,-20,183.21,0
TXN06295,2023-12-04,PRD022,WH001,,Sale,-155,19.73,0
TXN06296,2023-12-04,PRD022,WH002,,Sale,-74,20.41,0
TXN06877,2023-12-04,PRD024,WH001,,Sale,-22,386.41,0
TXN01012,2023-12-05,PRD004,WH002,,Sale,-17,135.93,0
TXN01311,2023-12-05,PRD005,WH002,,Sale,-50,70.74,0
TXN01315,2023-12-05,PRD005,WH003,,Sale,-52,73.08,0
TXN02199,2023-12-05,PRD008,WH003,,Sale,-21,95.93,0
TXN02764,2023-12-05,PRD010,WH002,,Sale,-147,26.22,0
TXN03661,2023-12-05,PRD013,WH002,,Sale,-41,36.69,0
TXN04834,2023-12-05,PRD017,WH003,,Sale,-13,169.59,0
TXN06583,2023-12-05,PRD023,WH003,,Sale,-40,20.94,0
TXN07476,2023-12-05,PRD026,WH001,,Sale,-114,55.0,0
TXN07773,2023-12-05,PRD027,WH003,,Sale,-10,219.6,0
TXN00424,2023-12-06,PRD002,WH003,,Sale,-25,52.09,0
TXN00720,2023-12-06,PRD003,WH002,,Sale,-22,124.08,0
TXN01306,2023-12-06,PRD005,WH001,,Sale,-65,69.75,0
TXN01604,2023-12-06,PRD006,WH001,,Sale,-17,156.28,0
TXN02762,2023-12-06,PRD010,WH001,,Sale,-61,24.15,0
TXN03961,2023-12-06,PRD014,WH001,,Sale,-14,98.24,0
TXN04826,2023-12-06,PRD017,WH001,,Sale,-38,172.82,0
TXN04836,2023-12-06,PRD017,WH003,,Sale,-14,179.6,0
TXN06001,2023-12-06,PRD021,WH002,,Sale,-47,28.4,0
TXN06005,2023-12-06,PRD021,WH003,,Sale,-25,27.23,0
TXN06576,2023-12-06,PRD023,WH001,,Sale,-204,22.51,0
TXN06580,2023-12-06,PRD023,WH002,,Sale,-126,21.2,0
TXN01308,2023-12-07,PRD005,WH001,,Sale,-77,69.45,0
TXN01904,2023-12-07,PRD007,WH003,,Sale,-24,81.27,0
TXN02474,2023-12-07,PRD009,WH002,,Sale,-109,20.81,0
TXN02478,2023-12-07,PRD009,WH003,,Sale,-64,20.74,0
TXN04256,2023-12-07,PRD015,WH002,,Sale,-83,46.08,0
TXN04825,2023-12-07,PRD017,WH001,,Sale,-52,183.43,0
TXN05152,2023-12-07,PRD018,WH003,,Sale,-15,254.51,0
TXN05718,2023-12-07,PRD020,WH002,,Sale,-79,38.21,0
TXN06579,2023-12-07,PRD023,WH002,,Sale,-103,21.27,0
TXN07179,2023-12-07,PRD025,WH003,,Sale,-15,129.19,0
TXN08060,2023-12-07,PRD028,WH002,,Sale,-33,266.59,0
TXN00415,2023-12-08,PRD002,WH001,,Sale,-57,50.27,0
TXN00421,2023-12-08,PRD002,WH002,,Sale,-33,48.68,0
TXN00422,2023-12-08,PRD002,WH002,,Sale,-48,48.62,0
TXN00727,2023-12-08,PRD003,WH003,SUP001,Return,19,68.0,0
TXN01017,2023-12-08,PRD004,WH003,,Sale,-9,146.3,0
TXN02763,2023-12-08,PRD010,WH001,,Sale,-79,24.63,0
TXN03354,2023-12-08,PRD012,WH002,,Sale,-64,137.82,0
TXN03656,2023-12-08,PRD013,WH001,,Sale,-99,34.09,0
TXN03966,2023-12-08,PRD014,WH002,,Sale,-16,98.38,0
TXN04828,2023-12-08,PRD017,WH001,,Sale,-80,183.65,0
TXN05142,2023-12-08,PRD018,WH001,,Sale,-30,237.66,0
TXN05717,2023-12-08,PRD020,WH002,,Sale,-51,38.21,0
TXN08332,2023-12-08,PRD029,WH001,,Sale,-57,116.57,0
TXN00128,2023-12-09,PRD001,WH001,,Sale,-158,27.98,0
TXN00725,2023-12-09,PRD003,WH003,,Sale,-21,131.69,0
TXN01309,2023-12-09,PRD005,WH001,,Sale,-63,72.44,0
TXN01611,2023-12-09,PRD006,WH003,,Sale,-12,151.88,0
TXN01612,2023-12-09,PRD006,WH003,,Sale,-11,148.22,0
TXN02200,2023-12-09,PRD008,WH003,,Sale,-16,99.74,0
TXN02767,2023-12-09,PRD010,WH003,,Sale,-63,24.77,0
TXN03359,2023-12-09,PRD012,WH003,,Sale,-28,148.96,0
TXN03974,2023-12-09,PRD014,WH001,SUP002,Return,9,52.0,0
TXN04525,2023-12-09,PRD016,WH001,,Sale,-28,181.93,0
TXN05436,2023-12-09,PRD019,WH003,,Sale,-77,73.72,0
TXN05996,2023-12-09,PRD021,WH001,,Sale,-69,28.13,0
TXN06000,2023-12-09,PRD021,WH002,,Sale,-33,28.45,0
TXN06578,2023-12-09,PRD023,WH002,,Sale,-73,22.65,0
TXN07481,2023-12-09,PRD026,WH003,,Sale,-39,55.84,0
TXN00724,2023-12-10,PRD003,WH003,,Sale,-21,135.96,0
TXN01015,2023-12-10,PRD004,WH002,,Sale,-20,141.87,0
TXN01314,2023-12-10,PRD005,WH002,,Sale,-59,67.67,0
TXN03053,2023-12-10,PRD011,WH001,,Sale,-50,56.61,0
TXN04527,2023-12-10,PRD016,WH002,,Sale,-13,192.71,0
TXN05153,2023-12-10,PRD018,WH002,SUP004,Return,27,156.0,0
TXN05427,2023-12-10,PRD019,WH001,,Sale,-45,74.93,0
TXN06297,2023-12-10,PRD022,WH002,,Sale,-54,20.18,0
TXN06584,2023-12-10,PRD023,WH003,,Sale,-28,21.94,0
TXN06881,2023-12-10,PRD024,WH002,,Sale,-20,364.65,0
TXN07173,2023-12-10,PRD025,WH002,,Sale,-16,134.02,0
TXN07767,2023-12-10,PRD027,WH002,,Sale,-9,224.34,0
TXN07770,2023-12-10,PRD027,WH002,,Sale,-15,223.24,0
TXN08055,2023-12-10,PRD028,WH001,,Sale,-27,266.34,0
TXN00426,2023-12-11,PRD002,WH003,,Sale,-40,50.58,0
TXN01009,2023-12-11,PRD004,WH001,,Sale,-51,135.01,0
TXN01312,2023-12-11,PRD005,WH002,,Sale,-56,71.97,0
TXN02197,2023-12-11,PRD008,WH002,,Sale,-13,99.38,0
TXN05151,2023-12-11,PRD018,WH003,,Sale,-9,239.27,0
TXN07766,2023-12-11,PRD027,WH002,,Sale,-13,225.02,0
TXN08056,2023-12-11,PRD028,WH001,,Sale,-28,266.18,0
TXN08624,2023-12-11,PRD030,WH003,,Sale,-26,142.08,0
TXN01898,2023-12-12,PRD007,WH001,,Sale,-93,84.41,0
TXN01901,2023-12-12,PRD007,WH002,,Sale,-44,85.53,0
TXN02475,2023-12-12,PRD009,WH003,,Sale,-46,20.9,0
TXN02766,2023-12-12,PRD010,WH003,,Sale,-77,23.85,0
TXN03657,2023-12-12,PRD013,WH001,,Sale,-106,36.18,0
TXN04259,2023-12-12,PRD015,WH003,,Sale,0,46.12,1
TXN06300,2023-12-12,PRD022,WH002,,Sale,-69,20.4,0
TXN07177,2023-12-12,PRD025,WH003,,Sale,-16,138.43,0
TXN07482,2023-12-12,PRD026,WH003,,Sale,-43,54.09,0
TXN08063,2023-12-12,PRD028,WH003,,Sale,-9,255.98,0
TXN08064,2023-12-12,PRD028,WH003,,Sale,-11,257.13,0
TXN08337,2023-12-12,PRD029,WH002,,Sale,-32,122.61,0
TXN00418,2023-12-13,PRD002,WH001,,Sale,-70,48.24,0
TXN01607,2023-12-13,PRD006,WH001,,Sale,-12,148.56,0
TXN03062,2023-12-13,PRD011,WH003,,Sale,-24,56.41,0
TXN03660,2023-12-13,PRD013,WH002,,Sale,-29,34.4,0
TXN03666,2023-12-13,PRD013,WH003,,Sale,-20,36.3,0
TXN04524,2023-12-13,PRD016,WH001,,Sale,-49,192.85,0
TXN05426,2023-12-13,PRD019,WH001,,Sale,-63,74.81,0
TXN05431,2023-12-13,PRD019,WH002,,Sale,-62,75.26,0
TXN05437,2023-12-13,PRD019,WH003,,Sale,-54,76.29,0
TXN06007,2023-12-13,PRD021,WH003,,Sale,-30,28.86,0
TXN07176,2023-12-13,PRD025,WH002,,Sale,-14,132.85,0
TXN01608,2023-12-14,PRD006,WH002,,Sale,-11,150.0,0
TXN01609,2023-12-14,PRD006,WH002,,Sale,-12,154.81,0
TXN01900,2023-12-14,PRD007,WH002,,Sale,-41,86.58,0
TXN02196,2023-12-14,PRD008,WH002,,Sale,-18,94.54,0
TXN03060,2023-12-14,PRD011,WH003,,Sale,-39,57.88,0
TXN03972,2023-12-14,PRD014,WH003,,Sale,-8,95.24,0
TXN04532,2023-12-14,PRD016,WH003,,Sale,-13,181.16,0
TXN04835,2023-12-14,PRD017,WH003,,Sale,-23,171.97,0
TXN05141,2023-12-14,PRD018,WH001,,Sale,-34,260.6,0
TXN05432,2023-12-14,PRD019,WH002,,Sale,-53,74.4,0
TXN06874,2023-12-14,PRD024,WH001,,Sale,-21,396.39,0
TXN06876,2023-12-14,PRD024,WH001,,Sale,-16,373.48,0
TXN07178,2023-12-14,PRD025,WH003,,Sale,-15,139.2,0
TXN07478,2023-12-14,PRD026,WH002,,Sale,-20,54.73,0
TXN01013,2023-12-15,PRD004,WH002,,Sale,-32,143.7,0
TXN03057,2023-12-15,PRD011,WH002,,Sale,-71,60.35,0
TXN03663,2023-12-15,PRD013,WH003,,Sale,-20,34.77,0
TXN05150,2023-12-15,PRD018,WH003,,Sale,-7,240.9,0
TXN05999,2023-12-15,PRD021,WH002,,Sale,-41,28.8,0
TXN08335,2023-12-15,PRD029,WH002,,Sale,-41,124.43,0
TXN03059,2023-12-16,PRD011,WH003,,Sale,-43,59.39,0
TXN03665,2023-12-16,PRD013,WH003,,Sale,-21,36.18,0
TXN03960,2023-12-16,PRD014,WH001,,Sale,-14,103.36,0
TXN04526,2023-12-16,PRD016,WH002,,Sale,-10,177.96,0
TXN07768,2023-12-16,PRD027,WH002,,Sale,-12,222.72,0
TXN08620,2023-12-16,PRD030,WH001,,Sale,-79,140.79,0
TXN00127,2023-12-17,PRD001,WH001,,Sale,-126,28.21,0
TXN01011,2023-12-17,PRD004,WH001,,Sale,-26,146.81,0
TXN01907,2023-12-17,PRD007,WH003,,Sale,-21,83.65,0
TXN02198,2023-12-17,PRD008,WH002,,Sale,-27,99.48,0
TXN03959,2023-12-17,PRD014,WH001,,Sale,-19,98.24,0
TXN04531,2023-12-17,PRD016,WH003,,Sale,-24,190.03,0
TXN05433,2023-12-17,PRD019,WH002,,Sale,-45,78.27,0
TXN05716,2023-12-17,PRD020,WH002,,Sale,-48,38.17,0
TXN06581,2023-12-17,PRD023,WH003,,Sale,-44,21.94,0
TXN06879,2023-12-17,PRD024,WH002,,Sale,-19,369.98,0
TXN06883,2023-12-17,PRD024,WH003,,Sale,-15,368.48,0
TXN07764,2023-12-17,PRD027,WH001,,Sale,-27,227.5,0
TXN08334,2023-12-17,PRD029,WH001,,Sale,-72,123.98,0
TXN00133,2023-12-18,PRD001,WH003,,Sale,-72,28.09,0
TXN00722,2023-12-18,PRD003,WH002,,Sale,-26,133.9,0
TXN00726,2023-12-18,PRD003,WH003,,Sale,-23,129.12,0
TXN01019,2023-12-18,PRD004,WH003,,Sale,-8,133.06,0
TXN01903,2023-12-18,PRD007,WH003,,Sale,-17,83.75,0
TXN02472,2023-12-18,PRD009,WH002,,Sale,-87,20.4,0
TXN02476,2023-12-18,PRD009,WH003,,Sale,-63,19.27,0
TXN02768,2023-12-18,PRD010,WH003,,Sale,-44,24.07,0
TXN03056,2023-12-18,PRD011,WH001,,Sale,-120,60.39,0
TXN03356,2023-12-18,PRD012,WH003,,Sale,-26,143.21,0
TXN04528,2023-12-18,PRD016,WH002,,Sale,-14,179.7,0
TXN04831,2023-12-18,PRD017,WH002,,Sale,-27,176.21,0
TXN05430,2023-12-18,PRD019,WH001,,Sale,-52,76.98,0
TXN05434,2023-12-18,PRD019,WH002,,Sale,-75,75.54,0
TXN05712,2023-12-18,PRD020,WH001,,Sale,-90,36.8,0
TXN06299,2023-12-18,PRD022,WH002,,Sale,-67,19.42,0
TXN07170,2023-12-18,PRD025,WH001,,Sale,-28,130.17,0
TXN07477,2023-12-18,PRD026,WH002,,Sale,-32,53.05,0
TXN08340,2023-12-18,PRD029,WH003,,Sale,-34,116.92,0
TXN08623,2023-12-18,PRD030,WH002,,Sale,-108,138.61,0
TXN00131,2023-12-19,PRD001,WH002,,Sale,-49,28.05,0
TXN01605,2023-12-19,PRD006,WH001,,Sale,-16,157.24,0
TXN02473,2023-12-19,PRD009,WH002,,Sale,-53,19.06,0
TXN03963,2023-12-19,PRD014,WH001,,Sale,-14,102.14,0
TXN03965,2023-12-19,PRD014,WH002,,Sale,-10,97.35,0
TXN03973,2023-12-19,PRD014,WH003,,Sale,-9,97.26,0
TXN05144,2023-12-19,PRD018,WH001,,Sale,-28,256.33,0
TXN05435,2023-12-19,PRD019,WH002,,Sale,-54,73.57,0
TXN05720,2023-12-19,PRD020,WH003,,Sale,-47,39.37,0
TXN08336,2023-12-19,PRD029,WH002,,Sale,-51,124.96,0
TXN00719,2023-12-20,PRD003,WH002,,Sale,-17,132.56,0
TXN00723,2023-12-20,PRD003,WH002,,Sale,-28,126.67,0
TXN01313,2023-12-20,PRD005,WH002,,Sale,-79,70.61,0
TXN01906,2023-12-20,PRD007,WH003,,Sale,-15,85.71,0
TXN02477,2023-12-20,PRD009,WH003,,Sale,-56,19.98,0
TXN03061,2023-12-20,PRD011,WH003,,Sale,-21,55.34,0
TXN03655,2023-12-20,PRD013,WH001,,Sale,-62,35.36,0
TXN03659,2023-12-20,PRD013,WH002,,Sale,-44,34.22,0
TXN05148,2023-12-20,PRD018,WH003,,Sale,-15,246.57,0
TXN05995,2023-12-20,PRD021,WH001,,Sale,-39,27.77,0
TXN06301,2023-12-20,PRD022,WH003,,Sale,-79,19.37,0
TXN06582,2023-12-20,PRD023,WH003,,Sale,-39,21.02,0
TXN08338,2023-12-20,PRD029,WH003,,Sale,-25,123.74,0
TXN00126,2023-12-21,PRD001,WH001,,Sale,-146,26.8,0
TXN00129,2023-12-21,PRD001,WH002,,Sale,-92,29.01,0
TXN00130,2023-12-21,PRD001,WH002,,Sale,-97,27.79,0
TXN01014,2023-12-21,PRD004,WH002,,Sale,-26,143.92,0
TXN01018,2023-12-21,PRD004,WH003,,Sale,-14,144.67,0
TXN01897,2023-12-21,PRD007,WH001,,Sale,-100,83.33,0
TXN02759,2023-12-21,PRD010,WH001,,Sale,-44,25.93,0
TXN02765,2023-12-21,PRD010,WH002,,Sale,-136,25.94,0
TXN03054,2023-12-21,PRD011,WH001,,Sale,-69,55.44,0
TXN03058,2023-12-21,PRD011,WH002,,Sale,-137,59.78,0
TXN03664,2023-12-21,PRD013,WH003,,Sale,-17,36.14,0
TXN03967,2023-12-21,PRD014,WH002,,Sale,-12,95.7,0
TXN04832,2023-12-21,PRD017,WH002,,Sale,-34,178.4,0
TXN05998,2023-12-21,PRD021,WH002,,Sale,-49,27.6,0
TXN06880,2023-12-21,PRD024,WH002,,Sale,-21,381.76,0
TXN07171,2023-12-21,PRD025,WH001,,Sale,-31,137.71,0
TXN07175,2023-12-21,PRD025,WH002,,Sale,-24,130.98,0
TXN08061,2023-12-21,PRD028,WH003,,Sale,-11,267.03,0
TXN00718,2023-12-22,PRD003,WH001,,Sale,-46,126.19,0
TXN02194,2023-12-22,PRD008,WH001,,Sale,-33,99.45,0
TXN02467,2023-12-22,PRD009,WH001,,Sale,-245,20.71,0
TXN02760,2023-12-22,PRD010,WH001,,Sale,-70,25.7,0
TXN04529,2023-12-22,PRD016,WH002,,Sale,-9,182.15,0
TXN05143,2023-12-22,PRD018,WH001,,Sale,-18,246.29,0
TXN05146,2023-12-22,PRD018,WH002,,Sale,-76,240.23,0
TXN05994,2023-12-22,PRD021,WH001,,Sale,-70,27.19,0
TXN06006,2023-12-22,PRD021,WH003,,Sale,-29,27.41,0
TXN06577,2023-12-22,PRD023,WH001,,Sale,-165,21.87,0
TXN06878,2023-12-22,PRD024,WH001,,Sale,-12,364.85,0
TXN08054,2023-12-22,PRD028,WH001,,Sale,-23,252.54,0
TXN08062,2023-12-22,PRD028,WH003,,Sale,-6,264.26,0
TXN00419,2023-12-23,PRD002,WH002,,Sale,-45,49.76,0
TXN00425,2023-12-23,PRD002,WH003,,Sale,-34,48.19,0
TXN02469,2023-12-23,PRD009,WH001,,Sale,-133,20.35,0
TXN03055,2023-12-23,PRD011,WH001,,Sale,-67,59.36,0
TXN03360,2023-12-23,PRD012,WH003,,Sale,-22,147.53,0
TXN04254,2023-12-23,PRD015,WH001,,Sale,-78,47.36,0
TXN04255,2023-12-23,PRD015,WH001,,Sale,-111,48.96,0
TXN04827,2023-12-23,PRD017,WH001,,Sale,-38,176.6,0
TXN05710,2023-12-23,PRD020,WH001,,Sale,-74,39.38,0
TXN06294,2023-12-23,PRD022,WH001,,Sale,-259,20.12,0
TXN00416,2023-12-24,PRD002,WH001,,Sale,-44,50.08,0
TXN01307,2023-12-24,PRD005,WH001,,Sale,-91,67.67,0
TXN01610,2023-12-24,PRD006,WH002,,Sale,-21,146.73,0
TXN03658,2023-12-24,PRD013,WH002,,Sale,-40,35.94,0
TXN04837,2023-12-24,PRD017,WH003,,Sale,-13,166.72,0
TXN05149,2023-12-24,PRD018,WH003,,Sale,-14,257.35,0
TXN05713,2023-12-24,PRD020,WH001,,Sale,-77,38.0,0
TXN06302,2023-12-24,PRD022,WH003,,Sale,-117,19.95,0
TXN07174,2023-12-24,PRD025,WH002,,Sale,-20,131.06,0
TXN07772,2023-12-24,PRD027,WH003,,Sale,-15,213.26,0
TXN08339,2023-12-24,PRD029,WH003,,Sale,-41,120.31,0
TXN00437,2023-12-27,PRD002,WH002,,Sale,-48,49.45,0
TXN01027,2023-12-27,PRD004,WH002,,Sale,-17,141.26,0
TXN01031,2023-12-27,PRD004,WH003,,Sale,-32,133.68,0
TXN01621,2023-12-27,PRD006,WH002,,Sale,-8,151.17,0
TXN01624,2023-12-27,PRD006,WH003,SUP002,Purchase,44,95.52,0
TXN01911,2023-12-27,PRD007,WH001,,Sale,-48,85.33,0
TXN02210,2023-12-27,PRD008,WH003,,Sale,-14,96.64,0
TXN03071,2023-12-27,PRD011,WH002,,Sale,-34,56.42,0
TXN03372,2023-12-27,PRD012,WH003,,Sale,-20,140.08,0
TXN04533,2023-12-27,PRD016,WH001,SUP002,Purchase,179,120.83,0
TXN04542,2023-12-27,PRD016,WH003,SUP002,Purchase,106,120.19,0
TXN04838,2023-12-27,PRD017,WH001,SUP004,Purchase,492,126.26,0
TXN04849,2023-12-27,PRD017,WH003,SUP004,Purchase,147,126.1,0
TXN06009,2023-12-27,PRD021,WH001,,Sale,-63,27.57,0
TXN06014,2023-12-27,PRD021,WH002,SUP004,Purchase,440,17.45,0
TXN06303,2023-12-27,PRD022,WH001,SUP010,Purchase,853,12.26,0
TXN06311,2023-12-27,PRD022,WH002,,Sale,-50,20.69,0
TXN06319,2023-12-27,PRD022,WH003,,Sale,-60,19.95,0
TXN06885,2023-12-27,PRD024,WH001,SUP006,Purchase,158,279.36,0
TXN07191,2023-12-27,PRD025,WH003,,Sale,0,138.78,1
TXN07490,2023-12-27,PRD026,WH002,,Sale,-94,54.63,0
TXN08068,2023-12-27,PRD028,WH001,,Sale,-30,257.96,0
TXN00736,2023-12-28,PRD003,WH003,SUP001,Purchase,137,83.22,0
TXN02771,2023-12-28,PRD010,WH001,,Sale,-96,25.6,0
TXN03070,2023-12-28,PRD011,WH002,,Sale,-38,56.48,0
TXN03073,2023-12-28,PRD011,WH003,,Sale,-56,55.54,0
TXN03668,2023-12-28,PRD013,WH001,SUP002,Purchase,728,21.33,0
TXN04263,2023-12-28,PRD015,WH001,,Sale,-48,47.49,0
TXN04269,2023-12-28,PRD015,WH002,,Sale,-42,48.42,0
TXN04270,2023-12-28,PRD015,WH003,SUP003,Purchase,174,31.2,0
TXN05438,2023-12-28,PRD019,WH001,SUP007,Purchase,635,56.35,0
TXN05722,2023-12-28,PRD020,WH001,SUP003,Purchase,769,24.11,0
TXN06018,2023-12-28,PRD021,WH002,,Sale,-38,29.36,0
TXN06019,2023-12-28,PRD021,WH002,,Sale,-31,29.4,0
TXN06021,2023-12-28,PRD021,WH003,,Sale,-62,29.23,0
TXN06315,2023-12-28,PRD022,WH003,SUP010,Purchase,543,12.04,0
TXN06317,2023-12-28,PRD022,WH003,,Sale,-34,20.53,0
TXN07193,2023-12-28,PRD025,WH003,,Sale,-10,135.0,0
TXN07774,2023-12-28,PRD027,WH001,SUP009,Purchase,157,153.04,0
TXN07783,2023-12-28,PRD027,WH003,,Sale,-7,227.04,0
TXN08633,2023-12-28,PRD030,WH002,,Sale,-50,135.08,0
TXN00439,2023-12-29,PRD002,WH003,,Sale,-29,49.22,0
TXN01318,2023-12-29,PRD005,WH001,,Sale,-172,67.23,0
TXN01319,2023-12-29,PRD005,WH001,,Sale,-180,71.08,0
TXN01325,2023-12-29,PRD005,WH003,SUP002,Purchase,344,46.69,0
TXN01615,2023-12-29,PRD006,WH001,,Sale,-12,152.23,0
TXN02209,2023-12-29,PRD008,WH003,SUP003,Purchase,115,60.7,0
TXN02482,2023-12-29,PRD009,WH001,,Sale,-86,19.68,0
TXN02488,2023-12-29,PRD009,WH003,SUP005,Purchase,661,12.02,0
TXN03370,2023-12-29,PRD012,WH003,,Sale,-18,142.77,0
TXN03981,2023-12-29,PRD014,WH002,SUP002,Purchase,168,64.47,0
TXN04537,2023-12-29,PRD016,WH001,,Sale,-14,180.47,0
TXN04844,2023-12-29,PRD017,WH002,SUP004,Purchase,321,126.12,0
TXN05446,2023-12-29,PRD019,WH003,,Sale,-36,74.4,0
TXN05733,2023-12-29,PRD020,WH003,,Sale,-33,39.42,0
TXN06893,2023-12-29,PRD024,WH003,SUP006,Purchase,92,285.57,0
TXN08070,2023-12-29,PRD028,WH002,,Sale,-24,270.34,0
TXN08072,2023-12-29,PRD028,WH003,SUP006,Purchase,104,191.5,0
TXN08347,2023-12-29,PRD029,WH003,SUP008,Purchase,197,77.56,0
TXN08628,2023-12-29,PRD030,WH001,,Sale,-31,142.38,0
TXN08629,2023-12-29,PRD030,WH001,,Sale,-33,134.28,0
TXN00728,2023-12-30,PRD003,WH001,SUP001,Purchase,356,83.0,0
TXN01613,2023-12-30,PRD006,WH001,SUP002,Purchase,127,95.42,0
TXN02202,2023-12-30,PRD008,WH001,,Sale,-39,98.14,0
TXN02773,2023-12-30,PRD010,WH001,,Sale,-58,24.48,0
TXN03063,2023-12-30,PRD011,WH001,SUP001,Purchase,739,36.55,0
TXN03068,2023-12-30,PRD011,WH002,,Sale,-34,60.3,0
TXN03985,2023-12-30,PRD014,WH003,SUP002,Purchase,84,64.1,0
TXN04273,2023-12-30,PRD015,WH003,,Sale,-33,50.06,0
TXN04845,2023-12-30,PRD017,WH002,,Sale,-44,172.24,0
TXN05725,2023-12-30,PRD020,WH002,SUP003,Purchase,668,25.53,0
TXN06010,2023-12-30,PRD021,WH001,,Sale,-37,29.38,0
TXN06886,2023-12-30,PRD024,WH001,,Sale,-34,371.41,0
TXN07779,2023-12-30,PRD027,WH002,,Sale,-22,214.71,0
TXN08343,2023-12-30,PRD029,WH001,,Sale,-90,124.73,0
TXN08635,2023-12-30,PRD030,WH003,SUP008,Purchase,199,96.55,0
TXN00433,2023-12-31,PRD002,WH002,SUP001,Purchase,559,31.82,0
TXN01021,2023-12-31,PRD004,WH001,SUP002,Purchase,284,87.6,0
TXN01320,2023-12-31,PRD005,WH002,SUP002,Purchase,701,44.03,0
TXN01617,2023-12-31,PRD006,WH001,,Sale,-28,143.77,0
TXN01918,2023-12-31,PRD007,WH003,SUP002,Purchase,179,54.4,0
TXN02201,2023-12-31,PRD008,WH001,SUP003,Purchase,252,57.82,0
TXN04260,2023-12-31,PRD015,WH001,SUP003,Purchase,492,29.13,0
TXN04268,2023-12-31,PRD015,WH002,,Sale,-43,48.98,0
TXN05159,2023-12-31,PRD018,WH002,SUP004,Purchase,239,191.55,0
TXN05442,2023-12-31,PRD019,WH002,SUP007,Purchase,676,57.91,0
TXN05729,2023-12-31,PRD020,WH003,SUP003,Purchase,349,25.4,0
TXN06896,2023-12-31,PRD024,WH003,,Sale,-10,389.43,0
TXN07184,2023-12-31,PRD025,WH001,,Sale,-27,140.21,0
TXN07781,2023-12-31,PRD027,WH003,SUP009,Purchase,67,149.29,0
TXN08627,2023-12-31,PRD030,WH001,,Sale,-34,142.07,0
TXN00135,2024-01-01,PRD001,WH001,,Sale,-81,28.68,0
TXN00140,2024-01-01,PRD001,WH002,SUP001,Purchase,595,18.57,0
TXN01024,2024-01-01,PRD004,WH002,SUP002,Purchase,293,93.57,0
TXN01908,2024-01-01,PRD007,WH001,SUP002,Purchase,451,53.05,0
TXN02479,2024-01-01,PRD009,WH001,SUP005,Purchase,1361,11.88,0
TXN02769,2024-01-01,PRD010,WH001,SUP005,Purchase,1059,14.5,0
TXN03074,2024-01-01,PRD011,WH003,,Sale,-60,56.74,0
TXN03361,2024-01-01,PRD012,WH001,SUP001,Purchase,549,94.91,0
TXN03678,2024-01-01,PRD013,WH003,SUP002,Purchase,288,22.83,0
TXN03975,2024-01-01,PRD014,WH001,SUP002,Purchase,176,64.08,0
TXN04264,2024-01-01,PRD015,WH001,,Sale,-37,48.94,0
TXN04534,2024-01-01,PRD016,WH001,,Sale,-17,193.17,0
TXN05165,2024-01-01,PRD018,WH003,SUP004,Purchase,128,187.91,0
TXN06011,2024-01-01,PRD021,WH001,,Sale,-43,28.88,0
TXN06308,2024-01-01,PRD022,WH001,,Sale,-102,20.39,0
TXN06318,2024-01-01,PRD022,WH003,,Sale,-42,20.16,0
TXN06586,2024-01-01,PRD023,WH001,,Sale,-201,20.93,0
TXN06588,2024-01-01,PRD023,WH002,SUP006,Purchase,822,14.15,0
TXN07180,2024-01-01,PRD025,WH001,SUP006,Purchase,185,92.16,0
TXN07186,2024-01-01,PRD025,WH002,,Sale,-29,141.08,0
TXN07485,2024-01-01,PRD026,WH001,,Sale,-27,57.36,0
TXN07492,2024-01-01,PRD026,WH003,SUP010,Purchase,214,34.74,0
TXN07495,2024-01-01,PRD026,WH003,,Sale,-21,56.35,0
TXN07777,2024-01-01,PRD027,WH002,SUP009,Purchase,127,152.76,0
TXN00143,2024-01-02,PRD001,WH003,SUP001,Purchase,392,17.37,0
TXN00438,2024-01-02,PRD002,WH003,SUP001,Purchase,283,33.23,0
TXN01618,2024-01-02,PRD006,WH002,SUP002,Purchase,107,97.74,0
TXN01912,2024-01-02,PRD007,WH002,SUP002,Purchase,290,55.3,0
TXN01916,2024-01-02,PRD007,WH002,,Sale,-32,83.61,0
TXN01920,2024-01-02,PRD007,WH003,,Sale,-19,83.19,0
TXN02483,2024-01-02,PRD009,WH001,,Sale,-135,20.49,0
TXN02485,2024-01-02,PRD009,WH002,SUP005,Purchase,913,12.07,0
TXN02486,2024-01-02,PRD009,WH002,,Sale,-208,20.69,0
TXN03064,2024-01-02,PRD011,WH001,,Sale,-135,58.2,0
TXN03364,2024-01-02,PRD012,WH002,SUP001,Purchase,443,98.15,0
TXN03365,2024-01-02,PRD012,WH002,,Sale,-42,142.13,0
TXN03674,2024-01-02,PRD013,WH002,,Sale,-51,35.23,0
TXN03984,2024-01-02,PRD014,WH002,,Sale,-19,102.54,0
TXN03988,2024-01-02,PRD014,WH003,,Sale,-10,96.85,0
TXN04266,2024-01-02,PRD015,WH002,SUP003,Purchase,341,29.8,0
TXN04544,2024-01-02,PRD016,WH003,,Sale,-25,191.93,0
TXN05445,2024-01-02,PRD019,WH003,SUP007,Purchase,325,57.06,0
TXN05732,2024-01-02,PRD020,WH003,,Sale,-25,36.57,0
TXN05734,2024-01-02,PRD020,WH003,,Sale,-35,37.01,0
TXN06008,2024-01-02,PRD021,WH001,SUP004,Purchase,575,18.05,0
TXN06012,2024-01-02,PRD021,WH001,,Sale,-55,28.44,0
TXN06585,2024-01-02,PRD023,WH001,SUP006,Purchase,884,13.59,0
TXN06592,2024-01-02,PRD023,WH002,,Sale,-49,23.06,0
TXN06889,2024-01-02,PRD024,WH002,SUP006,Purchase,181,285.19,0
TXN08066,2024-01-02,PRD028,WH001,SUP006,Purchase,201,180.17,0
TXN08341,2024-01-02,PRD029,WH001,SUP008,Purchase,489,80.34,0
TXN08344,2024-01-02,PRD029,WH002,SUP008,Purchase,349,79.62,0
TXN00134,2024-01-03,PRD001,WH001,SUP001,Purchase,974,18.16,0
TXN00429,2024-01-03,PRD002,WH001,,Sale,-48,49.6,0
TXN00731,2024-01-03,PRD003,WH002,SUP001,Purchase,319,85.19,0
TXN01317,2024-01-03,PRD005,WH001,SUP002,Purchase,921,45.17,0
TXN01622,2024-01-03,PRD006,WH002,,Sale,-11,153.18,0
TXN02775,2024-01-03,PRD010,WH002,SUP005,Purchase,578,15.2,0
TXN02780,2024-01-03,PRD010,WH003,SUP005,Purchase,353,14.66,0
TXN03066,2024-01-03,PRD011,WH002,SUP001,Purchase,382,36.64,0
TXN03368,2024-01-03,PRD012,WH003,SUP001,Purchase,261,91.46,0
TXN04272,2024-01-03,PRD015,WH003,,Sale,-27,49.05,0
TXN05450,2024-01-03,PRD019,WH003,,Sale,-28,74.78,0
TXN06016,2024-01-03,PRD021,WH002,,Sale,-42,27.99,0
TXN06020,2024-01-03,PRD021,WH003,SUP004,Purchase,245,18.07,0
TXN07181,2024-01-03,PRD025,WH001,,Sale,-26,128.31,0
TXN07185,2024-01-03,PRD025,WH002,SUP006,Purchase,216,97.02,0
TXN07784,2024-01-03,PRD027,WH003,,Sale,-10,211.77,0
TXN08342,2024-01-03,PRD029,WH001,,Sale,-65,117.28,0
TXN08346,2024-01-03,PRD029,WH002,,Sale,-76,123.9,0
TXN00136,2024-01-04,PRD001,WH001,,Sale,-77,28.7,0
TXN00137,2024-01-04,PRD001,WH001,,Sale,-95,28.0,0
TXN00428,2024-01-04,PRD002,WH001,SUP001,Purchase,721,31.8,0
TXN01030,2024-01-04,PRD004,WH003,SUP002,Purchase,117,90.89,0
TXN02203,2024-01-04,PRD008,WH001,,Sale,-51,98.59,0
TXN02204,2024-01-04,PRD008,WH002,SUP003,Purchase,143,62.2,0
TXN02481,2024-01-04,PRD009,WH001,,Sale,-90,19.23,0
TXN03072,2024-01-04,PRD011,WH003,SUP001,Purchase,323,38.21,0
TXN03672,2024-01-04,PRD013,WH002,SUP002,Purchase,478,21.19,0
TXN03677,2024-01-04,PRD013,WH002,,Sale,-32,34.51,0
TXN03680,2024-01-04,PRD013,WH003,,Sale,-40,35.94,0
TXN04536,2024-01-04,PRD016,WH001,,Sale,-11,181.95,0
TXN04539,2024-01-04,PRD016,WH002,SUP002,Purchase,135,120.35,0
TXN05154,2024-01-04,PRD018,WH001,SUP004,Purchase,407,196.15,0
TXN05169,2024-01-04,PRD018,WH003,,Sale,-22,250.6,0
TXN05448,2024-01-04,PRD019,WH003,,Sale,-37,77.68,0
TXN06309,2024-01-04,PRD022,WH002,SUP010,Purchase,921,12.25,0
TXN06594,2024-01-04,PRD023,WH003,SUP006,Purchase,458,14.23,0
TXN07189,2024-01-04,PRD025,WH003,SUP006,Purchase,125,93.42,0
TXN07483,2024-01-04,PRD026,WH001,SUP010,Purchase,469,35.44,0
TXN07489,2024-01-04,PRD026,WH002,SUP010,Purchase,357,35.34,0
TXN07776,2024-01-04,PRD027,WH001,,Sale,-46,227.85,0
TXN08069,2024-01-04,PRD028,WH002,SUP006,Purchase,189,185.84,0
TXN08075,2024-01-04,PRD028,WH003,,Sale,-15,253.52,0
TXN08626,2024-01-04,PRD030,WH001,SUP008,Purchase,353,95.6,0
TXN08632,2024-01-04,PRD030,WH002,SUP008,Purchase,256,96.8,0
TXN02490,2024-01-05,PRD009,WH003,,Sale,-63,20.67,0
TXN03367,2024-01-05,PRD012,WH002,,Sale,-67,142.26,0
TXN04852,2024-01-05,PRD017,WH003,,Sale,-26,177.15,0
TXN05155,2024-01-05,PRD018,WH001,,Sale,-35,243.18,0
TXN06890,2024-01-05,PRD024,WH002,,Sale,-23,376.13,0
TXN07778,2024-01-05,PRD027,WH002,,Sale,-20,210.62,0
TXN02207,2024-01-06,PRD008,WH002,,Sale,-18,93.5,0
TXN02487,2024-01-06,PRD009,WH002,,Sale,-242,20.54,0
TXN02779,2024-01-06,PRD010,WH002,,Sale,-45,23.91,0
TXN03675,2024-01-06,PRD013,WH002,,Sale,-27,33.6,0
TXN03679,2024-01-06,PRD013,WH003,,Sale,-40,34.85,0
TXN06304,2024-01-06,PRD022,WH001,,Sale,-90,19.44,0
TXN07775,2024-01-06,PRD027,WH001,,Sale,-21,211.67,0
TXN00146,2024-01-07,PRD001,WH003,,Sale,-19,27.44,0
TXN00435,2024-01-07,PRD002,WH002,,Sale,-50,47.84,0
TXN01028,2024-01-07,PRD004,WH002,,Sale,-18,142.96,0
TXN01328,2024-01-07,PRD005,WH003,,Sale,-48,69.87,0
TXN01620,2024-01-07,PRD006,WH002,,Sale,-8,145.89,0
TXN02484,2024-01-07,PRD009,WH001,,Sale,-93,19.25,0
TXN03069,2024-01-07,PRD011,WH002,,Sale,-62,57.14,0
TXN03983,2024-01-07,PRD014,WH002,,Sale,-17,100.11,0
TXN04265,2024-01-07,PRD015,WH001,,Sale,-54,50.17,0
TXN04839,2024-01-07,PRD017,WH001,,Sale,-38,177.0,0
TXN05447,2024-01-07,PRD019,WH003,,Sale,-22,74.45,0
TXN05723,2024-01-07,PRD020,WH001,,Sale,-221,37.27,0
TXN06894,2024-01-07,PRD024,WH003,,Sale,-13,389.52,0
TXN07494,2024-01-07,PRD026,WH003,,Sale,-24,56.83,0
TXN01029,2024-01-08,PRD004,WH002,,Sale,-32,145.27,0
TXN02774,2024-01-08,PRD010,WH001,,Sale,-70,25.88,0
TXN02778,2024-01-08,PRD010,WH002,,Sale,-97,25.67,0
TXN03366,2024-01-08,PRD012,WH002,,Sale,-43,147.23,0
TXN04541,2024-01-08,PRD016,WH002,,Sale,-27,183.68,0
TXN05166,2024-01-08,PRD018,WH003,,Sale,-20,243.04,0
TXN06306,2024-01-08,PRD022,WH001,,Sale,-102,19.94,0
TXN06892,2024-01-08,PRD024,WH002,,Sale,-23,367.99,0
TXN08067,2024-01-08,PRD028,WH001,,Sale,-49,259.96,0
TXN08348,2024-01-08,PRD029,WH003,,Sale,-36,122.37,0
TXN00142,2024-01-09,PRD001,WH002,,Sale,-120,27.74,0
TXN01023,2024-01-09,PRD004,WH001,,Sale,-68,145.43,0
TXN01619,2024-01-09,PRD006,WH002,,Sale,-8,150.78,0
TXN03067,2024-01-09,PRD011,WH002,,Sale,-42,58.29,0
TXN03977,2024-01-09,PRD014,WH001,,Sale,-16,100.5,0
TXN05449,2024-01-09,PRD019,WH003,,Sale,-17,73.08,0
TXN06307,2024-01-09,PRD022,WH001,,Sale,-63,19.41,0
TXN06316,2024-01-09,PRD022,WH003,,Sale,-40,19.78,0
TXN06589,2024-01-09,PRD023,WH002,,Sale,-78,22.5,0
TXN07488,2024-01-09,PRD026,WH001,,Sale,-47,54.21,0
TXN00430,2024-01-10,PRD002,WH001,,Sale,-78,47.81,0
TXN00730,2024-01-10,PRD003,WH001,,Sale,-59,124.98,0
TXN00733,2024-01-10,PRD003,WH002,,Sale,-28,131.53,0
TXN01032,2024-01-10,PRD004,WH003,,Sale,-20,138.32,0
TXN02206,2024-01-10,PRD008,WH002,,Sale,-20,92.84,0
TXN02491,2024-01-10,PRD009,WH003,,Sale,-99,19.29,0
TXN03671,2024-01-10,PRD013,WH001,,Sale,-87,36.23,0
TXN03986,2024-01-10,PRD014,WH003,,Sale,-10,95.29,0
TXN04851,2024-01-10,PRD017,WH003,,Sale,-26,172.7,0
TXN05167,2024-01-10,PRD018,WH003,,Sale,-15,259.81,0
TXN05724,2024-01-10,PRD020,WH001,,Sale,-141,37.83,0
TXN05726,2024-01-10,PRD020,WH002,,Sale,-78,39.42,0
TXN06590,2024-01-10,PRD023,WH002,,Sale,-55,21.49,0
TXN07192,2024-01-10,PRD025,WH003,,Sale,-7,140.5,0
TXN07484,2024-01-10,PRD026,WH001,,Sale,-40,55.68,0
TXN00431,2024-01-11,PRD002,WH001,,Sale,-73,50.48,0
TXN01616,2024-01-11,PRD006,WH001,,Sale,-14,152.37,0
TXN02785,2024-01-11,PRD010,WH003,,Sale,-34,24.28,0
TXN03976,2024-01-11,PRD014,WH001,,Sale,-17,95.24,0
TXN03979,2024-01-11,PRD014,WH001,,Sale,-14,95.07,0
TXN04262,2024-01-11,PRD015,WH001,,Sale,-43,48.51,0
TXN04850,2024-01-11,PRD017,WH003,,Sale,-21,176.13,0
TXN05162,2024-01-11,PRD018,WH002,,Sale,-20,242.55,0
TXN05731,2024-01-11,PRD020,WH003,,Sale,-30,38.04,0
TXN06022,2024-01-11,PRD021,WH003,,Sale,-35,28.88,0
TXN07187,2024-01-11,PRD025,WH002,,Sale,-28,134.4,0
TXN07486,2024-01-11,PRD026,WH001,,Sale,-32,52.93,0
TXN08071,2024-01-11,PRD028,WH002,,Sale,-36,260.02,0
TXN08074,2024-01-11,PRD028,WH003,,Sale,-9,261.31,0
TXN08631,2024-01-11,PRD030,WH001,,Sale,-21,133.71,0
TXN08637,2024-01-11,PRD030,WH003,,Sale,-31,138.1,0
TXN00432,2024-01-12,PRD002,WH001,,Sale,-35,50.38,0
TXN00436,2024-01-12,PRD002,WH002,,Sale,-50,51.43,0
TXN00737,2024-01-12,PRD003,WH003,,Sale,-35,128.55,0
TXN01321,2024-01-12,PRD005,WH002,,Sale,-46,72.37,0
TXN01327,2024-01-12,PRD005,WH003,,Sale,-50,70.98,0
TXN01626,2024-01-12,PRD006,WH003,,Sale,-6,157.25,0
TXN01628,2024-01-12,PRD006,WH003,,Sale,-4,155.85,0
TXN03363,2024-01-12,PRD012,WH001,,Sale,-89,149.69,0
TXN03369,2024-01-12,PRD012,WH003,,Sale,-16,149.85,0
TXN03373,2024-01-12,PRD012,WH003,,Sale,-11,143.32,0
TXN04535,2024-01-12,PRD016,WH001,,Sale,-15,178.49,0
TXN06015,2024-01-12,PRD021,WH002,,Sale,-38,27.79,0
TXN06595,2024-01-12,PRD023,WH003,,Sale,-98,21.84,0
TXN00148,2024-01-13,PRD001,WH003,,Sale,-39,28.84,0
TXN00442,2024-01-13,PRD002,WH003,,Sale,-22,49.19,0
TXN00729,2024-01-13,PRD003,WH001,,Sale,-95,125.93,0
TXN01324,2024-01-13,PRD005,WH002,,Sale,-73,73.04,0
TXN01623,2024-01-13,PRD006,WH002,,Sale,-7,151.15,0
TXN02781,2024-01-13,PRD010,WH003,,Sale,-27,24.14,0
TXN03681,2024-01-13,PRD013,WH003,,Sale,-18,35.95,0
TXN04840,2024-01-13,PRD017,WH001,,Sale,-40,174.91,0
TXN05163,2024-01-13,PRD018,WH002,,Sale,-26,239.57,0
TXN05443,2024-01-13,PRD019,WH002,,Sale,-99,74.73,0
TXN05444,2024-01-13,PRD019,WH002,,Sale,-96,76.24,0
TXN05451,2024-01-13,PRD019,WH003,SUP007,Return,13,46.4,0
TXN07183,2024-01-13,PRD025,WH001,,Sale,-35,140.62,0
TXN08345,2024-01-13,PRD029,WH002,,Sale,-66,121.69,0
TXN00145,2024-01-14,PRD001,WH003,,Sale,-36,27.67,0
TXN00732,2024-01-14,PRD003,WH002,,Sale,-33,124.99,0
TXN00735,2024-01-14,PRD003,WH002,,Sale,-33,124.6,0
TXN00738,2024-01-14,PRD003,WH003,,Sale,-29,128.49,0
TXN01909,2024-01-14,PRD007,WH001,,Sale,-67,81.47,0
TXN01913,2024-01-14,PRD007,WH002,,Sale,-32,80.94,0
TXN01914,2024-01-14,PRD007,WH002,,Sale,-25,84.07,0
TXN01921,2024-01-14,PRD007,WH003,,Sale,-11,84.17,0
TXN01923,2024-01-14,PRD007,WH003,,Sale,-23,81.56,0
TXN03978,2024-01-14,PRD014,WH001,,Sale,-10,95.36,0
TXN03980,2024-01-14,PRD014,WH001,,Sale,-22,103.82,0
TXN04853,2024-01-14,PRD017,WH003,,Sale,-15,178.1,0
TXN05157,2024-01-14,PRD018,WH001,,Sale,-39,251.38,0
TXN05441,2024-01-14,PRD019,WH001,,Sale,-149,76.05,0
TXN06312,2024-01-14,PRD022,WH002,,Sale,-64,19.28,0
TXN06320,2024-01-14,PRD022,WH003,,Sale,-44,20.16,0
TXN06593,2024-01-14,PRD023,WH002,,Sale,-89,22.39,0
TXN08630,2024-01-14,PRD030,WH001,,Sale,-48,145.95,0
TXN08634,2024-01-14,PRD030,WH002,,Sale,-101,139.63,0
TXN02208,2024-01-15,PRD008,WH002,,Sale,-15,93.37,0
TXN02783,2024-01-15,PRD010,WH003,,Sale,-30,25.69,0
TXN03669,2024-01-15,PRD013,WH001,,Sale,-87,34.73,0
TXN04841,2024-01-15,PRD017,WH001,,Sale,-30,177.09,0
TXN05730,2024-01-15,PRD020,WH003,,Sale,-28,36.87,0
TXN06596,2024-01-15,PRD023,WH003,,Sale,-62,22.86,0
TXN06597,2024-01-15,PRD023,WH002,,Adjustment,-7,14.0,0
TXN08349,2024-01-15,PRD029,WH003,,Sale,-47,116.26,0
TXN08638,2024-01-15,PRD030,WH003,,Sale,-20,139.63,0
TXN00138,2024-01-16,PRD001,WH001,,Sale,-72,27.27,0
TXN00440,2024-01-16,PRD002,WH003,,Sale,-37,48.02,0
TXN02205,2024-01-16,PRD008,WH002,,Sale,-24,92.73,0
TXN02782,2024-01-16,PRD010,WH003,,Sale,-28,24.28,0
TXN03371,2024-01-16,PRD012,WH003,,Sale,-21,150.26,0
TXN03987,2024-01-16,PRD014,WH003,,Sale,-10,101.72,0
TXN04261,2024-01-16,PRD015,WH001,,Sale,-35,49.33,0
TXN04847,2024-01-16,PRD017,WH002,,Sale,-43,177.49,0
TXN06591,2024-01-16,PRD023,WH002,,Sale,-70,22.19,0
TXN07190,2024-01-16,PRD025,WH003,,Sale,-11,135.05,0
TXN07491,2024-01-16,PRD026,WH002,,Sale,-58,56.65,0
TXN08073,2024-01-16,PRD028,WH003,,Sale,-16,271.68,0
TXN00434,2024-01-17,PRD002,WH002,,Sale,-45,50.84,0
TXN01322,2024-01-17,PRD005,WH002,,Sale,-46,69.0,0
TXN02770,2024-01-17,PRD010,WH001,,Sale,-61,23.86,0
TXN03065,2024-01-17,PRD011,WH001,,Sale,-117,59.06,0
TXN04267,2024-01-17,PRD015,WH002,,Sale,-69,47.17,0
TXN06305,2024-01-17,PRD022,WH001,,Sale,-104,20.2,0
TXN08636,2024-01-17,PRD030,WH003,,Sale,-15,135.41,0
TXN00139,2024-01-18,PRD001,WH001,,Sale,-68,27.4,0
TXN00141,2024-01-18,PRD001,WH002,,Sale,-104,27.03,0
TXN00144,2024-01-18,PRD001,WH003,,Sale,-35,26.65,0
TXN00734,2024-01-18,PRD003,WH002,,Sale,-38,133.91,0
TXN01625,2024-01-18,PRD006,WH003,,Sale,-5,143.7,0
TXN02211,2024-01-18,PRD008,WH003,,Sale,-25,96.93,0
TXN04848,2024-01-18,PRD017,WH002,,Sale,-22,181.41,0
TXN06313,2024-01-18,PRD022,WH002,,Sale,-68,19.91,0
TXN06587,2024-01-18,PRD023,WH001,,Sale,-159,21.79,0
TXN06888,2024-01-18,PRD024,WH001,,Sale,-26,361.73,0
TXN01022,2024-01-19,PRD004,WH001,,Sale,-51,140.28,0
TXN01026,2024-01-19,PRD004,WH002,,Sale,-16,146.79,0
TXN01326,2024-01-19,PRD005,WH003,,Sale,-46,70.95,0
TXN01922,2024-01-19,PRD007,WH003,,Sale,-14,88.89,0
TXN02777,2024-01-19,PRD010,WH002,,Sale,-50,24.02,0
TXN03670,2024-01-19,PRD013,WH001,,Sale,-70,33.39,0
TXN03982,2024-01-19,PRD014,WH002,,Sale,-29,101.23,0
TXN04538,2024-01-19,PRD016,WH001,,Sale,-11,191.61,0
TXN04842,2024-01-19,PRD017,WH001,,Sale,-45,183.12,0
TXN05160,2024-01-19,PRD018,WH002,,Sale,-25,239.7,0
TXN05161,2024-01-19,PRD018,WH002,,Sale,-28,250.37,0
TXN05164,2024-01-19,PRD018,WH002,,Sale,-41,256.84,0
TXN06017,2024-01-19,PRD021,WH002,,Sale,0,28.4,1
TXN07780,2024-01-19,PRD027,WH002,,Sale,-20,210.05,0
TXN07782,2024-01-19,PRD027,WH003,,Sale,0,217.99,1
TXN00441,2024-01-20,PRD002,WH003,,Sale,-32,49.16,0
TXN01627,2024-01-20,PRD006,WH003,,Sale,-6,146.69,0
TXN01917,2024-01-20,PRD007,WH002,,Sale,-26,86.42,0
TXN03362,2024-01-20,PRD012,WH001,,Sale,-109,141.16,0
TXN03673,2024-01-20,PRD013,WH002,,Sale,-45,34.76,0
TXN04271,2024-01-20,PRD015,WH003,,Sale,-19,47.2,0
TXN04540,2024-01-20,PRD016,WH002,,Sale,-37,190.4,0
TXN04543,2024-01-20,PRD016,WH003,,Sale,-12,191.41,0
TXN06891,2024-01-20,PRD024,WH002,,Sale,-13,372.32,0
TXN07188,2024-01-20,PRD025,WH002,,Sale,-24,129.82,0
TXN01025,2024-01-21,PRD004,WH002,,Sale,-15,138.65,0
TXN01915,2024-01-21,PRD007,WH002,,Sale,-31,84.9,0
TXN01919,2024-01-21,PRD007,WH003,,Sale,-17,81.39,0
TXN02784,2024-01-21,PRD010,WH003,,Sale,-20,24.65,0
TXN03676,2024-01-21,PRD013,WH002,,Sale,-54,33.35,0
TXN03989,2024-01-21,PRD014,WH003,,Sale,-6,96.07,0
TXN05156,2024-01-21,PRD018,WH001,,Sale,-45,251.69,0
TXN05168,2024-01-21,PRD018,WH003,,Sale,-16,257.27,0
TXN05440,2024-01-21,PRD019,WH001,,Sale,-95,74.09,0
TXN05728,2024-01-21,PRD020,WH002,,Sale,-74,39.31,0
TXN06013,2024-01-21,PRD021,WH001,,Sale,-55,28.63,0
TXN06310,2024-01-21,PRD022,WH002,,Sale,-72,20.99,0
TXN00147,2024-01-22,PRD001,WH003,,Sale,-30,27.77,0
TXN02772,2024-01-22,PRD010,WH001,,Sale,-57,25.15,0
TXN02776,2024-01-22,PRD010,WH002,,Sale,-75,24.91,0
TXN05439,2024-01-22,PRD019,WH001,,Sale,-69,71.43,0
TXN06887,2024-01-22,PRD024,WH001,,Sale,-28,379.31,0
TXN06895,2024-01-22,PRD024,WH003,,Sale,-8,368.27,0
TXN07182,2024-01-22,PRD025,WH001,,Sale,-29,130.82,0
TXN07493,2024-01-22,PRD026,WH003,,Sale,-21,52.77,0
TXN01323,2024-01-23,PRD005,WH002,,Sale,-92,69.83,0
TXN01614,2024-01-23,PRD006,WH001,,Sale,-11,152.55,0
TXN01910,2024-01-23,PRD007,WH001,,Sale,-66,83.34,0
TXN02480,2024-01-23,PRD009,WH001,,Sale,-132,19.87,0
TXN02489,2024-01-23,PRD009,WH003,,Sale,-49,19.92,0
TXN04843,2024-01-23,PRD017,WH001,,Sale,-48,176.59,0
TXN04846,2024-01-23,PRD017,WH002,,Sale,-27,169.03,0
TXN05158,2024-01-23,PRD018,WH001,,Sale,-34,247.8,0
TXN05727,2024-01-23,PRD020,WH002,,Sale,-127,38.88,0
TXN06314,2024-01-23,PRD022,WH002,,Sale,-39,20.12,0
TXN07487,2024-01-23,PRD026,WH001,,Sale,-40,54.5,0
TXN00157,2024-01-26,PRD001,WH003,,Sale,-19,28.7,0
TXN00741,2024-01-26,PRD003,WH001,,Sale,-39,129.8,0
TXN01033,2024-01-26,PRD004,WH001,,Sale,-42,137.22,0
TXN01041,2024-01-26,PRD004,WH003,,Sale,-10,133.18,0
TXN01334,2024-01-26,PRD005,WH002,,Sale,-37,70.0,0
TXN02215,2024-01-26,PRD008,WH002,,Sale,-18,91.44,0
TXN02217,2024-01-26,PRD008,WH002,,Sale,-13,97.45,0
TXN03998,2024-01-26,PRD014,WH003,,Sale,-8,103.53,0
TXN04000,2024-01-26,PRD014,WH003,,Sale,-9,98.03,0
TXN04282,2024-01-26,PRD015,WH002,,Sale,-35,49.77,0
TXN04856,2024-01-26,PRD017,WH001,,Sale,-39,168.18,0
TXN08351,2024-01-26,PRD029,WH001,,Sale,-39,115.22,0
TXN08353,2024-01-26,PRD029,WH001,,Sale,-35,124.16,0
TXN00446,2024-01-27,PRD002,WH001,,Sale,-63,49.08,0
TXN00449,2024-01-27,PRD002,WH002,,Sale,-45,51.83,0
TXN00745,2024-01-27,PRD003,WH003,,Sale,-31,127.07,0
TXN01039,2024-01-27,PRD004,WH003,,Sale,-12,140.67,0
TXN01933,2024-01-27,PRD007,WH003,,Sale,-17,85.19,0
TXN03991,2024-01-27,PRD014,WH001,,Sale,-21,101.48,0
TXN04276,2024-01-27,PRD015,WH001,,Sale,-46,49.64,0
TXN04284,2024-01-27,PRD015,WH003,,Sale,-31,49.84,0
TXN04861,2024-01-27,PRD017,WH003,,Sale,-38,175.78,0
TXN05171,2024-01-27,PRD018,WH001,,Sale,-59,256.13,0
TXN05177,2024-01-27,PRD018,WH003,,Sale,-21,248.64,0
TXN06024,2024-01-27,PRD021,WH001,,Sale,-59,28.79,0
TXN06907,2024-01-27,PRD024,WH003,,Sale,-18,389.93,0
TXN08076,2024-01-27,PRD028,WH001,,Sale,-35,274.76,0
TXN08358,2024-01-27,PRD029,WH003,,Sale,-34,117.95,0
TXN08360,2024-01-27,PRD029,WH003,,Sale,-18,122.0,0
TXN01924,2024-01-28,PRD007,WH001,,Sale,-35,86.29,0
TXN02786,2024-01-28,PRD010,WH001,,Sale,-72,24.1,0
TXN02787,2024-01-28,PRD010,WH001,,Sale,-56,24.5,0
TXN03076,2024-01-28,PRD011,WH001,,Sale,-89,55.54,0
TXN03083,2024-01-28,PRD011,WH003,,Sale,-39,56.28,0
TXN03686,2024-01-28,PRD013,WH001,,Sale,-69,35.49,0
TXN04545,2024-01-28,PRD016,WH001,,Sale,0,190.89,1
TXN05739,2024-01-28,PRD020,WH002,,Sale,-52,37.29,0
TXN06329,2024-01-28,PRD022,WH003,,Sale,-35,20.35,0
TXN06898,2024-01-28,PRD024,WH001,,Sale,0,398.75,1
TXN07501,2024-01-28,PRD026,WH002,,Sale,-37,54.59,0
TXN00450,2024-01-29,PRD002,WH002,,Sale,-31,51.5,0
TXN03378,2024-01-29,PRD012,WH001,,Sale,-53,149.14,0
TXN03383,2024-01-29,PRD012,WH002,,Sale,-30,150.33,0
TXN04858,2024-01-29,PRD017,WH001,,Sale,-46,166.93,0
TXN05452,2024-01-29,PRD019,WH001,,Sale,-115,77.87,0
TXN05456,2024-01-29,PRD019,WH002,,Sale,-113,72.46,0
TXN05743,2024-01-29,PRD020,WH003,,Sale,-82,37.45,0
TXN08355,2024-01-29,PRD029,WH002,,Sale,-58,122.69,0
TXN00151,2024-01-30,PRD001,WH001,,Sale,-86,29.35,0
TXN00739,2024-01-30,PRD003,WH001,,Sale,-53,125.93,0
TXN01934,2024-01-30,PRD007,WH003,,Sale,-13,82.79,0
TXN02495,2024-01-30,PRD009,WH002,,Sale,-156,20.66,0
TXN04279,2024-01-30,PRD015,WH002,,Sale,-26,49.52,0
TXN06026,2024-01-30,PRD021,WH001,,Sale,-78,28.73,0
TXN07791,2024-01-30,PRD027,WH002,,Sale,-17,214.4,0
TXN08357,2024-01-30,PRD029,WH002,,Sale,-33,118.35,0
TXN00443,2024-01-31,PRD002,WH001,,Sale,-60,51.56,0
TXN00746,2024-01-31,PRD003,WH003,,Sale,-46,133.65,0
TXN01929,2024-01-31,PRD007,WH002,,Sale,-82,85.65,0
TXN02214,2024-01-31,PRD008,WH002,,Sale,-14,98.22,0
TXN03682,2024-01-31,PRD013,WH001,,Sale,-62,36.21,0
TXN03690,2024-01-31,PRD013,WH002,,Sale,-66,34.38,0
TXN04548,2024-01-31,PRD016,WH001,,Sale,-15,189.95,0
TXN05174,2024-01-31,PRD018,WH002,,Sale,-27,245.45,0
TXN06032,2024-01-31,PRD021,WH003,,Sale,-30,28.58,0
TXN06033,2024-01-31,PRD021,WH003,,Sale,-26,28.16,0
TXN07788,2024-01-31,PRD027,WH001,,Sale,-11,217.09,0
TXN07789,2024-01-31,PRD027,WH002,,Sale,-15,224.77,0
TXN08080,2024-01-31,PRD028,WH002,,Sale,-30,273.62,0
TXN08359,2024-01-31,PRD029,WH003,,Sale,-28,118.67,0
TXN00445,2024-02-01,PRD002,WH001,,Sale,-49,47.72,0
TXN00448,2024-02-01,PRD002,WH002,,Sale,-44,50.0,0
TXN01037,2024-02-01,PRD004,WH002,,Sale,-35,141.53,0
TXN02216,2024-02-01,PRD008,WH002,,Sale,-13,94.47,0
TXN03077,2024-02-01,PRD011,WH001,,Sale,-178,57.97,0
TXN05744,2024-02-01,PRD020,WH003,,Sale,-84,37.21,0
TXN06327,2024-02-01,PRD022,WH003,,Sale,-32,20.44,0
TXN07194,2024-02-01,PRD025,WH001,,Sale,-27,140.24,0
TXN07500,2024-02-01,PRD026,WH002,,Sale,-36,55.79,0
TXN07502,2024-02-01,PRD026,WH002,,Sale,-67,56.62,0
TXN03080,2024-02-02,PRD011,WH002,,Sale,-58,58.16,0
TXN03997,2024-02-02,PRD014,WH003,,Sale,-11,100.0,0
TXN04554,2024-02-02,PRD016,WH003,,Sale,-9,181.37,0
TXN05454,2024-02-02,PRD019,WH001,,Sale,-131,73.66,0
TXN05742,2024-02-02,PRD020,WH002,,Sale,-69,37.93,0
TXN08647,2024-02-02,PRD030,WH003,,Sale,-55,139.42,0
TXN02789,2024-02-03,PRD010,WH001,,Sale,-53,24.21,0
TXN04854,2024-02-03,PRD017,WH001,,Sale,-50,174.64,0
TXN05178,2024-02-03,PRD018,WH003,,Sale,-24,255.12,0
TXN07204,2024-02-03,PRD025,WH003,,Sale,-8,128.47,0
TXN01036,2024-02-04,PRD004,WH002,,Sale,-52,134.6,0
TXN01329,2024-02-04,PRD005,WH001,,Sale,-64,66.57,0
TXN01636,2024-02-04,PRD006,WH003,,Sale,-4,154.63,0
TXN02798,2024-02-04,PRD010,WH002,SUP005,Return,20,12.0,0
TXN03993,2024-02-04,PRD014,WH001,,Sale,-30,95.12,0
TXN04553,2024-02-04,PRD016,WH003,,Sale,-16,189.62,0
TXN05176,2024-02-04,PRD018,WH002,,Sale,-51,247.65,0
TXN07793,2024-02-04,PRD027,WH003,,Sale,-8,223.99,0
TXN08082,2024-02-04,PRD028,WH003,,Sale,-18,271.23,0
TXN08643,2024-02-04,PRD030,WH002,,Sale,-27,134.17,0
TXN08645,2024-02-04,PRD030,WH002,,Sale,-33,133.55,0
TXN00149,2024-02-05,PRD001,WH001,,Sale,-63,28.47,0
TXN01630,2024-02-05,PRD006,WH001,,Sale,-20,150.53,0
TXN01926,2024-02-05,PRD007,WH001,,Sale,-46,82.45,0
TXN03377,2024-02-05,PRD012,WH001,,Sale,-39,149.99,0
TXN03683,2024-02-05,PRD013,WH001,,Sale,-62,34.48,0
TXN04547,2024-02-05,PRD016,WH001,,Sale,-16,193.15,0
TXN06330,2024-02-05,PRD022,WH003,,Sale,-39,19.6,0
TXN06603,2024-02-05,PRD023,WH003,,Sale,-70,21.4,0
TXN00158,2024-02-06,PRD001,WH003,,Sale,-22,27.23,0
TXN00160,2024-02-06,PRD001,WH001,SUP001,Return,5,14.4,0
TXN01038,2024-02-06,PRD004,WH003,,Sale,-19,142.85,0
TXN01632,2024-02-06,PRD006,WH002,,Sale,-19,156.91,0
TXN02213,2024-02-06,PRD008,WH001,,Sale,-38,99.48,0
TXN02793,2024-02-06,PRD010,WH002,,Sale,-72,26.03,0
TXN05453,2024-02-06,PRD019,WH001,,Sale,-126,72.28,0
TXN07195,2024-02-06,PRD025,WH001,,Sale,-42,138.22,0
TXN07200,2024-02-06,PRD025,WH002,,Sale,-13,137.83,0
TXN07205,2024-02-06,PRD025,WH003,,Sale,-11,130.31,0
TXN08644,2024-02-06,PRD030,WH002,,Sale,-32,143.9,0
TXN00152,2024-02-07,PRD001,WH001,,Sale,-92,28.26,0
TXN00154,2024-02-07,PRD001,WH002,,Sale,-93,27.52,0
TXN00155,2024-02-07,PRD001,WH003,,Sale,-35,27.38,0
TXN00447,2024-02-07,PRD002,WH001,,Sale,-81,52.45,0
TXN00451,2024-02-07,PRD002,WH002,,Sale,-35,51.22,0
TXN00452,2024-02-07,PRD002,WH002,,Sale,-48,49.2,0
TXN01337,2024-02-07,PRD005,WH002,,Sale,-55,68.04,0
TXN02222,2024-02-07,PRD008,WH003,,Adjustment,-13,60.0,0
TXN02494,2024-02-07,PRD009,WH002,,Sale,-156,20.0,0
TXN03075,2024-02-07,PRD011,WH001,,Sale,-80,57.88,0
TXN03995,2024-02-07,PRD014,WH002,,Sale,-25,101.02,0
TXN04275,2024-02-07,PRD015,WH001,,Sale,-55,46.52,0
TXN04277,2024-02-07,PRD015,WH001,,Sale,-95,46.5,0
TXN04546,2024-02-07,PRD016,WH001,,Sale,-20,178.6,0
TXN04860,2024-02-07,PRD017,WH002,,Sale,-50,171.08,0
TXN06600,2024-02-07,PRD023,WH001,,Sale,-166,21.12,0
TXN06904,2024-02-07,PRD024,WH002,,Sale,-9,365.08,0
TXN07785,2024-02-07,PRD027,WH001,,Sale,-21,226.92,0
TXN07787,2024-02-07,PRD027,WH001,,Sale,-21,224.15,0
TXN08356,2024-02-07,PRD029,WH002,,Sale,-56,125.45,0
TXN00156,2024-02-08,PRD001,WH003,,Sale,-37,27.31,0
TXN01932,2024-02-08,PRD007,WH003,,Sale,-19,88.69,0
TXN02790,2024-02-08,PRD010,WH001,,Sale,-56,24.61,0
TXN02791,2024-02-08,PRD010,WH002,,Sale,-57,24.95,0
TXN03374,2024-02-08,PRD012,WH001,,Sale,-32,141.5,0
TXN03382,2024-02-08,PRD012,WH002,,Sale,-53,138.45,0
TXN03387,2024-02-08,PRD012,WH003,,Sale,-14,138.0,0
TXN04550,2024-02-08,PRD016,WH002,,Sale,-18,186.33,0
TXN04859,2024-02-08,PRD017,WH002,,Sale,-87,175.94,0
TXN05457,2024-02-08,PRD019,WH003,,Sale,-50,73.5,0
TXN06598,2024-02-08,PRD023,WH001,,Sale,-162,21.55,0
TXN07198,2024-02-08,PRD025,WH002,,Sale,-22,140.87,0
TXN08077,2024-02-08,PRD028,WH001,,Sale,-25,255.24,0
TXN08639,2024-02-08,PRD030,WH001,,Sale,-54,137.5,0
TXN03078,2024-02-09,PRD011,WH002,,Sale,-71,59.24,0
TXN03689,2024-02-09,PRD013,WH002,,Sale,-47,35.0,0
TXN05179,2024-02-09,PRD018,WH003,,Sale,-24,253.0,0
TXN06023,2024-02-09,PRD021,WH001,,Sale,-61,28.73,0
TXN06031,2024-02-09,PRD021,WH003,,Sale,-25,27.55,0
TXN06324,2024-02-09,PRD022,WH002,,Sale,-92,20.48,0
TXN08640,2024-02-09,PRD030,WH001,,Sale,-50,143.47,0
TXN00743,2024-02-10,PRD003,WH002,,Sale,-36,128.9,0
TXN00744,2024-02-10,PRD003,WH002,,Sale,-49,125.67,0
TXN01331,2024-02-10,PRD005,WH001,,Sale,-71,70.25,0
TXN01332,2024-02-10,PRD005,WH001,,Sale,-97,73.13,0
TXN01631,2024-02-10,PRD006,WH002,,Sale,-20,151.11,0
TXN02220,2024-02-10,PRD008,WH003,,Sale,-17,99.44,0
TXN03996,2024-02-10,PRD014,WH002,,Sale,-25,99.8,0
TXN04274,2024-02-10,PRD015,WH001,,Sale,-47,48.75,0
TXN04283,2024-02-10,PRD015,WH003,,Sale,-32,49.8,0
TXN05735,2024-02-10,PRD020,WH001,,Sale,-95,38.02,0
TXN07794,2024-02-10,PRD027,WH003,,Sale,-9,228.95,0
TXN08081,2024-02-10,PRD028,WH003,,Sale,-13,265.92,0
TXN00742,2024-02-11,PRD003,WH002,,Sale,-57,131.99,0
TXN03376,2024-02-11,PRD012,WH001,,Sale,0,143.16,1
TXN03691,2024-02-11,PRD013,WH003,,Sale,-44,35.7,0
TXN05173,2024-02-11,PRD018,WH002,,Sale,-43,242.38,0
TXN05459,2024-02-11,PRD019,WH003,,Sale,-27,75.91,0
TXN07792,2024-02-11,PRD027,WH003,,Sale,-10,216.54,0
TXN01335,2024-02-12,PRD005,WH002,,Sale,-38,69.56,0
TXN01928,2024-02-12,PRD007,WH001,,Sale,-48,82.29,0
TXN03386,2024-02-12,PRD012,WH003,,Sale,-22,141.62,0
TXN05738,2024-02-12,PRD020,WH002,,Sale,-49,37.75,0
TXN06321,2024-02-12,PRD022,WH001,,Sale,-246,20.86,0
TXN06322,2024-02-12,PRD022,WH001,,Sale,-226,19.31,0
TXN06325,2024-02-12,PRD022,WH002,,Sale,-120,19.85,0
TXN06902,2024-02-12,PRD024,WH002,,Sale,-12,369.52,0
TXN07496,2024-02-12,PRD026,WH001,,Sale,-36,55.04,0
TXN01629,2024-02-13,PRD006,WH001,,Sale,-29,147.19,0
TXN01634,2024-02-13,PRD006,WH003,,Sale,-6,146.41,0
TXN01635,2024-02-13,PRD006,WH003,,Sale,-6,145.04,0
TXN03990,2024-02-13,PRD014,WH001,,Sale,0,103.18,1
TXN05172,2024-02-13,PRD018,WH001,,Sale,-55,251.2,0
TXN06028,2024-02-13,PRD021,WH002,,Sale,-95,28.41,0
TXN06897,2024-02-13,PRD024,WH001,,Sale,-16,370.97,0
TXN06906,2024-02-13,PRD024,WH003,,Sale,-19,383.86,0
TXN07199,2024-02-13,PRD025,WH002,,Sale,-19,136.77,0
TXN07499,2024-02-13,PRD026,WH001,,Sale,-57,52.54,0
TXN08350,2024-02-13,PRD029,WH001,,Sale,-29,120.42,0
TXN00740,2024-02-14,PRD003,WH001,,Sale,-64,124.2,0
TXN01633,2024-02-14,PRD006,WH003,,Sale,-4,153.74,0
TXN01927,2024-02-14,PRD007,WH001,,Sale,-38,85.13,0
TXN02795,2024-02-14,PRD010,WH003,,Sale,-51,24.11,0
TXN03375,2024-02-14,PRD012,WH001,,Sale,-50,149.45,0
TXN04285,2024-02-14,PRD015,WH003,,Sale,-33,47.98,0
TXN06326,2024-02-14,PRD022,WH002,,Sale,-86,19.52,0
TXN06331,2024-02-14,PRD022,WH003,,Sale,-70,20.38,0
TXN06903,2024-02-14,PRD024,WH002,,Sale,-9,365.22,0
TXN07197,2024-02-14,PRD025,WH002,,Sale,-13,139.51,0
TXN07202,2024-02-14,PRD025,WH003,,Sale,-6,138.02,0
TXN07505,2024-02-14,PRD026,WH003,,Sale,-14,55.0,0
TXN08648,2024-02-14,PRD030,WH003,,Sale,-35,143.74,0
TXN00159,2024-02-15,PRD001,WH003,,Sale,-28,28.0,0
TXN03388,2024-02-15,PRD012,WH003,,Sale,-17,138.27,0
TXN04552,2024-02-15,PRD016,WH002,,Sale,-21,192.44,0
TXN06025,2024-02-15,PRD021,WH001,,Sale,-43,28.72,0
TXN06029,2024-02-15,PRD021,WH002,,Sale,-155,27.91,0
TXN06030,2024-02-15,PRD021,WH003,,Sale,-41,26.94,0
TXN06602,2024-02-15,PRD023,WH002,,Sale,-132,21.06,0
TXN06899,2024-02-15,PRD024,WH001,,Sale,-12,376.72,0
TXN08078,2024-02-15,PRD028,WH001,,Sale,-33,271.35,0
TXN08352,2024-02-15,PRD029,WH001,,Sale,-32,121.75,0
TXN01034,2024-02-16,PRD004,WH001,,Sale,-39,140.28,0
TXN02499,2024-02-16,PRD009,WH003,,Sale,-98,20.82,0
TXN03379,2024-02-16,PRD012,WH002,,Sale,-32,138.91,0
TXN03384,2024-02-16,PRD012,WH003,,Sale,-23,143.1,0
TXN03385,2024-02-16,PRD012,WH003,,Sale,-17,142.04,0
TXN05741,2024-02-16,PRD020,WH002,,Sale,-61,36.91,0
TXN06027,2024-02-16,PRD021,WH001,,Sale,-61,28.6,0
TXN06328,2024-02-16,PRD022,WH003,,Sale,-45,20.91,0
TXN06901,2024-02-16,PRD024,WH002,,Sale,-10,361.97,0
TXN08079,2024-02-16,PRD028,WH002,,Sale,-31,265.0,0
TXN08084,2024-02-16,PRD028,WH002,SUP006,Return,20,148.0,0
TXN08642,2024-02-16,PRD030,WH001,,Sale,-34,142.49,0
TXN08646,2024-02-16,PRD030,WH002,,Sale,-56,144.91,0
TXN01035,2024-02-17,PRD004,WH001,,Sale,-36,134.92,0
TXN01040,2024-02-17,PRD004,WH003,,Sale,-19,146.06,0
TXN01336,2024-02-17,PRD005,WH002,,Sale,-43,71.66,0
TXN01339,2024-02-17,PRD005,WH003,,Sale,-85,71.29,0
TXN02218,2024-02-17,PRD008,WH002,,Sale,-20,93.65,0
TXN02492,2024-02-17,PRD009,WH001,,Sale,-246,19.25,0
TXN02493,2024-02-17,PRD009,WH001,,Sale,-402,20.15,0
TXN03081,2024-02-17,PRD011,WH002,,Sale,-31,58.24,0
TXN03082,2024-02-17,PRD011,WH003,,Sale,-64,60.61,0
TXN03380,2024-02-17,PRD012,WH002,,Sale,-25,146.31,0
TXN03688,2024-02-17,PRD013,WH002,,Sale,-41,34.95,0
TXN04280,2024-02-17,PRD015,WH002,,Sale,-34,47.63,0
TXN05740,2024-02-17,PRD020,WH002,,Sale,0,37.26,1
TXN06601,2024-02-17,PRD023,WH002,,Sale,-137,22.96,0
TXN06604,2024-02-17,PRD023,WH003,,Sale,-64,21.06,0
TXN06900,2024-02-17,PRD024,WH001,,Sale,-25,372.1,0
TXN07498,2024-02-17,PRD026,WH001,,Sale,-53,56.16,0
TXN07503,2024-02-17,PRD026,WH003,,Sale,-18,53.32,0
TXN08354,2024-02-17,PRD029,WH001,,Sale,-35,116.85,0
TXN00150,2024-02-18,PRD001,WH001,,Sale,-113,27.06,0
TXN00454,2024-02-18,PRD002,WH003,,Sale,-47,49.62,0
TXN02496,2024-02-18,PRD009,WH002,,Sale,-88,20.87,0
TXN02498,2024-02-18,PRD009,WH003,,Sale,-116,19.78,0
TXN02797,2024-02-18,PRD010,WH003,,Sale,-46,25.58,0
TXN03994,2024-02-18,PRD014,WH002,,Sale,-21,98.89,0
TXN05455,2024-02-18,PRD019,WH002,,Sale,-136,71.31,0
TXN06599,2024-02-18,PRD023,WH001,,Sale,-100,21.39,0
TXN00444,2024-02-19,PRD002,WH001,,Sale,0,52.22,1
TXN01330,2024-02-19,PRD005,WH001,,Sale,-80,72.44,0
TXN01338,2024-02-19,PRD005,WH003,,Sale,-57,72.1,0
TXN01935,2024-02-19,PRD007,WH003,,Sale,-19,83.3,0
TXN02221,2024-02-19,PRD008,WH002,SUP003,Return,11,48.0,0
TXN03079,2024-02-19,PRD011,WH002,,Sale,-69,58.3,0
TXN03687,2024-02-19,PRD013,WH002,,Sale,-54,34.59,0
TXN03692,2024-02-19,PRD013,WH003,,Sale,-57,35.21,0
TXN04281,2024-02-19,PRD015,WH002,,Sale,-25,48.32,0
TXN04857,2024-02-19,PRD017,WH001,,Sale,-42,168.32,0
TXN06323,2024-02-19,PRD022,WH002,,Sale,-115,20.61,0
TXN06905,2024-02-19,PRD024,WH002,,Sale,-13,382.71,0
TXN07201,2024-02-19,PRD025,WH002,,Sale,-20,133.63,0
TXN07786,2024-02-19,PRD027,WH001,,Sale,-18,218.11,0
TXN07790,2024-02-19,PRD027,WH002,,Sale,-26,225.81,0
TXN08641,2024-02-19,PRD030,WH001,,Sale,-31,135.34,0
TXN00453,2024-02-20,PRD002,WH003,,Sale,-39,50.1,0
TXN01333,2024-02-20,PRD005,WH002,,Sale,-53,68.55,0
TXN01925,2024-02-20,PRD007,WH001,,Sale,-35,83.3,0
TXN01931,2024-02-20,PRD007,WH003,,Sale,-18,85.97,0
TXN02219,2024-02-20,PRD008,WH003,,Sale,-23,97.07,0
TXN02792,2024-02-20,PRD010,WH002,,Sale,-66,24.15,0
TXN03684,2024-02-20,PRD013,WH001,,Sale,-48,36.18,0
TXN04278,2024-02-20,PRD015,WH002,,Sale,-39,49.0,0
TXN04555,2024-02-20,PRD016,WH003,,Sale,-16,185.51,0
TXN04862,2024-02-20,PRD017,WH003,,Sale,-42,178.97,0
TXN05175,2024-02-20,PRD018,WH002,,Sale,-27,260.19,0
TXN05736,2024-02-20,PRD020,WH001,,Sale,-185,39.57,0
TXN05737,2024-02-20,PRD020,WH001,,Sale,-86,36.76,0
TXN07504,2024-02-20,PRD026,WH003,,Sale,-30,56.86,0
TXN08083,2024-02-20,PRD028,WH003,,Sale,-16,256.75,0
TXN00455,2024-02-21,PRD002,WH003,,Sale,-32,48.4,0
TXN01930,2024-02-21,PRD007,WH002,,Sale,-67,87.06,0
TXN02212,2024-02-21,PRD008,WH001,,Sale,-56,96.63,0
TXN02794,2024-02-21,PRD010,WH002,,Sale,-59,23.77,0
TXN02796,2024-02-21,PRD010,WH003,,Sale,-48,26.1,0
TXN03381,2024-02-21,PRD012,WH002,,Sale,-32,146.66,0
TXN03685,2024-02-21,PRD013,WH001,,Sale,-39,34.32,0
TXN03992,2024-02-21,PRD014,WH001,,Sale,-21,97.52,0
TXN04549,2024-02-21,PRD016,WH002,,Sale,-16,183.7,0
TXN04855,2024-02-21,PRD017,WH001,,Sale,0,180.43,1
TXN07196,2024-02-21,PRD025,WH001,,Sale,-23,137.59,0
TXN07206,2024-02-21,PRD025,WH003,,Sale,-12,132.05,0
TXN07497,2024-02-21,PRD026,WH001,,Sale,-35,57.15,0
TXN00153,2024-02-22,PRD001,WH002,,Sale,-117,27.89,0
TXN02497,2024-02-22,PRD009,WH003,,Sale,-62,20.55,0
TXN02788,2024-02-22,PRD010,WH001,,Sale,-77,24.8,0
TXN03999,2024-02-22,PRD014,WH003,,Sale,-13,95.11,0
TXN04551,2024-02-22,PRD016,WH002,,Sale,-18,184.73,0
TXN05170,2024-02-22,PRD018,WH001,,Sale,-37,244.33,0
TXN05458,2024-02-22,PRD019,WH003,,Sale,-57,73.61,0
TXN07203,2024-02-22,PRD025,WH003,,Sale,-8,131.42,0
TXN00165,2024-02-25,PRD001,WH002,SUP001,Purchase,540,18.62,0
TXN00462,2024-02-25,PRD002,WH002,SUP001,Purchase,549,31.09,0
TXN01048,2024-02-25,PRD004,WH003,SUP002,Purchase,108,86.47,0
TXN01343,2024-02-25,PRD005,WH002,SUP002,Purchase,496,43.75,0
TXN01345,2024-02-25,PRD005,WH002,,Sale,-132,68.13,0
TXN01939,2024-02-25,PRD007,WH001,,Sale,-30,82.84,0
TXN01945,2024-02-25,PRD007,WH003,SUP002,Purchase,214,53.04,0
TXN03087,2024-02-25,PRD011,WH001,,Sale,-81,57.99,0
TXN03397,2024-02-25,PRD012,WH002,,Sale,-38,140.42,0
TXN03703,2024-02-25,PRD013,WH002,,Sale,-33,35.0,0
TXN04001,2024-02-25,PRD014,WH001,SUP002,Purchase,179,64.31,0
TXN04003,2024-02-25,PRD014,WH001,,Sale,-30,97.97,0
TXN04286,2024-02-25,PRD015,WH001,SUP003,Purchase,408,30.65,0
TXN04295,2024-02-25,PRD015,WH003,SUP003,Purchase,192,29.78,0
TXN04560,2024-02-25,PRD016,WH002,SUP002,Purchase,159,120.07,0
TXN04869,2024-02-25,PRD017,WH002,,Sale,-41,166.56,0
TXN05183,2024-02-25,PRD018,WH002,SUP004,Purchase,323,197.59,0
TXN05186,2024-02-25,PRD018,WH003,SUP004,Purchase,133,189.42,0
TXN06034,2024-02-25,PRD021,WH001,SUP004,Purchase,655,17.96,0
TXN06334,2024-02-25,PRD022,WH001,,Sale,-95,19.74,0
TXN06338,2024-02-25,PRD022,WH002,SUP010,Purchase,960,12.19,0
TXN06340,2024-02-25,PRD022,WH002,,Sale,-206,19.77,0
TXN06914,2024-02-25,PRD024,WH002,SUP006,Purchase,158,270.46,0
TXN06919,2024-02-25,PRD024,WH003,SUP006,Purchase,104,272.17,0
TXN07506,2024-02-25,PRD026,WH001,SUP010,Purchase,462,34.47,0
TXN08361,2024-02-25,PRD029,WH001,SUP008,Purchase,365,77.33,0
TXN08366,2024-02-25,PRD029,WH002,SUP008,Purchase,415,77.1,0
TXN08651,2024-02-25,PRD030,WH001,,Sale,-40,144.72,0
TXN00171,2024-02-26,PRD001,WH003,SUP001,Purchase,415,18.01,0
TXN01648,2024-02-26,PRD006,WH003,,Sale,-7,145.01,0
TXN01936,2024-02-26,PRD007,WH001,SUP002,Purchase,566,55.59,0
TXN01944,2024-02-26,PRD007,WH002,,Sale,-65,88.94,0
TXN02231,2024-02-26,PRD008,WH002,,Sale,-20,98.36,0
TXN02233,2024-02-26,PRD008,WH003,,Sale,-8,98.65,0
TXN02509,2024-02-26,PRD009,WH003,SUP005,Purchase,641,12.17,0
TXN02512,2024-02-26,PRD009,WH003,,Sale,-49,19.23,0
TXN03085,2024-02-26,PRD011,WH001,,Sale,-84,60.77,0
TXN03089,2024-02-26,PRD011,WH002,SUP001,Purchase,453,36.66,0
TXN03092,2024-02-26,PRD011,WH002,,Sale,-40,58.93,0
TXN03098,2024-02-26,PRD011,WH003,,Sale,-41,59.78,0
TXN03393,2024-02-26,PRD012,WH002,,Sale,-27,139.88,0
TXN03398,2024-02-26,PRD012,WH003,SUP001,Purchase,269,97.56,0
TXN03693,2024-02-26,PRD013,WH001,SUP002,Purchase,468,21.28,0
TXN04558,2024-02-26,PRD016,WH001,,Sale,-32,177.65,0
TXN04863,2024-02-26,PRD017,WH001,SUP004,Purchase,452,134.93,0
TXN04864,2024-02-26,PRD017,WH001,,Sale,-72,173.4,0
TXN04865,2024-02-26,PRD017,WH001,,Sale,-80,174.33,0
TXN04866,2024-02-26,PRD017,WH002,SUP004,Purchase,290,134.88,0
TXN05182,2024-02-26,PRD018,WH001,,Sale,-71,249.83,0
TXN05465,2024-02-26,PRD019,WH002,SUP007,Purchase,0,57.52,1
TXN06343,2024-02-26,PRD022,WH003,,Sale,-101,19.21,0
TXN06615,2024-02-26,PRD023,WH003,SUP006,Purchase,316,14.55,0
TXN07214,2024-02-26,PRD025,WH002,,Sale,-42,138.31,0
TXN08090,2024-02-26,PRD028,WH002,,Sale,-14,270.89,0
TXN08656,2024-02-26,PRD030,WH002,,Sale,-65,140.22,0
TXN00166,2024-02-27,PRD001,WH002,,Sale,-61,28.26,0
TXN00460,2024-02-27,PRD002,WH001,,Sale,-59,50.86,0
TXN00752,2024-02-27,PRD003,WH002,,Sale,-40,129.21,0
TXN01350,2024-02-27,PRD005,WH003,,Sale,-26,70.3,0
TXN01942,2024-02-27,PRD007,WH002,SUP002,Purchase,290,54.0,0
TXN01946,2024-02-27,PRD007,WH003,,Sale,-37,88.4,0
TXN02236,2024-02-27,PRD008,WH003,,Sale,-7,98.61,0
TXN04563,2024-02-27,PRD016,WH003,SUP002,Purchase,89,119.07,0
TXN05184,2024-02-27,PRD018,WH002,,Sale,-51,262.42,0
TXN05746,2024-02-27,PRD020,WH001,,Sale,-130,39.85,0
TXN06605,2024-02-27,PRD023,WH001,SUP006,Purchase,0,13.59,1
TXN06614,2024-02-27,PRD023,WH002,,Sale,-73,21.75,0
TXN06912,2024-02-27,PRD024,WH001,,Sale,0,388.68,1
TXN06917,2024-02-27,PRD024,WH002,,Sale,-22,390.32,0
TXN07209,2024-02-27,PRD025,WH001,,Sale,-14,138.51,0
TXN07215,2024-02-27,PRD025,WH002,,Sale,-19,133.61,0
TXN07216,2024-02-27,PRD025,WH003,SUP006,Purchase,122,94.38,0
TXN07514,2024-02-27,PRD026,WH003,,Sale,-19,56.83,0
TXN07516,2024-02-27,PRD026,WH003,,Sale,-19,55.71,0
TXN08093,2024-02-27,PRD028,WH003,SUP006,Purchase,73,182.79,0
TXN08658,2024-02-27,PRD030,WH003,SUP008,Purchase,182,93.35,0
TXN00468,2024-02-28,PRD002,WH003,SUP001,Purchase,309,33.18,0
TXN01639,2024-02-28,PRD006,WH001,,Sale,-8,151.56,0
TXN01642,2024-02-28,PRD006,WH002,SUP002,Purchase,115,94.89,0
TXN02503,2024-02-28,PRD009,WH001,,Sale,-163,19.26,0
TXN02511,2024-02-28,PRD009,WH003,,Sale,-82,19.71,0
TXN02802,2024-02-28,PRD010,WH002,SUP005,Purchase,577,14.9,0
TXN03392,2024-02-28,PRD012,WH002,SUP001,Purchase,411,98.18,0
TXN04004,2024-02-28,PRD014,WH001,,Sale,-24,98.02,0
TXN04005,2024-02-28,PRD014,WH002,SUP002,Purchase,148,63.03,0
TXN05180,2024-02-28,PRD018,WH001,SUP004,Purchase,358,196.01,0
TXN05751,2024-02-28,PRD020,WH002,,Sale,-74,36.28,0
TXN06036,2024-02-28,PRD021,WH001,,Sale,-75,27.79,0
TXN06043,2024-02-28,PRD021,WH002,,Sale,-49,29.12,0
TXN06923,2024-02-28,PRD024,WH003,,Sale,-5,397.28,0
TXN07805,2024-02-28,PRD027,WH003,,Sale,-8,227.46,0
TXN00174,2024-02-29,PRD001,WH003,,Sale,-29,27.82,0
TXN00456,2024-02-29,PRD002,WH001,SUP001,Purchase,592,31.5,0
TXN01045,2024-02-29,PRD004,WH002,SUP002,Purchase,291,89.74,0
TXN01349,2024-02-29,PRD005,WH003,,Sale,-27,66.89,0
TXN01643,2024-02-29,PRD006,WH002,,Sale,-15,151.43,0
TXN02505,2024-02-29,PRD009,WH002,SUP005,Purchase,783,11.96,0
TXN03095,2024-02-29,PRD011,WH003,SUP001,Purchase,264,38.94,0
TXN03390,2024-02-29,PRD012,WH001,,Sale,-88,146.93,0
TXN03702,2024-02-29,PRD013,WH002,,Sale,-55,33.29,0
TXN06341,2024-02-29,PRD022,WH003,SUP010,Purchase,450,12.16,0
TXN06611,2024-02-29,PRD023,WH002,,Sale,-64,21.35,0
TXN06908,2024-02-29,PRD024,WH001,SUP006,Purchase,172,273.63,0
TXN08094,2024-02-29,PRD028,WH003,,Sale,-13,266.32,0
TXN08095,2024-02-29,PRD028,WH003,,Sale,-12,258.06,0
TXN08365,2024-02-29,PRD029,WH001,,Sale,-38,125.37,0
TXN00164,2024-03-01,PRD001,WH001,,Sale,-140,29.3,0
TXN00754,2024-03-01,PRD003,WH003,SUP001,Purchase,143,87.46,0
TXN01937,2024-03-01,PRD007,WH001,,Sale,-32,82.93,0
TXN04006,2024-03-01,PRD014,WH002,,Sale,-49,95.14,0
TXN04561,2024-03-01,PRD016,WH002,,Sale,-29,193.05,0
TXN04871,2024-03-01,PRD017,WH003,SUP004,Purchase,194,129.45,0
TXN05188,2024-03-01,PRD018,WH003,,Sale,-21,253.35,0
TXN05754,2024-03-01,PRD020,WH003,SUP003,Purchase,503,24.33,0
TXN06046,2024-03-01,PRD021,WH003,SUP004,Purchase,268,17.95,0
TXN07207,2024-03-01,PRD025,WH001,SUP006,Purchase,259,92.69,0
TXN07208,2024-03-01,PRD025,WH001,,Sale,-26,129.97,0
TXN07213,2024-03-01,PRD025,WH002,SUP006,Purchase,209,94.95,0
TXN07509,2024-03-01,PRD026,WH002,SUP010,Purchase,319,35.55,0
TXN07513,2024-03-01,PRD026,WH003,SUP010,Purchase,150,35.78,0
TXN07515,2024-03-01,PRD026,WH003,,Sale,-17,54.02,0
TXN00750,2024-03-02,PRD003,WH002,SUP001,Purchase,300,82.3,0
TXN00755,2024-03-02,PRD003,WH003,,Sale,-9,134.08,0
TXN01340,2024-03-02,PRD005,WH001,SUP002,Purchase,872,43.88,0
TXN01645,2024-03-02,PRD006,WH003,SUP002,Purchase,71,93.01,0
TXN02232,2024-03-02,PRD008,WH003,SUP003,Purchase,87,58.92,0
TXN02500,2024-03-02,PRD009,WH001,SUP005,Purchase,1226,12.17,0
TXN02502,2024-03-02,PRD009,WH001,,Sale,-129,20.4,0
TXN02507,2024-03-02,PRD009,WH002,,Sale,-114,20.61,0
TXN02799,2024-03-02,PRD010,WH001,SUP005,Purchase,697,14.72,0
TXN02803,2024-03-02,PRD010,WH002,,Sale,-79,26.13,0
TXN03389,2024-03-02,PRD012,WH001,SUP001,Purchase,548,93.09,0
TXN04289,2024-03-02,PRD015,WH001,,Sale,-57,46.31,0
TXN04872,2024-03-02,PRD017,WH003,,Sale,-16,168.36,0
TXN04873,2024-03-02,PRD017,WH003,,Sale,-11,183.75,0
TXN05460,2024-03-02,PRD019,WH001,SUP007,Purchase,693,57.3,0
TXN05749,2024-03-02,PRD020,WH002,SUP003,Purchase,709,24.52,0
TXN06040,2024-03-02,PRD021,WH002,SUP004,Purchase,569,17.64,0
TXN06332,2024-03-02,PRD022,WH001,SUP010,Purchase,1115,11.95,0
TXN06909,2024-03-02,PRD024,WH001,,Sale,-19,397.37,0
TXN07512,2024-03-02,PRD026,WH002,,Sale,-66,55.57,0
TXN07795,2024-03-02,PRD027,WH001,SUP009,Purchase,170,147.34,0
TXN08371,2024-03-02,PRD029,WH003,,Sale,-16,114.88,0
TXN08649,2024-03-02,PRD030,WH001,SUP008,Purchase,471,96.84,0
TXN08655,2024-03-02,PRD030,WH002,SUP008,Purchase,287,95.12,0
TXN00161,2024-03-03,PRD001,WH001,SUP001,Purchase,751,18.24,0
TXN00167,2024-03-03,PRD001,WH002,,Sale,-63,26.89,0
TXN01042,2024-03-03,PRD004,WH001,SUP002,Purchase,313,87.47,0
TXN01044,2024-03-03,PRD004,WH001,,Sale,-73,139.39,0
TXN01346,2024-03-03,PRD005,WH003,SUP002,Purchase,277,43.98,0
TXN01352,2024-03-03,PRD005,WH003,,Adjustment,4,45.0,0
TXN03698,2024-03-03,PRD013,WH001,,Sale,-31,35.0,0
TXN03701,2024-03-03,PRD013,WH002,,Sale,-37,34.79,0
TXN03704,2024-03-03,PRD013,WH003,SUP002,Purchase,261,22.0,0
TXN04007,2024-03-03,PRD014,WH002,,Sale,-21,99.55,0
TXN04297,2024-03-03,PRD015,WH003,,Sale,-37,50.03,0
TXN04556,2024-03-03,PRD016,WH001,SUP002,Purchase,174,123.48,0
TXN05745,2024-03-03,PRD020,WH001,SUP003,Purchase,1086,25.48,0
TXN06035,2024-03-03,PRD021,WH001,,Sale,-40,27.91,0
TXN06336,2024-03-03,PRD022,WH001,,Sale,-111,20.12,0
TXN06609,2024-03-03,PRD023,WH002,SUP006,Purchase,677,14.28,0
TXN07212,2024-03-03,PRD025,WH001,,Sale,-23,133.94,0
TXN07799,2024-03-03,PRD027,WH002,SUP009,Purchase,99,147.87,0
TXN08088,2024-03-03,PRD028,WH002,SUP006,Purchase,137,178.72,0
TXN00747,2024-03-04,PRD003,WH001,SUP001,Purchase,377,82.37,0
TXN01050,2024-03-04,PRD004,WH003,,Sale,-27,145.3,0
TXN01344,2024-03-04,PRD005,WH002,,Sale,-84,67.38,0
TXN01637,2024-03-04,PRD006,WH001,SUP002,Purchase,102,91.78,0
TXN01638,2024-03-04,PRD006,WH001,,Sale,-13,155.37,0
TXN02223,2024-03-04,PRD008,WH001,SUP003,Purchase,255,59.97,0
TXN02226,2024-03-04,PRD008,WH001,,Sale,-27,99.12,0
TXN02227,2024-03-04,PRD008,WH002,SUP003,Purchase,197,61.1,0
TXN02234,2024-03-04,PRD008,WH003,,Sale,-6,98.97,0
TXN02806,2024-03-04,PRD010,WH003,SUP005,Purchase,460,15.38,0
TXN03084,2024-03-04,PRD011,WH001,SUP001,Purchase,560,37.12,0
TXN03088,2024-03-04,PRD011,WH001,,Sale,-34,58.51,0
TXN03391,2024-03-04,PRD012,WH001,,Sale,-133,142.76,0
TXN03403,2024-03-04,PRD012,WH003,,Sale,-28,148.58,0
TXN03699,2024-03-04,PRD013,WH002,SUP002,Purchase,355,21.39,0
TXN04008,2024-03-04,PRD014,WH003,SUP002,Purchase,114,63.82,0
TXN04291,2024-03-04,PRD015,WH002,SUP003,Purchase,378,29.74,0
TXN04867,2024-03-04,PRD017,WH002,,Sale,-34,174.86,0
TXN04876,2024-03-04,PRD017,WH003,,Sale,-23,180.92,0
TXN05468,2024-03-04,PRD019,WH002,,Sale,-90,77.83,0
TXN05469,2024-03-04,PRD019,WH003,SUP007,Purchase,296,59.2,0
TXN06924,2024-03-04,PRD024,WH003,,Sale,-9,380.07,0
TXN07796,2024-03-04,PRD027,WH001,,Sale,-19,221.64,0
TXN07804,2024-03-04,PRD027,WH003,SUP009,Purchase,76,148.63,0
TXN07807,2024-03-04,PRD027,WH003,,Sale,-10,216.36,0
TXN08085,2024-03-04,PRD028,WH001,SUP006,Purchase,187,180.8,0
TXN08363,2024-03-04,PRD029,WH001,,Sale,-38,123.45,0
TXN08370,2024-03-04,PRD029,WH003,SUP008,Purchase,240,82.26,0
TXN08372,2024-03-04,PRD029,WH003,,Sale,-12,120.35,0
TXN08659,2024-03-04,PRD030,WH003,,Sale,-38,137.63,0
TXN00758,2024-03-05,PRD003,WH003,,Sale,-18,127.26,0
TXN01649,2024-03-05,PRD006,WH003,,Sale,-4,149.64,0
TXN05461,2024-03-05,PRD019,WH001,,Sale,-73,78.54,0
TXN06607,2024-03-05,PRD023,WH001,,Sale,-151,21.28,0
TXN06918,2024-03-05,PRD024,WH002,,Sale,-14,385.93,0
TXN01047,2024-03-06,PRD004,WH002,,Sale,-49,138.96,0
TXN01348,2024-03-06,PRD005,WH003,,Sale,0,67.06,1
TXN02235,2024-03-06,PRD008,WH003,,Sale,-8,90.3,0
TXN03694,2024-03-06,PRD013,WH001,,Sale,-43,35.11,0
TXN05181,2024-03-06,PRD018,WH001,,Sale,-82,260.06,0
TXN05470,2024-03-06,PRD019,WH003,,Sale,-30,75.0,0
TXN05752,2024-03-06,PRD020,WH002,,Sale,-67,37.92,0
TXN06333,2024-03-06,PRD022,WH001,,Sale,-68,20.64,0
TXN08375,2024-03-06,PRD029,WH003,,Sale,-23,122.7,0
TXN00162,2024-03-07,PRD001,WH001,,Sale,-101,27.07,0
TXN00170,2024-03-07,PRD001,WH002,,Sale,-43,28.09,0
TXN00458,2024-03-07,PRD002,WH001,,Sale,-60,50.57,0
TXN00467,2024-03-07,PRD002,WH002,,Sale,-38,49.49,0
TXN00748,2024-03-07,PRD003,WH001,,Sale,-75,130.55,0
TXN01049,2024-03-07,PRD004,WH003,,Sale,-15,140.0,0
TXN01347,2024-03-07,PRD005,WH003,,Sale,-31,69.75,0
TXN01947,2024-03-07,PRD007,WH003,,Sale,-45,86.46,0
TXN02805,2024-03-07,PRD010,WH002,,Sale,-69,23.79,0
TXN03707,2024-03-07,PRD013,WH003,,Sale,0,36.06,1
TXN04002,2024-03-07,PRD014,WH001,,Sale,-39,95.76,0
TXN04287,2024-03-07,PRD015,WH001,,Sale,-63,47.22,0
TXN04870,2024-03-07,PRD017,WH002,,Sale,-30,175.55,0
TXN07211,2024-03-07,PRD025,WH001,,Sale,-22,137.61,0
TXN07217,2024-03-07,PRD025,WH003,,Sale,-17,135.82,0
TXN07798,2024-03-07,PRD027,WH001,,Sale,-15,223.0,0
TXN00469,2024-03-08,PRD002,WH003,,Sale,-64,52.07,0
TXN01938,2024-03-08,PRD007,WH001,,Sale,-41,82.78,0
TXN03090,2024-03-08,PRD011,WH002,,Sale,-51,57.68,0
TXN03091,2024-03-08,PRD011,WH002,,Sale,-33,56.17,0
TXN03695,2024-03-08,PRD013,WH001,,Sale,-54,33.61,0
TXN03706,2024-03-08,PRD013,WH003,,Sale,-33,35.86,0
TXN04010,2024-03-08,PRD014,WH003,,Sale,-18,101.78,0
TXN04564,2024-03-08,PRD016,WH003,,Sale,-8,191.84,0
TXN04868,2024-03-08,PRD017,WH002,,Sale,-27,169.31,0
TXN05187,2024-03-08,PRD018,WH003,,Sale,-17,238.85,0
TXN06915,2024-03-08,PRD024,WH002,,Sale,-13,361.4,0
TXN06920,2024-03-08,PRD024,WH003,,Sale,-9,395.81,0
TXN01941,2024-03-09,PRD007,WH001,,Sale,-44,86.25,0
TXN02230,2024-03-09,PRD008,WH002,,Sale,-14,96.34,0
TXN06339,2024-03-09,PRD022,WH002,,Sale,-177,19.94,0
TXN08374,2024-03-09,PRD029,WH003,,Sale,-13,124.27,0
TXN00457,2024-03-10,PRD002,WH001,,Sale,-46,47.71,0
TXN00465,2024-03-10,PRD002,WH002,,Sale,-31,52.24,0
TXN00751,2024-03-10,PRD003,WH002,,Sale,-49,126.92,0
TXN01940,2024-03-10,PRD007,WH001,,Sale,-51,84.88,0
TXN02807,2024-03-10,PRD010,WH003,,Sale,-92,24.79,0
TXN04296,2024-03-10,PRD015,WH003,,Sale,-54,49.99,0
TXN04562,2024-03-10,PRD016,WH002,,Sale,-44,194.1,0
TXN06042,2024-03-10,PRD021,WH002,,Sale,-37,29.06,0
TXN08373,2024-03-10,PRD029,WH003,,Sale,-15,125.38,0
TXN08653,2024-03-10,PRD030,WH001,,Sale,-41,140.0,0
TXN00172,2024-03-11,PRD001,WH003,,Sale,-32,26.9,0
TXN02506,2024-03-11,PRD009,WH002,,Sale,-138,19.58,0
TXN03402,2024-03-11,PRD012,WH003,,Sale,-19,140.87,0
TXN06041,2024-03-11,PRD021,WH002,,Sale,-46,28.0,0
TXN07511,2024-03-11,PRD026,WH002,,Sale,-31,56.93,0
TXN07797,2024-03-11,PRD027,WH001,,Sale,-28,216.36,0
TXN08091,2024-03-11,PRD028,WH002,,Sale,-22,267.9,0
TXN08092,2024-03-11,PRD028,WH002,,Sale,-25,269.49,0
TXN08652,2024-03-11,PRD030,WH001,,Sale,-29,143.74,0
TXN00461,2024-03-12,PRD002,WH001,,Sale,-33,50.0,0
TXN02501,2024-03-12,PRD009,WH001,,Sale,-135,20.45,0
TXN03395,2024-03-12,PRD012,WH002,,Sale,-21,151.96,0
TXN03400,2024-03-12,PRD012,WH003,,Sale,-19,145.57,0
TXN04568,2024-03-12,PRD016,WH003,,Sale,-6,181.22,0
TXN05185,2024-03-12,PRD018,WH002,,Sale,-83,261.04,0
TXN05755,2024-03-12,PRD020,WH003,,Sale,-86,37.2,0
TXN06037,2024-03-12,PRD021,WH001,,Sale,-56,26.91,0
TXN06335,2024-03-12,PRD022,WH001,,Sale,-129,19.32,0
TXN06610,2024-03-12,PRD023,WH002,,Sale,-52,22.06,0
TXN07508,2024-03-12,PRD026,WH001,,Sale,-62,56.52,0
TXN00757,2024-03-13,PRD003,WH003,,Sale,-11,125.69,0
TXN01650,2024-03-13,PRD006,WH003,,Sale,-8,146.0,0
TXN05753,2024-03-13,PRD020,WH002,,Sale,-63,39.54,0
TXN06612,2024-03-13,PRD023,WH002,,Sale,-48,22.33,0
TXN07510,2024-03-13,PRD026,WH002,,Sale,-58,56.42,0
TXN00464,2024-03-14,PRD002,WH002,,Sale,-35,47.66,0
TXN00756,2024-03-14,PRD003,WH003,,Sale,-15,128.06,0
TXN01646,2024-03-14,PRD006,WH003,,Sale,-4,153.52,0
TXN02225,2024-03-14,PRD008,WH001,,Sale,-25,91.47,0
TXN02504,2024-03-14,PRD009,WH001,,Sale,-178,20.73,0
TXN02801,2024-03-14,PRD010,WH001,,Sale,-147,23.99,0
TXN02804,2024-03-14,PRD010,WH002,,Sale,-134,26.14,0
TXN03399,2024-03-14,PRD012,WH003,,Sale,-26,141.53,0
TXN03705,2024-03-14,PRD013,WH003,,Sale,-43,34.65,0
TXN04011,2024-03-14,PRD014,WH002,SUP002,Return,19,52.0,0
TXN04293,2024-03-14,PRD015,WH002,,Sale,-57,48.23,0
TXN05467,2024-03-14,PRD019,WH002,,Sale,-81,74.63,0
TXN05472,2024-03-14,PRD019,WH003,,Sale,-74,76.27,0
TXN05748,2024-03-14,PRD020,WH001,,Sale,-176,37.08,0
TXN05750,2024-03-14,PRD020,WH002,,Sale,-71,39.1,0
TXN06342,2024-03-14,PRD022,WH003,,Sale,-103,20.73,0
TXN06911,2024-03-14,PRD024,WH001,,Sale,-13,381.73,0
TXN08096,2024-03-14,PRD028,WH003,,Sale,-10,263.67,0
TXN08660,2024-03-14,PRD030,WH003,,Sale,-43,140.81,0
TXN03094,2024-03-15,PRD011,WH002,,Sale,-39,59.48,0
TXN03697,2024-03-15,PRD013,WH001,,Sale,-60,35.25,0
TXN04566,2024-03-15,PRD016,WH003,,Sale,-8,189.55,0
TXN05189,2024-03-15,PRD018,WH003,,Sale,-17,246.77,0
TXN06922,2024-03-15,PRD024,WH003,,Sale,-8,362.5,0
TXN07210,2024-03-15,PRD025,WH001,,Sale,-17,137.75,0
TXN07507,2024-03-15,PRD026,WH001,,Sale,-87,54.21,0
TXN07800,2024-03-15,PRD027,WH002,,Sale,-15,222.83,0
TXN08087,2024-03-15,PRD028,WH001,,Sale,-35,255.82,0
TXN00173,2024-03-16,PRD001,WH003,,Sale,-44,29.1,0
TXN00175,2024-03-16,PRD001,WH003,,Sale,-36,27.36,0
TXN00459,2024-03-16,PRD002,WH001,,Sale,-43,52.4,0
TXN01341,2024-03-16,PRD005,WH001,,Sale,-124,69.69,0
TXN01647,2024-03-16,PRD006,WH003,,Sale,-4,146.47,0
TXN02508,2024-03-16,PRD009,WH002,,Sale,-145,19.02,0
TXN03086,2024-03-16,PRD011,WH001,,Sale,-76,59.53,0
TXN03394,2024-03-16,PRD012,WH002,,Sale,-39,149.53,0
TXN03396,2024-03-16,PRD012,WH002,,Sale,-23,148.61,0
TXN04557,2024-03-16,PRD016,WH001,,Sale,-21,182.67,0
TXN05756,2024-03-16,PRD020,WH003,,Sale,-83,37.22,0
TXN06608,2024-03-16,PRD023,WH001,,Sale,-109,21.26,0
TXN06616,2024-03-16,PRD023,WH003,,Sale,-51,21.71,0
TXN06916,2024-03-16,PRD024,WH002,,Sale,-16,387.99,0
TXN08089,2024-03-16,PRD028,WH002,,Sale,-13,263.95,0
TXN01943,2024-03-17,PRD007,WH002,,Sale,-86,85.43,0
TXN02224,2024-03-17,PRD008,WH001,,Sale,-32,95.98,0
TXN02229,2024-03-17,PRD008,WH002,,Sale,-16,95.57,0
TXN02510,2024-03-17,PRD009,WH003,,Sale,-99,20.68,0
TXN06039,2024-03-17,PRD021,WH001,,Sale,-61,28.27,0
TXN06047,2024-03-17,PRD021,WH003,,Sale,-55,29.03,0
TXN06613,2024-03-17,PRD023,WH002,,Sale,-34,22.0,0
TXN07218,2024-03-17,PRD025,WH003,,Sale,-30,131.78,0
TXN07803,2024-03-17,PRD027,WH002,,Sale,-12,210.42,0
TXN08369,2024-03-17,PRD029,WH002,,Sale,-29,122.24,0
TXN08650,2024-03-17,PRD030,WH001,,Sale,-25,145.61,0
TXN01342,2024-03-18,PRD005,WH001,,Sale,-156,70.86,0
TXN02228,2024-03-18,PRD008,WH002,,Sale,-17,96.69,0
TXN03401,2024-03-18,PRD012,WH003,,Sale,-27,149.33,0
TXN03700,2024-03-18,PRD013,WH002,,Sale,-34,36.69,0
TXN04559,2024-03-18,PRD016,WH001,,Sale,-23,188.59,0
TXN05466,2024-03-18,PRD019,WH002,,Sale,-74,78.34,0
TXN06606,2024-03-18,PRD023,WH001,,Sale,-179,22.91,0
TXN07801,2024-03-18,PRD027,WH002,,Sale,-16,222.7,0
TXN07802,2024-03-18,PRD027,WH002,,Sale,-10,219.06,0
TXN00163,2024-03-19,PRD001,WH001,,Sale,-135,28.61,0
TXN01043,2024-03-19,PRD004,WH001,,Sale,-50,134.42,0
TXN01640,2024-03-19,PRD006,WH001,,Sale,-18,144.77,0
TXN02237,2024-03-19,PRD008,WH003,,Sale,-12,92.39,0
TXN04009,2024-03-19,PRD014,WH003,,Sale,-20,101.92,0
TXN05463,2024-03-19,PRD019,WH001,,Sale,0,72.91,1
TXN05471,2024-03-19,PRD019,WH003,,Sale,-36,74.83,0
TXN06045,2024-03-19,PRD021,WH002,,Sale,0,28.61,1
TXN06617,2024-03-19,PRD023,WH003,,Sale,-57,23.05,0
TXN06921,2024-03-19,PRD024,WH003,,Sale,-10,397.66,0
TXN08097,2024-03-19,PRD028,WH002,SUP006,Return,25,148.0,0
TXN08364,2024-03-19,PRD029,WH001,,Sale,-66,121.48,0
TXN00463,2024-03-20,PRD002,WH002,,Sale,-26,50.73,0
TXN00466,2024-03-20,PRD002,WH002,,Sale,-40,47.88,0
TXN00470,2024-03-20,PRD002,WH003,,Sale,-49,48.8,0
TXN00749,2024-03-20,PRD003,WH001,,Sale,0,132.85,1
TXN00753,2024-03-20,PRD003,WH002,,Sale,-33,134.05,0
TXN03093,2024-03-20,PRD011,WH002,,Sale,-30,57.12,0
TXN04288,2024-03-20,PRD015,WH001,,Sale,-38,49.56,0
TXN04294,2024-03-20,PRD015,WH002,,Sale,-33,47.79,0
TXN04567,2024-03-20,PRD016,WH003,,Sale,-8,193.9,0
TXN04874,2024-03-20,PRD017,WH003,,Sale,-21,169.76,0
TXN06048,2024-03-20,PRD021,WH003,,Sale,-38,26.98,0
TXN06337,2024-03-20,PRD022,WH001,,Sale,-60,19.56,0
TXN00169,2024-03-21,PRD001,WH002,,Sale,-53,29.35,0
TXN01641,2024-03-21,PRD006,WH001,,Sale,-10,145.13,0
TXN03097,2024-03-21,PRD011,WH003,,Sale,-55,59.33,0
TXN04292,2024-03-21,PRD015,WH002,,Sale,-65,45.79,0
TXN05464,2024-03-21,PRD019,WH001,,Sale,-61,71.8,0
TXN06044,2024-03-21,PRD021,WH002,,Sale,-33,27.4,0
TXN06910,2024-03-21,PRD024,WH001,,Sale,-15,364.81,0
TXN07806,2024-03-21,PRD027,WH003,,Sale,-11,222.58,0
TXN08654,2024-03-21,PRD030,WH001,,Sale,-32,138.08,0
TXN01051,2024-03-22,PRD004,WH003,,Sale,-12,137.8,0
TXN01351,2024-03-22,PRD005,WH003,,Sale,-15,68.25,0
TXN01644,2024-03-22,PRD006,WH002,,Sale,-29,149.94,0
TXN02808,2024-03-22,PRD010,WH003,,Sale,-70,25.11,0
TXN03096,2024-03-22,PRD011,WH003,,Sale,-38,58.7,0
TXN03696,2024-03-22,PRD013,WH001,,Sale,-74,36.32,0
TXN04565,2024-03-22,PRD016,WH003,,Sale,-8,185.97,0
TXN04875,2024-03-22,PRD017,WH003,,Sale,-16,180.42,0
TXN05190,2024-03-22,PRD018,WH003,,Sale,-16,260.5,0
TXN05747,2024-03-22,PRD020,WH001,,Sale,-119,37.61,0
TXN06038,2024-03-22,PRD021,WH001,,Sale,-57,27.03,0
TXN07517,2024-03-22,PRD026,WH003,,Sale,-14,53.65,0
TXN08368,2024-03-22,PRD029,WH002,,Sale,-72,120.88,0
TXN08657,2024-03-22,PRD030,WH002,,Sale,-48,144.16,0
TXN00168,2024-03-23,PRD001,WH002,,Sale,-57,28.0,0
TXN00759,2024-03-23,PRD003,WH003,,Sale,-8,130.19,0
TXN01046,2024-03-23,PRD004,WH002,,Sale,-65,137.07,0
TXN02800,2024-03-23,PRD010,WH001,,Sale,-261,24.06,0
TXN04290,2024-03-23,PRD015,WH001,,Sale,-63,49.14,0
TXN05462,2024-03-23,PRD019,WH001,,Sale,-89,78.01,0
TXN06618,2024-03-23,PRD023,WH003,,Sale,-76,23.03,0
TXN06913,2024-03-23,PRD024,WH001,,Sale,-24,377.5,0
TXN08086,2024-03-23,PRD028,WH001,,Sale,-51,258.63,0
TXN08362,2024-03-23,PRD029,WH001,,Sale,-43,121.03,0
TXN08367,2024-03-23,PRD029,WH002,,Sale,-41,117.64,0
TXN01360,2024-03-26,PRD005,WH003,,Sale,-61,67.67,0
TXN01651,2024-03-26,PRD006,WH001,,Sale,-14,146.83,0
TXN01660,2024-03-26,PRD006,WH003,,Sale,-5,154.98,0
TXN03109,2024-03-26,PRD011,WH003,,Sale,-25,57.65,0
TXN03716,2024-03-26,PRD013,WH003,,Sale,-24,35.21,0
TXN04304,2024-03-26,PRD015,WH002,,Sale,-38,48.01,0
TXN04570,2024-03-26,PRD016,WH001,,Sale,-12,190.04,0
TXN05473,2024-03-26,PRD019,WH001,,Sale,-55,78.73,0
TXN06933,2024-03-26,PRD024,WH002,,Sale,-20,398.86,0
TXN06934,2024-03-26,PRD024,WH003,,Sale,-11,367.14,0
TXN07524,2024-03-26,PRD026,WH002,,Sale,0,57.17,1
TXN00760,2024-03-27,PRD003,WH001,,Sale,-70,136.4,0
TXN01955,2024-03-27,PRD007,WH003,,Sale,-39,84.92,0
TXN02242,2024-03-27,PRD008,WH002,,Sale,-18,98.06,0
TXN03717,2024-03-27,PRD013,WH003,,Sale,-18,36.39,0
TXN04298,2024-03-27,PRD015,WH001,,Sale,-51,49.52,0
TXN04575,2024-03-27,PRD016,WH002,,Sale,-22,183.29,0
TXN05762,2024-03-27,PRD020,WH002,,Sale,-110,36.78,0
TXN06346,2024-03-27,PRD022,WH001,,Sale,-146,20.87,0
TXN06623,2024-03-27,PRD023,WH002,,Sale,-106,22.75,0
TXN06926,2024-03-27,PRD024,WH001,,Sale,-15,387.42,0
TXN07526,2024-03-27,PRD026,WH003,,Sale,-20,55.83,0
TXN08668,2024-03-27,PRD030,WH003,,Sale,-18,144.46,0
TXN00473,2024-03-28,PRD002,WH001,,Sale,-78,51.55,0
TXN02238,2024-03-28,PRD008,WH001,,Sale,-24,96.2,0
TXN02245,2024-03-28,PRD008,WH003,,Sale,-21,99.51,0
TXN02517,2024-03-28,PRD009,WH001,,Sale,-146,20.56,0
TXN03719,2024-03-28,PRD013,WH003,,Sale,-20,36.59,0
TXN04012,2024-03-28,PRD014,WH001,,Sale,0,104.59,1
TXN04302,2024-03-28,PRD015,WH002,,Sale,-19,49.45,0
TXN05195,2024-03-28,PRD018,WH002,,Sale,-51,245.49,0
TXN05481,2024-03-28,PRD019,WH003,,Sale,-28,72.36,0
TXN06344,2024-03-28,PRD022,WH001,,Sale,-183,19.66,0
TXN06930,2024-03-28,PRD024,WH002,,Sale,-12,391.05,0
TXN06936,2024-03-28,PRD024,WH003,,Sale,-6,365.53,0
TXN07221,2024-03-28,PRD025,WH001,,Sale,-19,136.35,0
TXN08102,2024-03-28,PRD028,WH001,,Sale,-19,259.23,0
TXN08383,2024-03-28,PRD029,WH003,,Sale,-25,118.97,0
TXN08666,2024-03-28,PRD030,WH003,,Sale,-23,136.4,0
TXN01361,2024-03-29,PRD005,WH003,,Sale,-58,69.27,0
TXN01656,2024-03-29,PRD006,WH002,,Sale,-7,146.33,0
TXN01661,2024-03-29,PRD006,WH003,,Sale,-6,150.38,0
TXN01953,2024-03-29,PRD007,WH003,,Sale,-33,82.24,0
TXN02519,2024-03-29,PRD009,WH002,,Sale,-59,19.98,0
TXN02522,2024-03-29,PRD009,WH002,,Sale,-84,20.59,0
TXN02524,2024-03-29,PRD009,WH003,,Sale,-68,19.65,0
TXN04308,2024-03-29,PRD015,WH003,,Sale,-37,49.71,0
TXN04573,2024-03-29,PRD016,WH001,,Sale,-15,179.17,0
TXN05475,2024-03-29,PRD019,WH001,,Sale,-76,77.7,0
TXN06054,2024-03-29,PRD021,WH002,,Sale,-52,27.29,0
TXN06056,2024-03-29,PRD021,WH003,,Sale,-25,28.95,0
TXN08662,2024-03-29,PRD030,WH001,,Sale,-35,134.27,0
TXN00480,2024-03-30,PRD002,WH003,,Sale,-53,50.56,0
TXN00761,2024-03-30,PRD003,WH001,,Sale,-66,132.62,0
TXN00762,2024-03-30,PRD003,WH001,,Sale,-33,132.75,0
TXN03710,2024-03-30,PRD013,WH001,,Sale,-65,33.59,0
TXN04569,2024-03-30,PRD016,WH001,,Sale,-17,181.86,0
TXN05479,2024-03-30,PRD019,WH002,,Sale,-69,71.53,0
TXN06624,2024-03-30,PRD023,WH002,,Sale,-60,21.82,0
TXN06625,2024-03-30,PRD023,WH002,,Sale,-97,20.92,0
TXN06931,2024-03-30,PRD024,WH002,,Sale,-8,390.74,0
TXN07226,2024-03-30,PRD025,WH002,,Sale,-25,128.56,0
TXN08376,2024-03-30,PRD029,WH001,,Sale,-104,124.55,0
TXN01055,2024-03-31,PRD004,WH001,,Sale,-35,134.45,0
TXN02515,2024-03-31,PRD009,WH001,,Sale,-145,20.31,0
TXN04020,2024-03-31,PRD014,WH003,,Sale,-23,98.73,0
TXN05196,2024-03-31,PRD018,WH003,,Sale,-18,260.16,0
TXN07812,2024-03-31,PRD027,WH002,,Sale,-16,210.34,0
TXN00471,2024-04-01,PRD002,WH001,,Sale,-111,48.11,0
TXN00477,2024-04-01,PRD002,WH003,,Sale,-27,51.46,0
TXN01353,2024-04-01,PRD005,WH001,,Sale,-75,69.73,0
TXN01358,2024-04-01,PRD005,WH002,,Sale,-122,69.02,0
TXN03405,2024-04-01,PRD012,WH001,,Sale,-61,138.02,0
TXN04572,2024-04-01,PRD016,WH001,,Sale,-21,193.39,0
TXN06925,2024-04-01,PRD024,WH001,,Sale,-29,373.13,0
TXN07219,2024-04-01,PRD025,WH001,,Sale,-27,131.23,0
TXN07521,2024-04-01,PRD026,WH002,,Sale,-24,56.23,0
TXN07523,2024-04-01,PRD026,WH002,,Sale,-30,56.52,0
TXN08101,2024-04-01,PRD028,WH001,,Sale,-16,273.0,0
TXN08377,2024-04-01,PRD029,WH001,,Sale,-71,123.01,0
TXN08380,2024-04-01,PRD029,WH002,,Sale,-24,118.96,0
TXN00186,2024-04-02,PRD001,WH002,,Adjustment,5,18.0,0
TXN00768,2024-04-02,PRD003,WH003,SUP001,Return,28,68.0,0
TXN01064,2024-04-02,PRD004,WH003,,Sale,-20,139.75,0
TXN02243,2024-04-02,PRD008,WH002,,Sale,-21,99.21,0
TXN03102,2024-04-02,PRD011,WH001,,Sale,-99,55.86,0
TXN04015,2024-04-02,PRD014,WH002,,Sale,-16,101.9,0
TXN06621,2024-04-02,PRD023,WH001,,Sale,-94,23.04,0
TXN08385,2024-04-02,PRD029,WH003,,Sale,-20,123.38,0
TXN00181,2024-04-03,PRD001,WH002,,Sale,-101,27.55,0
TXN01655,2024-04-03,PRD006,WH002,,Sale,-9,147.52,0
TXN03103,2024-04-03,PRD011,WH002,,Sale,-108,55.6,0
TXN03105,2024-04-03,PRD011,WH003,,Sale,-17,58.92,0
TXN03108,2024-04-03,PRD011,WH003,,Sale,-21,60.02,0
TXN03720,2024-04-03,PRD013,WH003,,Sale,-14,36.57,0
TXN04879,2024-04-03,PRD017,WH001,,Sale,-44,173.3,0
TXN04883,2024-04-03,PRD017,WH002,,Sale,-17,166.9,0
TXN04884,2024-04-03,PRD017,WH002,,Sale,-32,176.5,0
TXN04886,2024-04-03,PRD017,WH003,,Sale,-46,176.3,0
TXN05198,2024-04-03,PRD018,WH003,,Sale,-18,248.5,0
TXN06627,2024-04-03,PRD023,WH003,,Sale,-30,21.63,0
TXN07529,2024-04-03,PRD026,WH003,,Sale,-9,57.28,0
TXN07815,2024-04-03,PRD027,WH003,,Sale,-4,212.18,0
TXN08384,2024-04-03,PRD029,WH003,,Sale,-22,114.18,0
TXN00475,2024-04-04,PRD002,WH002,,Sale,-111,51.76,0
TXN03107,2024-04-04,PRD011,WH003,,Sale,-14,58.4,0
TXN03409,2024-04-04,PRD012,WH002,,Sale,-27,148.31,0
TXN05480,2024-04-04,PRD019,WH002,,Sale,-32,73.34,0
TXN07225,2024-04-04,PRD025,WH002,,Sale,-26,137.41,0
TXN07817,2024-04-04,PRD027,WH003,,Sale,-8,225.99,0
TXN08104,2024-04-04,PRD028,WH002,,Sale,-29,270.19,0
TXN00474,2024-04-05,PRD002,WH001,,Sale,-77,50.84,0
TXN01062,2024-04-05,PRD004,WH003,,Sale,-23,140.27,0
TXN01356,2024-04-05,PRD005,WH001,,Sale,-49,67.61,0
TXN03407,2024-04-05,PRD012,WH002,,Sale,-48,139.16,0
TXN05192,2024-04-05,PRD018,WH001,,Sale,-51,257.12,0
TXN05199,2024-04-05,PRD018,WH003,,Sale,-18,238.3,0
TXN05760,2024-04-05,PRD020,WH001,,Sale,-132,38.51,0
TXN07522,2024-04-05,PRD026,WH002,,Sale,-35,53.54,0
TXN00479,2024-04-06,PRD002,WH003,,Sale,-44,49.84,0
TXN01057,2024-04-06,PRD004,WH002,,Sale,-16,141.56,0
TXN01662,2024-04-06,PRD006,WH003,,Sale,-12,145.79,0
TXN02518,2024-04-06,PRD009,WH002,,Sale,-85,19.02,0
TXN02809,2024-04-06,PRD010,WH001,,Sale,-198,24.19,0
TXN03412,2024-04-06,PRD012,WH003,,Sale,-23,149.68,0
TXN04019,2024-04-06,PRD014,WH003,,Sale,-14,99.56,0
TXN05193,2024-04-06,PRD018,WH001,,Sale,-69,259.3,0
TXN05759,2024-04-06,PRD020,WH001,,Sale,-72,39.23,0
TXN06051,2024-04-06,PRD021,WH001,,Sale,-75,28.97,0
TXN06053,2024-04-06,PRD021,WH002,,Sale,-56,26.79,0
TXN06055,2024-04-06,PRD021,WH002,,Sale,-55,28.55,0
TXN06630,2024-04-06,PRD023,WH003,,Sale,-40,21.12,0
TXN01355,2024-04-07,PRD005,WH001,,Sale,-42,71.27,0
TXN01652,2024-04-07,PRD006,WH001,,Sale,-13,152.68,0
TXN02246,2024-04-07,PRD008,WH003,,Sale,-25,93.23,0
TXN02513,2024-04-07,PRD009,WH001,,Sale,-132,19.49,0
TXN02514,2024-04-07,PRD009,WH001,,Sale,-93,19.98,0
TXN03101,2024-04-07,PRD011,WH001,,Sale,-51,57.81,0
TXN06052,2024-04-07,PRD021,WH002,,Sale,-50,28.84,0
TXN06620,2024-04-07,PRD023,WH001,,Sale,-108,21.32,0
TXN07519,2024-04-07,PRD026,WH001,,Sale,0,56.71,1
TXN08107,2024-04-07,PRD028,WH003,,Sale,-11,255.2,0
TXN08378,2024-04-07,PRD029,WH002,,Sale,-24,120.0,0
TXN01060,2024-04-08,PRD004,WH002,,Sale,-11,139.17,0
TXN02811,2024-04-08,PRD010,WH002,,Sale,-85,25.34,0
TXN04574,2024-04-08,PRD016,WH002,,Sale,-15,185.0,0
TXN04577,2024-04-08,PRD016,WH003,,Sale,-7,193.74,0
TXN07224,2024-04-08,PRD025,WH002,,Sale,-32,141.55,0
TXN07228,2024-04-08,PRD025,WH003,,Sale,-13,133.96,0
TXN07810,2024-04-08,PRD027,WH001,,Sale,-14,214.23,0
TXN08382,2024-04-08,PRD029,WH002,,Sale,-35,120.08,0
TXN08667,2024-04-08,PRD030,WH003,,Sale,-22,134.65,0
TXN00178,2024-04-09,PRD001,WH001,,Sale,-65,27.28,0
TXN00472,2024-04-09,PRD002,WH001,,Sale,-93,48.36,0
TXN01657,2024-04-09,PRD006,WH002,,Sale,-9,154.1,0
TXN01954,2024-04-09,PRD007,WH003,,Sale,-57,84.22,0
TXN03099,2024-04-09,PRD011,WH001,,Sale,-94,57.56,0
TXN03406,2024-04-09,PRD012,WH002,,Sale,-31,146.44,0
TXN03410,2024-04-09,PRD012,WH002,,Sale,-51,146.27,0
TXN03715,2024-04-09,PRD013,WH002,,Sale,-34,34.99,0
TXN04578,2024-04-09,PRD016,WH003,,Sale,-5,178.97,0
TXN05474,2024-04-09,PRD019,WH001,,Sale,-85,72.22,0
TXN05485,2024-04-09,PRD019,WH003,,Sale,-50,73.75,0
TXN06345,2024-04-09,PRD022,WH001,,Sale,-131,20.55,0
TXN06347,2024-04-09,PRD022,WH002,,Sale,-99,20.76,0
TXN06937,2024-04-09,PRD024,WH003,,Sale,-13,393.34,0
TXN08103,2024-04-09,PRD028,WH002,,Sale,-33,260.61,0
TXN00180,2024-04-10,PRD001,WH001,,Sale,-75,28.98,0
TXN00478,2024-04-10,PRD002,WH003,,Sale,-32,47.63,0
TXN00763,2024-04-10,PRD003,WH002,,Sale,-48,125.35,0
TXN00767,2024-04-10,PRD003,WH003,,Sale,-26,127.75,0
TXN01056,2024-04-10,PRD004,WH001,,Sale,-25,140.0,0
TXN01059,2024-04-10,PRD004,WH002,,Sale,-20,145.89,0
TXN02239,2024-04-10,PRD008,WH001,,Sale,-21,94.35,0
TXN02241,2024-04-10,PRD008,WH002,,Sale,-16,92.51,0
TXN04018,2024-04-10,PRD014,WH002,,Sale,-14,102.92,0
TXN04882,2024-04-10,PRD017,WH002,,Sale,-21,177.91,0
TXN05476,2024-04-10,PRD019,WH001,,Sale,-70,73.7,0
TXN06058,2024-04-10,PRD021,WH003,,Sale,-23,29.2,0
TXN06929,2024-04-10,PRD024,WH002,,Sale,-9,364.76,0
TXN07227,2024-04-10,PRD025,WH003,,Sale,-16,137.6,0
TXN07818,2024-04-10,PRD027,WH003,,Sale,-7,217.39,0
TXN00183,2024-04-11,PRD001,WH002,,Sale,-93,29.25,0
TXN01354,2024-04-11,PRD005,WH001,,Sale,-62,71.16,0
TXN01659,2024-04-11,PRD006,WH002,,Sale,-9,147.56,0
TXN01948,2024-04-11,PRD007,WH001,,Sale,-77,88.68,0
TXN01950,2024-04-11,PRD007,WH001,,Sale,-84,82.89,0
TXN02520,2024-04-11,PRD009,WH002,,Sale,-90,19.45,0
TXN04300,2024-04-11,PRD015,WH001,,Sale,-37,46.7,0
TXN04580,2024-04-11,PRD016,WH003,,Sale,-10,186.97,0
TXN04877,2024-04-11,PRD017,WH001,,Sale,-55,170.46,0
TXN05761,2024-04-11,PRD020,WH002,,Sale,0,38.92,1
TXN06348,2024-04-11,PRD022,WH002,,Sale,-99,20.26,0
TXN06350,2024-04-11,PRD022,WH003,,Sale,-92,19.33,0
TXN06628,2024-04-11,PRD023,WH003,,Sale,-33,22.98,0
TXN07220,2024-04-11,PRD025,WH001,,Sale,-18,137.89,0
TXN07229,2024-04-11,PRD025,WH003,,Sale,-7,130.17,0
TXN08108,2024-04-11,PRD028,WH003,,Sale,-13,276.28,0
TXN00184,2024-04-12,PRD001,WH003,,Sale,-83,28.72,0
TXN01654,2024-04-12,PRD006,WH001,,Sale,-6,152.06,0
TXN02810,2024-04-12,PRD010,WH001,,Sale,-219,24.84,0
TXN02815,2024-04-12,PRD010,WH003,,Sale,-91,25.0,0
TXN03104,2024-04-12,PRD011,WH002,,Sale,-74,56.82,0
TXN03411,2024-04-12,PRD012,WH003,,Sale,-24,137.93,0
TXN04307,2024-04-12,PRD015,WH003,,Sale,-47,48.77,0
TXN04576,2024-04-12,PRD016,WH002,,Sale,-24,184.5,0
TXN04579,2024-04-12,PRD016,WH003,,Sale,-7,193.2,0
TXN05765,2024-04-12,PRD020,WH003,,Sale,-86,36.81,0
TXN06351,2024-04-12,PRD022,WH003,,Sale,-133,19.35,0
TXN06935,2024-04-12,PRD024,WH003,,Sale,-12,391.51,0
TXN07520,2024-04-12,PRD026,WH001,,Sale,-49,54.42,0
TXN08665,2024-04-12,PRD030,WH002,,Sale,-88,142.36,0
TXN00176,2024-04-13,PRD001,WH001,,Sale,-102,27.35,0
TXN02521,2024-04-13,PRD009,WH002,,Sale,-82,19.96,0
TXN02816,2024-04-13,PRD010,WH003,,Sale,-66,25.76,0
TXN03714,2024-04-13,PRD013,WH002,,Sale,-33,36.18,0
TXN04299,2024-04-13,PRD015,WH001,,Sale,-51,46.82,0
TXN04571,2024-04-13,PRD016,WH001,,Sale,-22,187.2,0
TXN05482,2024-04-13,PRD019,WH003,,Sale,-33,71.66,0
TXN05758,2024-04-13,PRD020,WH001,,Sale,-108,37.51,0
TXN06049,2024-04-13,PRD021,WH001,,Sale,-79,26.71,0
TXN06928,2024-04-13,PRD024,WH001,,Sale,-26,364.79,0
TXN07222,2024-04-13,PRD025,WH001,,Sale,-17,133.69,0
TXN07528,2024-04-13,PRD026,WH003,,Sale,-18,55.21,0
TXN07819,2024-04-13,PRD027,WH003,,Sale,-6,222.83,0
TXN08098,2024-04-13,PRD028,WH001,,Sale,-18,275.85,0
TXN00179,2024-04-14,PRD001,WH001,,Sale,-79,28.47,0
TXN01063,2024-04-14,PRD004,WH003,,Sale,-22,134.33,0
TXN02244,2024-04-14,PRD008,WH002,,Sale,-25,94.42,0
TXN02814,2024-04-14,PRD010,WH002,,Sale,-95,26.08,0
TXN05764,2024-04-14,PRD020,WH002,,Sale,-118,38.61,0
TXN06050,2024-04-14,PRD021,WH001,,Sale,-148,28.47,0
TXN06619,2024-04-14,PRD023,WH001,,Sale,-106,21.49,0
TXN07809,2024-04-14,PRD027,WH001,,Sale,-18,217.87,0
TXN00185,2024-04-15,PRD001,WH003,,Sale,-104,28.59,0
TXN00764,2024-04-15,PRD003,WH002,,Sale,-45,128.88,0
TXN00765,2024-04-15,PRD003,WH002,,Sale,-37,133.83,0
TXN01061,2024-04-15,PRD004,WH002,,Sale,-14,137.4,0
TXN04016,2024-04-15,PRD014,WH002,,Sale,-14,95.44,0
TXN04880,2024-04-15,PRD017,WH002,,Sale,-31,176.56,0
TXN06349,2024-04-15,PRD022,WH002,,Sale,-102,20.8,0
TXN07808,2024-04-15,PRD027,WH001,,Sale,-13,218.59,0
TXN08099,2024-04-15,PRD028,WH001,,Sale,-16,275.83,0
TXN01359,2024-04-16,PRD005,WH002,,Sale,-76,68.02,0
TXN01653,2024-04-16,PRD006,WH001,,Sale,-13,156.84,0
TXN03404,2024-04-16,PRD012,WH001,,Sale,-144,141.88,0
TXN04014,2024-04-16,PRD014,WH002,,Sale,-10,97.72,0
TXN04581,2024-04-16,PRD016,WH003,,Sale,-7,186.89,0
TXN05191,2024-04-16,PRD018,WH001,,Sale,-74,240.88,0
TXN06927,2024-04-16,PRD024,WH001,,Sale,-24,364.65,0
TXN06932,2024-04-16,PRD024,WH002,,Sale,-9,372.76,0
TXN07527,2024-04-16,PRD026,WH003,,Sale,-13,53.93,0
TXN08664,2024-04-16,PRD030,WH002,,Sale,-64,138.94,0
TXN00182,2024-04-17,PRD001,WH002,,Sale,-143,29.06,0
TXN00476,2024-04-17,PRD002,WH002,,Sale,-163,50.69,0
TXN00766,2024-04-17,PRD003,WH003,,Sale,-39,135.67,0
TXN02516,2024-04-17,PRD009,WH001,,Sale,-113,20.98,0
TXN02523,2024-04-17,PRD009,WH003,,Sale,-100,19.87,0
TXN03408,2024-04-17,PRD012,WH002,,Sale,-29,142.46,0
TXN03414,2024-04-17,PRD012,WH003,,Sale,-27,140.22,0
TXN03708,2024-04-17,PRD013,WH001,,Sale,-71,33.72,0
TXN03709,2024-04-17,PRD013,WH001,,Sale,-99,34.11,0
TXN03712,2024-04-17,PRD013,WH002,,Sale,-46,35.71,0
TXN03718,2024-04-17,PRD013,WH003,,Sale,-17,33.77,0
TXN04013,2024-04-17,PRD014,WH001,,Sale,-72,97.82,0
TXN04885,2024-04-17,PRD017,WH003,,Sale,-45,181.26,0
TXN07518,2024-04-17,PRD026,WH001,,Sale,-48,57.7,0
TXN08379,2024-04-17,PRD029,WH002,,Sale,-36,116.68,0
TXN08381,2024-04-17,PRD029,WH002,,Sale,-44,121.53,0
TXN08386,2024-04-17,PRD029,WH003,,Sale,-30,120.86,0
TXN08663,2024-04-17,PRD030,WH001,,Sale,-73,140.25,0
TXN08669,2024-04-17,PRD030,WH003,,Sale,-14,135.78,0
TXN01054,2024-04-18,PRD004,WH001,,Sale,-19,133.82,0
TXN01357,2024-04-18,PRD005,WH001,,Sale,-71,73.06,0
TXN01658,2024-04-18,PRD006,WH002,,Sale,-10,152.58,0
TXN01952,2024-04-18,PRD007,WH002,,Sale,-128,84.06,0
TXN05483,2024-04-18,PRD019,WH003,,Sale,-22,77.81,0
TXN05763,2024-04-18,PRD020,WH002,,Sale,-60,38.32,0
TXN06626,2024-04-18,PRD023,WH003,,Sale,-39,21.89,0
TXN07525,2024-04-18,PRD026,WH003,,Sale,-15,54.11,0
TXN08661,2024-04-18,PRD030,WH001,,Sale,-69,141.28,0
TXN03100,2024-04-19,PRD011,WH001,,Sale,-77,58.11,0
TXN04306,2024-04-19,PRD015,WH002,,Sale,-23,48.48,0
TXN05194,2024-04-19,PRD018,WH002,,Sale,-63,257.81,0
TXN05484,2024-04-19,PRD019,WH003,,Sale,-27,72.11,0
TXN05767,2024-04-19,PRD020,WH002,,Adjustment,17,25.0,0
TXN06629,2024-04-19,PRD023,WH003,,Sale,-26,22.57,0
TXN07530,2024-04-19,PRD026,WH003,SUP010,Return,24,28.0,0
TXN07814,2024-04-19,PRD027,WH002,,Sale,-15,225.2,0
TXN07816,2024-04-19,PRD027,WH003,,Sale,-6,220.91,0
TXN01053,2024-04-20,PRD004,WH001,,Sale,-22,135.33,0
TXN01951,2024-04-20,PRD007,WH002,,Sale,-67,83.41,0
TXN02240,2024-04-20,PRD008,WH001,,Sale,-26,96.2,0
TXN03106,2024-04-20,PRD011,WH003,,Sale,-25,59.58,0
TXN04305,2024-04-20,PRD015,WH002,,Sale,-33,49.28,0
TXN04881,2024-04-20,PRD017,WH002,,Sale,-26,168.29,0
TXN05197,2024-04-20,PRD018,WH003,,Sale,-13,253.87,0
TXN05477,2024-04-20,PRD019,WH002,,Sale,-59,74.35,0
TXN05478,2024-04-20,PRD019,WH002,,Sale,-49,75.64,0
TXN07811,2024-04-20,PRD027,WH001,,Sale,-15,210.1,0
TXN07813,2024-04-20,PRD027,WH002,,Sale,-13,213.22,0
TXN08100,2024-04-20,PRD028,WH001,,Sale,-24,255.06,0
TXN08105,2024-04-20,PRD028,WH002,,Sale,-13,277.27,0
TXN00177,2024-04-21,PRD001,WH001,,Sale,-98,29.22,0
TXN01058,2024-04-21,PRD004,WH002,,Sale,-22,143.18,0
TXN01949,2024-04-21,PRD007,WH001,,Sale,-74,85.68,0
TXN02813,2024-04-21,PRD010,WH002,,Sale,-53,24.01,0
TXN03711,2024-04-21,PRD013,WH002,,Sale,-29,35.36,0
TXN03713,2024-04-21,PRD013,WH002,,Sale,-51,36.7,0
TXN04301,2024-04-21,PRD015,WH001,,Sale,-42,47.76,0
TXN04303,2024-04-21,PRD015,WH002,,Sale,-24,49.92,0
TXN05757,2024-04-21,PRD020,WH001,,Sale,-132,38.65,0
TXN06057,2024-04-21,PRD021,WH003,,Sale,-49,27.01,0
TXN07223,2024-04-21,PRD025,WH001,,Sale,-30,131.65,0
TXN08106,2024-04-21,PRD028,WH003,,Sale,-14,258.06,0
TXN01052,2024-04-22,PRD004,WH001,,Sale,-21,139.7,0
TXN02525,2024-04-22,PRD009,WH003,,Sale,-71,20.59,0
TXN02812,2024-04-22,PRD010,WH002,,Sale,-83,25.0,0
TXN03413,2024-04-22,PRD012,WH003,,Sale,-21,148.52,0
TXN04017,2024-04-22,PRD014,WH002,,Sale,-12,99.35,0
TXN04878,2024-04-22,PRD017,WH001,,Sale,-40,174.56,0
TXN05766,2024-04-22,PRD020,WH003,,Sale,-118,37.82,0
TXN06622,2024-04-22,PRD023,WH001,,Sale,-92,22.92,0
TXN01073,2024-04-25,PRD004,WH003,SUP002,Purchase,134,87.14,0
TXN01369,2024-04-25,PRD005,WH003,SUP002,Purchase,375,45.68,0
TXN01672,2024-04-25,PRD006,WH003,SUP002,Purchase,51,94.11,0
TXN01960,2024-04-25,PRD007,WH002,SUP002,Purchase,423,55.84,0
TXN02536,2024-04-25,PRD009,WH003,SUP005,Purchase,704,11.76,0
TXN03420,2024-04-25,PRD012,WH002,SUP001,Purchase,402,96.91,0
TXN04311,2024-04-25,PRD015,WH001,,Sale,-74,46.08,0
TXN05204,2024-04-25,PRD018,WH002,SUP004,Purchase,230,202.53,0
TXN05487,2024-04-25,PRD019,WH001,,Sale,-98,75.42,0
TXN06065,2024-04-25,PRD021,WH002,,Sale,-58,27.49,0
TXN06360,2024-04-25,PRD022,WH003,,Sale,-44,19.48,0
TXN06631,2024-04-25,PRD023,WH001,SUP006,Purchase,886,13.45,0
TXN06942,2024-04-25,PRD024,WH002,SUP006,Purchase,186,289.36,0
TXN07235,2024-04-25,PRD025,WH001,,Sale,-27,132.56,0
TXN07542,2024-04-25,PRD026,WH003,,Sale,-33,52.77,0
TXN08398,2024-04-25,PRD029,WH003,SUP008,Purchase,173,79.53,0
TXN08670,2024-04-25,PRD030,WH001,SUP008,Purchase,416,97.92,0
TXN09033,2024-04-25,PRD033,WH001,SUP009,Purchase,9,832.19,0
TXN00197,2024-04-26,PRD001,WH002,,Sale,-65,28.15,0
TXN00487,2024-04-26,PRD002,WH002,SUP001,Purchase,391,32.05,0
TXN00495,2024-04-26,PRD002,WH003,,Sale,-53,51.63,0
TXN00775,2024-04-26,PRD003,WH002,SUP001,Purchase,288,87.92,0
TXN00780,2024-04-26,PRD003,WH003,,Sale,-20,128.65,0
TXN01370,2024-04-26,PRD005,WH003,,Sale,-31,70.0,0
TXN01663,2024-04-26,PRD006,WH001,SUP002,Purchase,98,91.63,0
TXN01667,2024-04-26,PRD006,WH002,SUP002,Purchase,0,96.49,1
TXN01968,2024-04-26,PRD007,WH003,,Sale,-22,83.08,0
TXN02253,2024-04-26,PRD008,WH002,SUP003,Purchase,178,59.23,0
TXN02259,2024-04-26,PRD008,WH003,,Sale,-17,91.46,0
TXN02828,2024-04-26,PRD010,WH003,,Sale,-28,25.75,0
TXN03118,2024-04-26,PRD011,WH002,,Sale,-48,60.62,0
TXN03415,2024-04-26,PRD012,WH001,SUP001,Purchase,583,96.0,0
TXN04028,2024-04-26,PRD014,WH002,,Sale,-14,98.43,0
TXN04888,2024-04-26,PRD017,WH001,,Sale,-88,180.39,0
TXN06358,2024-04-26,PRD022,WH003,SUP010,Purchase,574,11.68,0
TXN06361,2024-04-26,PRD022,WH003,,Sale,-47,20.27,0
TXN06642,2024-04-26,PRD023,WH002,,Sale,-87,22.51,0
TXN06938,2024-04-26,PRD024,WH001,SUP006,Purchase,192,286.11,0
TXN06946,2024-04-26,PRD024,WH002,,Sale,-12,363.89,0
TXN07231,2024-04-26,PRD025,WH001,,Sale,-18,139.2,0
TXN07242,2024-04-26,PRD025,WH003,,Sale,-12,129.02,0
TXN07243,2024-04-26,PRD025,WH003,,Sale,-13,135.36,0
TXN07820,2024-04-26,PRD027,WH001,SUP009,Purchase,177,153.65,0
TXN08121,2024-04-26,PRD028,WH003,,Sale,-24,268.35,0
TXN00192,2024-04-27,PRD001,WH002,SUP001,Purchase,684,17.56,0
TXN00198,2024-04-27,PRD001,WH003,SUP001,Purchase,421,18.2,0
TXN00782,2024-04-27,PRD003,WH003,,Sale,-18,132.65,0
TXN01070,2024-04-27,PRD004,WH002,,Sale,-26,139.43,0
TXN01366,2024-04-27,PRD005,WH002,SUP002,Purchase,545,45.72,0
TXN01668,2024-04-27,PRD006,WH002,,Sale,-10,152.08,0
TXN02532,2024-04-27,PRD009,WH002,SUP005,Purchase,818,12.07,0
TXN03425,2024-04-27,PRD012,WH003,SUP001,Purchase,201,97.03,0
TXN03721,2024-04-27,PRD013,WH001,SUP002,Purchase,591,22.86,0
TXN03727,2024-04-27,PRD013,WH002,,Sale,-82,35.1,0
TXN04026,2024-04-27,PRD014,WH002,SUP002,Purchase,147,64.13,0
TXN04031,2024-04-27,PRD014,WH003,SUP002,Purchase,79,67.48,0
TXN04309,2024-04-27,PRD015,WH001,SUP003,Purchase,540,30.11,0
TXN04316,2024-04-27,PRD015,WH002,,Sale,-34,50.32,0
TXN04318,2024-04-27,PRD015,WH002,,Sale,-31,49.34,0
TXN04582,2024-04-27,PRD016,WH001,SUP002,Purchase,238,121.51,0
TXN04585,2024-04-27,PRD016,WH002,SUP002,Purchase,122,123.86,0
TXN05495,2024-04-27,PRD019,WH003,SUP007,Purchase,408,55.84,0
TXN05774,2024-04-27,PRD020,WH002,,Sale,-90,38.3,0
TXN06071,2024-04-27,PRD021,WH003,,Sale,-30,26.86,0
TXN07230,2024-04-27,PRD025,WH001,SUP006,Purchase,280,98.71,0
TXN07532,2024-04-27,PRD026,WH001,,Sale,-68,54.55,0
TXN07533,2024-04-27,PRD026,WH001,,Sale,-47,57.08,0
TXN07822,2024-04-27,PRD027,WH001,,Sale,-26,227.45,0
TXN08674,2024-04-27,PRD030,WH002,SUP008,Purchase,286,97.45,0
TXN08676,2024-04-27,PRD030,WH002,,Sale,-23,144.95,0
TXN00194,2024-04-28,PRD001,WH002,,Sale,-53,28.93,0
TXN02256,2024-04-28,PRD008,WH003,SUP003,Purchase,109,61.94,0
TXN02528,2024-04-28,PRD009,WH001,,Sale,-104,20.51,0
TXN02818,2024-04-28,PRD010,WH001,,Sale,-160,24.63,0
TXN03423,2024-04-28,PRD012,WH002,,Sale,-53,143.49,0
TXN03424,2024-04-28,PRD012,WH002,,Sale,-29,146.03,0
TXN03726,2024-04-28,PRD013,WH002,,Sale,-93,35.96,0
TXN03728,2024-04-28,PRD013,WH003,SUP002,Purchase,294,21.56,0
TXN03730,2024-04-28,PRD013,WH003,,Sale,-41,36.56,0
TXN04314,2024-04-28,PRD015,WH002,,Sale,-22,49.27,0
TXN04591,2024-04-28,PRD016,WH003,SUP002,Purchase,104,115.34,0
TXN04892,2024-04-28,PRD017,WH002,,Sale,-27,180.49,0
TXN05497,2024-04-28,PRD019,WH003,,Sale,-35,71.39,0
TXN06063,2024-04-28,PRD021,WH002,SUP004,Purchase,504,17.31,0
TXN06643,2024-04-28,PRD023,WH003,SUP006,Purchase,398,13.9,0
TXN07237,2024-04-28,PRD025,WH002,,Sale,-13,133.66,0
TXN07823,2024-04-28,PRD027,WH002,SUP009,Purchase,115,149.26,0
TXN07825,2024-04-28,PRD027,WH002,,Sale,-17,229.43,0
TXN07827,2024-04-28,PRD027,WH003,SUP009,Purchase,54,151.03,0
TXN08119,2024-04-28,PRD028,WH003,SUP006,Purchase,99,181.6,0
TXN08675,2024-04-28,PRD030,WH002,,Sale,-30,143.06,0
TXN08680,2024-04-28,PRD030,WH003,SUP008,Purchase,152,98.31,0
TXN00187,2024-04-29,PRD001,WH001,SUP001,Purchase,946,18.24,0
TXN00777,2024-04-29,PRD003,WH002,,Sale,-51,134.97,0
TXN01676,2024-04-29,PRD006,WH003,,Sale,-9,150.61,0
TXN01957,2024-04-29,PRD007,WH001,,Sale,-113,83.84,0
TXN02538,2024-04-29,PRD009,WH003,,Sale,-137,20.15,0
TXN02829,2024-04-29,PRD010,WH003,,Sale,-33,26.1,0
TXN03113,2024-04-29,PRD011,WH002,SUP001,Purchase,571,37.27,0
TXN03114,2024-04-29,PRD011,WH002,,Sale,-40,60.15,0
TXN03119,2024-04-29,PRD011,WH003,SUP001,Purchase,358,36.53,0
TXN03418,2024-04-29,PRD012,WH001,,Sale,-48,146.81,0
TXN04313,2024-04-29,PRD015,WH002,SUP003,Purchase,407,29.8,0
TXN04319,2024-04-29,PRD015,WH003,SUP003,Purchase,247,31.12,0
TXN05209,2024-04-29,PRD018,WH003,SUP004,Purchase,168,188.2,0
TXN05768,2024-04-29,PRD020,WH001,SUP003,Purchase,986,25.85,0
TXN06066,2024-04-29,PRD021,WH002,,Sale,-74,26.88,0
TXN06353,2024-04-29,PRD022,WH001,,Sale,-234,20.03,0
TXN07539,2024-04-29,PRD026,WH003,SUP010,Purchase,214,33.86,0
TXN07830,2024-04-29,PRD027,WH003,,Sale,-4,219.91,0
TXN08113,2024-04-29,PRD028,WH002,SUP006,Purchase,200,186.82,0
TXN08393,2024-04-29,PRD029,WH002,SUP008,Purchase,309,81.18,0
TXN08671,2024-04-29,PRD030,WH001,,Sale,-56,137.85,0
TXN09211,2024-04-29,PRD035,WH003,SUP009,Purchase,9,467.04,0
TXN00200,2024-04-30,PRD001,WH003,,Sale,-35,29.3,0
TXN00485,2024-04-30,PRD002,WH001,,Sale,-92,51.34,0
TXN00493,2024-04-30,PRD002,WH003,,Sale,-51,50.79,0
TXN00769,2024-04-30,PRD003,WH001,SUP001,Purchase,403,87.38,0
TXN00779,2024-04-30,PRD003,WH003,SUP001,Purchase,149,83.3,0
TXN01068,2024-04-30,PRD004,WH002,SUP002,Purchase,264,88.13,0
TXN01363,2024-04-30,PRD005,WH001,,Sale,-76,70.0,0
TXN01671,2024-04-30,PRD006,WH002,,Sale,-7,154.21,0
TXN01966,2024-04-30,PRD007,WH003,,Sale,-19,88.54,0
TXN02258,2024-04-30,PRD008,WH003,,Sale,-16,92.56,0
TXN02535,2024-04-30,PRD009,WH002,,Sale,-120,19.85,0
TXN02825,2024-04-30,PRD010,WH003,SUP005,Purchase,293,15.41,0
TXN03725,2024-04-30,PRD013,WH002,SUP002,Purchase,471,22.64,0
TXN04021,2024-04-30,PRD014,WH001,SUP002,Purchase,220,66.22,0
TXN04887,2024-04-30,PRD017,WH001,SUP004,Purchase,476,132.96,0
TXN05491,2024-04-30,PRD019,WH002,SUP007,Purchase,496,57.52,0
TXN05496,2024-04-30,PRD019,WH003,,Sale,-41,73.24,0
TXN05770,2024-04-30,PRD020,WH001,,Sale,-209,38.09,0
TXN07537,2024-04-30,PRD026,WH002,,Sale,0,53.93,1
TXN08118,2024-04-30,PRD028,WH002,,Sale,-8,268.0,0
TXN08388,2024-04-30,PRD029,WH001,,Sale,-51,118.57,0
TXN08391,2024-04-30,PRD029,WH001,,Sale,-44,125.24,0
TXN08682,2024-04-30,PRD030,WH003,,Sale,-48,134.13,0
TXN08935,2024-04-30,PRD032,WH001,SUP009,Purchase,10,224.82,0
TXN00770,2024-05-01,PRD003,WH001,,Sale,-27,129.93,0
TXN01956,2024-05-01,PRD007,WH001,SUP002,Purchase,441,54.89,0
TXN01964,2024-05-01,PRD007,WH003,SUP002,Purchase,203,56.88,0
TXN02254,2024-05-01,PRD008,WH002,,Sale,-30,91.28,0
TXN02820,2024-05-01,PRD010,WH002,SUP005,Purchase,779,14.41,0
TXN02827,2024-05-01,PRD010,WH003,,Sale,-44,25.29,0
TXN03122,2024-05-01,PRD011,WH003,,Sale,-28,56.99,0
TXN03426,2024-05-01,PRD012,WH003,,Sale,-18,143.81,0
TXN04593,2024-05-01,PRD016,WH003,,Sale,-6,190.68,0
TXN04890,2024-05-01,PRD017,WH002,SUP004,Purchase,335,132.95,0
TXN04891,2024-05-01,PRD017,WH002,,Sale,-31,174.36,0
TXN05208,2024-05-01,PRD018,WH002,,Sale,-60,248.21,0
TXN05486,2024-05-01,PRD019,WH001,SUP007,Purchase,834,56.56,0
TXN05489,2024-05-01,PRD019,WH001,,Sale,-81,78.33,0
TXN05493,2024-05-01,PRD019,WH002,,Sale,-56,73.47,0
TXN05769,2024-05-01,PRD020,WH001,,Sale,-259,37.72,0
TXN05772,2024-05-01,PRD020,WH002,,Sale,-121,38.11,0
TXN06948,2024-05-01,PRD024,WH003,SUP006,Purchase,67,290.43,0
TXN07241,2024-05-01,PRD025,WH003,SUP006,Purchase,127,95.75,0
TXN07821,2024-05-01,PRD027,WH001,,Sale,-37,229.02,0
TXN08849,2024-05-01,PRD031,WH001,SUP009,Purchase,12,185.32,0
TXN00481,2024-05-02,PRD002,WH001,SUP001,Purchase,809,32.07,0
TXN01078,2024-05-02,PRD004,WH003,,Sale,-6,144.82,0
TXN01362,2024-05-02,PRD005,WH001,SUP002,Purchase,786,45.68,0
TXN01963,2024-05-02,PRD007,WH002,,Sale,-67,88.04,0
TXN02247,2024-05-02,PRD008,WH001,SUP003,Purchase,175,57.86,0
TXN02250,2024-05-02,PRD008,WH001,,Sale,-16,98.46,0
TXN02817,2024-05-02,PRD010,WH001,SUP005,Purchase,739,15.06,0
TXN03115,2024-05-02,PRD011,WH002,,Sale,-40,55.76,0
TXN03120,2024-05-02,PRD011,WH003,,Sale,-22,57.13,0
TXN03421,2024-05-02,PRD012,WH002,,Sale,-44,143.19,0
TXN04896,2024-05-02,PRD017,WH003,SUP004,Purchase,148,130.74,0
TXN05200,2024-05-02,PRD018,WH001,SUP004,Purchase,376,198.19,0
TXN05210,2024-05-02,PRD018,WH003,,Sale,-22,262.26,0
TXN05213,2024-05-02,PRD018,WH003,,Sale,-25,260.23,0
TXN05775,2024-05-02,PRD020,WH003,SUP003,Purchase,455,25.67,0
TXN06069,2024-05-02,PRD021,WH003,,Sale,-47,28.47,0
TXN06355,2024-05-02,PRD022,WH002,SUP010,Purchase,707,12.13,0
TXN06941,2024-05-02,PRD024,WH001,,Sale,-36,382.06,0
TXN07244,2024-05-02,PRD025,WH003,,Sale,-24,129.14,0
TXN07531,2024-05-02,PRD026,WH001,SUP010,Purchase,451,35.0,0
TXN07535,2024-05-02,PRD026,WH002,SUP010,Purchase,388,33.68,0
TXN07541,2024-05-02,PRD026,WH003,,Sale,-25,54.64,0
TXN08109,2024-05-02,PRD028,WH001,SUP006,Purchase,194,188.37,0
TXN00190,2024-05-03,PRD001,WH001,,Sale,-90,27.25,0
TXN00490,2024-05-03,PRD002,WH002,,Sale,-61,48.48,0
TXN00491,2024-05-03,PRD002,WH002,,Sale,-53,48.13,0
TXN00492,2024-05-03,PRD002,WH003,SUP001,Purchase,259,30.96,0
TXN01065,2024-05-03,PRD004,WH001,SUP002,Purchase,249,92.82,0
TXN01669,2024-05-03,PRD006,WH002,,Sale,-12,154.04,0
TXN02526,2024-05-03,PRD009,WH001,SUP005,Purchase,984,12.3,0
TXN02821,2024-05-03,PRD010,WH002,,Sale,-76,25.95,0
TXN03110,2024-05-03,PRD011,WH001,SUP001,Purchase,641,37.14,0
TXN04595,2024-05-03,PRD016,WH003,,Sale,-11,191.35,0
TXN05207,2024-05-03,PRD018,WH002,,Sale,-30,246.21,0
TXN05771,2024-05-03,PRD020,WH002,SUP003,Purchase,714,24.21,0
TXN06059,2024-05-03,PRD021,WH001,SUP004,Purchase,803,18.38,0
TXN06068,2024-05-03,PRD021,WH003,SUP004,Purchase,268,18.7,0
TXN06352,2024-05-03,PRD022,WH001,SUP010,Purchase,971,11.83,0
TXN06363,2024-05-03,PRD022,WH003,,Sale,-70,19.56,0
TXN06635,2024-05-03,PRD023,WH001,,Sale,-91,22.0,0
TXN06636,2024-05-03,PRD023,WH001,,Sale,-83,22.8,0
TXN06637,2024-05-03,PRD023,WH002,SUP006,Purchase,628,14.1,0
TXN06644,2024-05-03,PRD023,WH003,,Sale,-116,21.24,0
TXN06949,2024-05-03,PRD024,WH003,,Sale,-10,380.0,0
TXN07236,2024-05-03,PRD025,WH002,SUP006,Purchase,193,97.02,0
TXN07826,2024-05-03,PRD027,WH002,,Sale,-12,218.17,0
TXN08387,2024-05-03,PRD029,WH001,SUP008,Purchase,418,77.75,0
TXN08681,2024-05-03,PRD030,WH003,,Sale,-38,142.55,0
TXN00199,2024-05-04,PRD001,WH003,,Sale,-23,27.91,0
TXN00771,2024-05-04,PRD003,WH001,,Sale,-26,127.89,0
TXN01371,2024-05-04,PRD005,WH003,,Sale,-37,70.3,0
TXN04023,2024-05-04,PRD014,WH001,,Sale,-19,96.48,0
TXN05205,2024-05-04,PRD018,WH002,,Sale,-37,256.82,0
TXN07234,2024-05-04,PRD025,WH001,,Sale,-17,137.25,0
TXN08112,2024-05-04,PRD028,WH001,,Sale,-26,256.99,0
TXN08397,2024-05-04,PRD029,WH002,,Sale,-30,123.4,0
TXN09124,2024-05-04,PRD034,WH001,SUP008,Purchase,11,342.16,0
TXN00191,2024-05-05,PRD001,WH001,,Sale,-136,26.93,0
TXN00482,2024-05-05,PRD002,WH001,,Sale,-52,50.71,0
TXN01072,2024-05-05,PRD004,WH002,,Sale,-17,134.66,0
TXN01077,2024-05-05,PRD004,WH003,,Sale,-9,138.09,0
TXN01364,2024-05-05,PRD005,WH001,,Sale,-126,73.02,0
TXN03117,2024-05-05,PRD011,WH002,,Sale,-39,55.34,0
TXN03417,2024-05-05,PRD012,WH001,,Sale,-41,144.3,0
TXN03427,2024-05-05,PRD012,WH003,,Sale,-22,148.92,0
TXN04310,2024-05-05,PRD015,WH001,,Sale,-55,48.7,0
TXN04594,2024-05-05,PRD016,WH003,,Sale,-8,193.89,0
TXN04897,2024-05-05,PRD017,WH003,,Sale,-19,173.9,0
TXN06354,2024-05-05,PRD022,WH001,,Sale,-467,20.9,0
TXN06947,2024-05-05,PRD024,WH002,,Sale,-12,369.28,0
TXN06950,2024-05-05,PRD024,WH003,,Sale,-11,367.67,0
TXN07831,2024-05-05,PRD027,WH003,,Sale,-3,225.49,0
TXN08115,2024-05-05,PRD028,WH002,,Sale,-14,275.71,0
TXN08399,2024-05-05,PRD029,WH003,,Sale,-43,120.74,0
TXN08673,2024-05-05,PRD030,WH001,,Sale,-35,144.92,0
TXN00189,2024-05-06,PRD001,WH001,,Sale,-109,28.57,0
TXN00195,2024-05-06,PRD001,WH002,,Sale,-56,27.1,0
TXN03419,2024-05-06,PRD012,WH001,,Sale,-41,145.94,0
TXN04022,2024-05-06,PRD014,WH001,,Sale,-22,99.67,0
TXN05201,2024-05-06,PRD018,WH001,,Sale,-53,255.21,0
TXN05202,2024-05-06,PRD018,WH001,,Sale,-54,253.6,0
TXN05490,2024-05-06,PRD019,WH001,,Sale,-64,75.39,0
TXN06634,2024-05-06,PRD023,WH001,,Sale,-115,21.06,0
TXN00202,2024-05-07,PRD001,WH003,,Sale,-47,28.0,0
TXN01675,2024-05-07,PRD006,WH003,,Sale,-6,145.18,0
TXN02249,2024-05-07,PRD008,WH001,,Sale,-18,91.16,0
TXN03422,2024-05-07,PRD012,WH002,,Sale,-45,146.55,0
TXN04596,2024-05-07,PRD016,WH003,,Sale,-10,185.77,0
TXN04894,2024-05-07,PRD017,WH002,,Sale,-23,182.97,0
TXN06067,2024-05-07,PRD021,WH002,,Sale,-130,27.93,0
TXN07824,2024-05-07,PRD027,WH002,,Sale,-20,217.81,0
TXN08679,2024-05-07,PRD030,WH002,,Sale,-32,133.07,0
TXN00188,2024-05-08,PRD001,WH001,,Sale,-109,29.39,0
TXN00776,2024-05-08,PRD003,WH002,,Sale,-28,126.13,0
TXN02257,2024-05-08,PRD008,WH003,,Sale,-11,94.82,0
TXN02824,2024-05-08,PRD010,WH002,,Sale,-76,23.83,0
TXN02826,2024-05-08,PRD010,WH003,,Sale,-48,24.35,0
TXN03724,2024-05-08,PRD013,WH001,,Sale,-101,33.75,0
TXN04025,2024-05-08,PRD014,WH001,,Sale,-20,95.86,0
TXN04584,2024-05-08,PRD016,WH001,,Sale,-29,192.16,0
TXN04588,2024-05-08,PRD016,WH002,,Sale,-13,187.98,0
TXN04590,2024-05-08,PRD016,WH002,,Sale,-13,187.41,0
TXN05773,2024-05-08,PRD020,WH002,,Sale,-97,39.33,0
TXN06356,2024-05-08,PRD022,WH002,,Sale,-218,20.87,0
TXN06362,2024-05-08,PRD022,WH003,,Sale,-82,19.39,0
TXN06640,2024-05-08,PRD023,WH002,,Sale,-109,20.94,0
TXN07240,2024-05-08,PRD025,WH002,,Sale,-14,139.66,0
TXN01071,2024-05-09,PRD004,WH002,,Sale,-24,134.23,0
TXN02531,2024-05-09,PRD009,WH001,,Sale,-77,20.6,0
TXN02819,2024-05-09,PRD010,WH001,,Sale,-196,24.78,0
TXN03112,2024-05-09,PRD011,WH001,,Sale,-220,56.14,0
TXN03121,2024-05-09,PRD011,WH003,,Sale,-24,55.76,0
TXN04321,2024-05-09,PRD015,WH003,,Sale,-63,48.05,0
TXN05498,2024-05-09,PRD019,WH003,,Sale,-42,76.61,0
TXN08389,2024-05-09,PRD029,WH001,,Sale,-41,121.0,0
TXN00783,2024-05-10,PRD003,WH003,,Sale,-14,124.51,0
TXN01674,2024-05-10,PRD006,WH003,,Sale,-7,157.19,0
TXN03729,2024-05-10,PRD013,WH003,,Sale,-28,35.8,0
TXN04024,2024-05-10,PRD014,WH001,,Sale,-25,101.76,0
TXN04895,2024-05-10,PRD017,WH002,,Sale,-29,171.27,0
TXN07828,2024-05-10,PRD027,WH003,,Sale,-6,227.83,0
TXN08120,2024-05-10,PRD028,WH003,,Sale,-16,267.15,0
TXN08672,2024-05-10,PRD030,WH001,,Sale,-78,142.28,0
TXN08677,2024-05-10,PRD030,WH002,,Sale,-38,146.6,0
TXN00486,2024-05-11,PRD002,WH001,,Sale,-61,52.05,0
TXN00489,2024-05-11,PRD002,WH002,,Sale,-74,51.97,0
TXN01066,2024-05-11,PRD004,WH001,,Sale,-67,144.88,0
TXN02534,2024-05-11,PRD009,WH002,,Sale,-170,19.6,0
TXN03416,2024-05-11,PRD012,WH001,,Sale,-56,143.1,0
TXN04033,2024-05-11,PRD014,WH003,,Sale,-11,100.44,0
TXN04320,2024-05-11,PRD015,WH003,,Sale,-43,49.28,0
TXN06639,2024-05-11,PRD023,WH002,,Sale,-83,21.79,0
TXN06939,2024-05-11,PRD024,WH001,,Sale,-30,375.0,0
TXN00196,2024-05-12,PRD001,WH002,,Sale,-49,26.95,0
TXN01076,2024-05-12,PRD004,WH003,,Sale,-12,135.9,0
TXN01367,2024-05-12,PRD005,WH002,,Sale,-91,72.02,0
TXN02248,2024-05-12,PRD008,WH001,,Sale,-17,90.75,0
TXN02527,2024-05-12,PRD009,WH001,,Sale,-112,20.43,0
TXN03430,2024-05-12,PRD012,WH003,,Sale,-14,143.44,0
TXN04027,2024-05-12,PRD014,WH002,,Sale,-17,103.62,0
TXN04315,2024-05-12,PRD015,WH002,,Sale,-26,48.92,0
TXN04589,2024-05-12,PRD016,WH002,,Sale,-9,182.83,0
TXN04893,2024-05-12,PRD017,WH002,,Sale,-27,179.37,0
TXN05212,2024-05-12,PRD018,WH003,,Sale,-14,246.48,0
TXN05492,2024-05-12,PRD019,WH002,,Sale,-59,75.38,0
TXN06062,2024-05-12,PRD021,WH001,,Sale,-93,28.99,0
TXN06359,2024-05-12,PRD022,WH003,,Sale,-42,19.07,0
TXN07233,2024-05-12,PRD025,WH001,,Sale,-16,133.53,0
TXN00772,2024-05-13,PRD003,WH001,,Sale,-31,134.58,0
TXN01372,2024-05-13,PRD005,WH003,,Sale,-40,67.81,0
TXN03723,2024-05-13,PRD013,WH001,,Sale,-82,36.04,0
TXN04034,2024-05-13,PRD014,WH003,,Sale,-20,95.04,0
TXN05776,2024-05-13,PRD020,WH003,,Sale,-104,36.14,0
TXN06944,2024-05-13,PRD024,WH002,,Sale,-8,398.95,0
TXN00494,2024-05-14,PRD002,WH003,,Sale,-54,49.19,0
TXN01075,2024-05-14,PRD004,WH003,,Sale,-10,141.93,0
TXN01665,2024-05-14,PRD006,WH001,,Sale,-14,144.45,0
TXN01959,2024-05-14,PRD007,WH001,,Sale,-78,81.05,0
TXN02251,2024-05-14,PRD008,WH001,,Sale,-15,90.35,0
TXN02530,2024-05-14,PRD009,WH001,,Sale,-74,20.39,0
TXN03111,2024-05-14,PRD011,WH001,,Sale,-103,58.3,0
TXN04899,2024-05-14,PRD017,WH003,,Sale,-35,171.31,0
TXN05211,2024-05-14,PRD018,WH003,,Sale,-15,252.91,0
TXN06064,2024-05-14,PRD021,WH002,,Sale,-94,28.87,0
TXN07534,2024-05-14,PRD026,WH001,,Sale,-39,54.84,0
TXN08390,2024-05-14,PRD029,WH001,,Sale,-40,120.81,0
TXN08392,2024-05-14,PRD029,WH001,,Sale,-26,118.97,0
TXN00774,2024-05-15,PRD003,WH001,,Sale,-18,133.69,0
TXN01069,2024-05-15,PRD004,WH002,,Sale,-17,138.3,0
TXN01365,2024-05-15,PRD005,WH001,,Sale,-130,70.0,0
TXN01666,2024-05-15,PRD006,WH001,,Sale,-27,150.99,0
TXN01961,2024-05-15,PRD007,WH002,,Sale,-54,88.9,0
TXN04029,2024-05-15,PRD014,WH002,,Sale,-26,96.45,0
TXN04030,2024-05-15,PRD014,WH002,,Sale,-14,103.32,0
TXN06645,2024-05-15,PRD023,WH003,,Sale,-123,21.8,0
TXN06945,2024-05-15,PRD024,WH002,,Sale,-9,366.77,0
TXN07538,2024-05-15,PRD026,WH002,,Sale,-54,53.19,0
TXN00203,2024-05-16,PRD001,WH003,,Sale,-34,26.75,0
TXN00483,2024-05-16,PRD002,WH001,,Sale,-73,50.09,0
TXN00773,2024-05-16,PRD003,WH001,,Sale,-35,133.41,0
TXN01670,2024-05-16,PRD006,WH002,,Sale,-9,154.05,0
TXN02529,2024-05-16,PRD009,WH001,,Sale,-69,20.8,0
TXN02823,2024-05-16,PRD010,WH002,,Sale,-101,24.35,0
TXN03116,2024-05-16,PRD011,WH002,,Sale,-25,58.04,0
TXN03428,2024-05-16,PRD012,WH003,,Sale,-22,150.58,0
TXN03731,2024-05-16,PRD013,WH003,,Sale,-54,34.61,0
TXN05203,2024-05-16,PRD018,WH001,,Sale,-60,256.27,0
TXN06943,2024-05-16,PRD024,WH002,,Sale,-15,398.46,0
TXN07540,2024-05-16,PRD026,WH003,,Sale,-20,57.27,0
TXN00488,2024-05-17,PRD002,WH002,,Sale,-50,48.63,0
TXN00781,2024-05-17,PRD003,WH003,,Sale,-15,133.32,0
TXN01664,2024-05-17,PRD006,WH001,,Sale,-22,156.87,0
TXN02255,2024-05-17,PRD008,WH002,,Sale,-27,90.89,0
TXN03722,2024-05-17,PRD013,WH001,,Sale,-76,35.61,0
TXN04898,2024-05-17,PRD017,WH003,,Sale,-22,183.17,0
TXN05206,2024-05-17,PRD018,WH002,,Sale,-24,259.93,0
TXN07536,2024-05-17,PRD026,WH002,,Sale,-42,53.87,0
TXN07832,2024-05-17,PRD027,WH003,,Sale,-6,227.76,0
TXN08110,2024-05-17,PRD028,WH001,,Sale,-35,272.67,0
TXN01373,2024-05-18,PRD005,WH003,,Sale,-37,69.78,0
TXN04312,2024-05-18,PRD015,WH001,,Sale,-55,46.84,0
TXN05777,2024-05-18,PRD020,WH003,,Sale,-76,39.12,0
TXN06060,2024-05-18,PRD021,WH001,,Sale,-97,28.55,0
TXN06357,2024-05-18,PRD022,WH002,,Sale,-232,20.2,0
TXN06951,2024-05-18,PRD024,WH003,,Sale,-15,372.85,0
TXN07232,2024-05-18,PRD025,WH001,,Sale,-23,137.37,0
TXN07238,2024-05-18,PRD025,WH002,,Sale,-20,129.02,0
TXN07239,2024-05-18,PRD025,WH002,,Sale,-20,130.92,0
TXN08394,2024-05-18,PRD029,WH002,,Sale,-33,121.56,0
TXN08395,2024-05-18,PRD029,WH002,,Sale,-48,120.51,0
TXN08678,2024-05-18,PRD030,WH002,,Sale,-25,140.56,0
TXN00193,2024-05-19,PRD001,WH002,,Sale,-66,28.07,0
TXN01965,2024-05-19,PRD007,WH003,,Sale,-32,82.75,0
TXN02533,2024-05-19,PRD009,WH002,,Sale,-104,19.07,0
TXN03429,2024-05-19,PRD012,WH003,,Sale,-25,146.98,0
TXN04587,2024-05-19,PRD016,WH002,,Sale,-11,182.39,0
TXN08111,2024-05-19,PRD028,WH001,,Sale,-30,258.58,0
TXN00496,2024-05-20,PRD002,WH001,SUP001,Return,29,25.6,0
TXN01368,2024-05-20,PRD005,WH002,,Sale,-145,72.74,0
TXN01962,2024-05-20,PRD007,WH002,,Sale,-55,86.57,0
TXN01967,2024-05-20,PRD007,WH003,,Sale,-27,87.27,0
TXN02252,2024-05-20,PRD008,WH001,,Sale,-11,94.32,0
TXN02537,2024-05-20,PRD009,WH003,,Sale,-137,19.59,0
TXN05488,2024-05-20,PRD019,WH001,,Sale,-73,71.84,0
TXN06632,2024-05-20,PRD023,WH001,,Sale,-97,22.68,0
TXN06638,2024-05-20,PRD023,WH002,,Sale,-66,22.0,0
TXN00484,2024-05-21,PRD002,WH001,,Sale,-59,51.4,0
TXN01074,2024-05-21,PRD004,WH003,,Sale,-9,134.27,0
TXN01673,2024-05-21,PRD006,WH003,,Sale,-5,146.47,0
TXN01958,2024-05-21,PRD007,WH001,,Sale,-92,83.37,0
TXN02822,2024-05-21,PRD010,WH002,,Sale,-65,26.01,0
TXN03123,2024-05-21,PRD011,WH003,,Sale,-43,59.05,0
TXN04032,2024-05-21,PRD014,WH003,,Sale,-13,99.19,0
TXN04583,2024-05-21,PRD016,WH001,,Sale,-57,175.81,0
TXN04592,2024-05-21,PRD016,WH003,,Sale,-5,188.43,0
TXN04889,2024-05-21,PRD017,WH001,,Sale,-69,176.71,0
TXN05494,2024-05-21,PRD019,WH002,,Sale,-80,74.31,0
TXN06072,2024-05-21,PRD021,WH003,,Sale,-34,26.93,0
TXN06641,2024-05-21,PRD023,WH002,,Sale,-123,21.6,0
TXN07829,2024-05-21,PRD027,WH003,,Sale,-6,220.0,0
TXN08400,2024-05-21,PRD029,WH003,,Sale,-43,118.01,0
TXN00201,2024-05-22,PRD001,WH003,,Sale,-31,27.94,0
TXN00778,2024-05-22,PRD003,WH002,,Sale,-36,135.63,0
TXN01067,2024-05-22,PRD004,WH001,,Sale,-49,135.32,0
TXN04317,2024-05-22,PRD015,WH002,,Sale,-37,50.1,0
TXN04586,2024-05-22,PRD016,WH002,,Sale,-12,190.26,0
TXN06061,2024-05-22,PRD021,WH001,,Sale,-137,27.22,0
TXN06070,2024-05-22,PRD021,WH003,,Sale,-48,27.52,0
TXN06633,2024-05-22,PRD023,WH001,,Sale,-131,21.19,0
TXN06940,2024-05-22,PRD024,WH001,,Sale,-28,377.29,0
TXN08114,2024-05-22,PRD028,WH002,,Sale,-11,261.72,0
TXN08116,2024-05-22,PRD028,WH002,,Sale,-17,259.9,0
TXN08117,2024-05-22,PRD028,WH002,,Sale,-17,269.67,0
TXN08396,2024-05-22,PRD029,WH002,,Sale,-38,125.66,0
TXN02262,2024-05-25,PRD008,WH001,,Sale,-18,95.17,0
TXN02270,2024-05-25,PRD008,WH003,,Sale,-10,96.32,0
TXN03739,2024-05-25,PRD013,WH003,,Sale,-43,36.05,0
TXN04599,2024-05-25,PRD016,WH001,,Sale,-17,188.1,0
TXN05499,2024-05-25,PRD019,WH001,,Sale,-69,71.5,0
TXN05782,2024-05-25,PRD020,WH002,,Sale,-66,38.97,0
TXN06649,2024-05-25,PRD023,WH001,,Sale,-203,22.18,0
TXN06658,2024-05-25,PRD023,WH003,,Sale,-75,22.16,0
TXN06964,2024-05-25,PRD024,WH003,,Sale,-7,370.84,0
TXN07545,2024-05-25,PRD026,WH001,,Sale,-49,53.12,0
TXN08693,2024-05-25,PRD030,WH003,,Sale,-30,142.68,0
TXN00500,2024-05-26,PRD002,WH002,,Sale,-29,50.0,0
TXN00506,2024-05-26,PRD002,WH003,,Sale,-45,48.95,0
TXN01087,2024-05-26,PRD004,WH002,,Sale,-17,145.97,0
TXN01383,2024-05-26,PRD005,WH003,,Sale,-26,67.91,0
TXN03127,2024-05-26,PRD011,WH001,,Sale,-31,56.79,0
TXN04597,2024-05-26,PRD016,WH001,,Sale,-19,191.56,0
TXN05214,2024-05-26,PRD018,WH001,,Sale,-56,247.69,0
TXN06655,2024-05-26,PRD023,WH003,,Sale,-52,21.92,0
TXN07249,2024-05-26,PRD025,WH002,,Sale,-18,136.64,0
TXN07835,2024-05-26,PRD027,WH002,,Sale,-17,212.76,0
TXN00214,2024-05-27,PRD001,WH003,,Sale,-37,28.52,0
TXN00789,2024-05-27,PRD003,WH002,,Sale,-47,130.4,0
TXN01976,2024-05-27,PRD007,WH003,,Sale,-27,81.69,0
TXN02265,2024-05-27,PRD008,WH002,,Sale,-33,93.49,0
TXN04605,2024-05-27,PRD016,WH002,,Sale,-7,182.69,0
TXN05786,2024-05-27,PRD020,WH003,,Sale,-34,36.14,0
TXN06366,2024-05-27,PRD022,WH001,,Sale,-169,19.36,0
TXN06648,2024-05-27,PRD023,WH001,,Sale,-140,21.37,0
TXN06952,2024-05-27,PRD024,WH001,,Sale,-21,396.5,0
TXN07247,2024-05-27,PRD025,WH002,,Sale,-31,132.77,0
TXN07251,2024-05-27,PRD025,WH003,,Sale,-13,131.52,0
TXN07548,2024-05-27,PRD026,WH002,,Sale,-31,52.9,0
TXN08408,2024-05-27,PRD029,WH003,,Sale,-21,120.42,0
TXN00787,2024-05-28,PRD003,WH001,,Sale,-32,127.57,0
TXN00793,2024-05-28,PRD003,WH003,,Sale,-19,125.32,0
TXN01381,2024-05-28,PRD005,WH003,,Sale,-21,70.16,0
TXN01677,2024-05-28,PRD006,WH001,,Sale,-34,143.02,0
TXN03434,2024-05-28,PRD012,WH001,,Sale,-31,143.31,0
TXN05785,2024-05-28,PRD020,WH003,,Sale,-35,38.29,0
TXN06077,2024-05-28,PRD021,WH001,,Sale,-64,26.98,0
TXN07551,2024-05-28,PRD026,WH003,,Sale,-41,53.95,0
TXN08403,2024-05-28,PRD029,WH002,,Sale,-60,122.26,0
TXN08405,2024-05-28,PRD029,WH003,,Sale,-18,118.95,0
TXN00788,2024-05-29,PRD003,WH001,,Sale,-28,128.48,0
TXN01975,2024-05-29,PRD007,WH002,,Sale,-91,80.78,0
TXN02263,2024-05-29,PRD008,WH001,,Sale,-23,90.79,0
TXN02831,2024-05-29,PRD010,WH001,,Sale,-90,25.01,0
TXN04902,2024-05-29,PRD017,WH001,,Sale,-57,166.71,0
TXN05501,2024-05-29,PRD019,WH001,,Sale,-72,75.52,0
TXN05506,2024-05-29,PRD019,WH002,,Sale,-40,72.96,0
TXN06368,2024-05-29,PRD022,WH001,,Sale,-131,19.6,0
TXN06652,2024-05-29,PRD023,WH002,,Sale,-94,22.75,0
TXN06653,2024-05-29,PRD023,WH002,,Sale,-61,22.12,0
TXN08123,2024-05-29,PRD028,WH001,,Sale,-48,259.38,0
TXN08407,2024-05-29,PRD029,WH003,,Sale,-12,116.28,0
TXN01083,2024-05-30,PRD004,WH001,,Sale,-23,139.89,0
TXN01974,2024-05-30,PRD007,WH002,,Sale,-92,86.11,0
TXN03431,2024-05-30,PRD012,WH001,,Sale,-52,151.15,0
TXN03738,2024-05-30,PRD013,WH002,,Sale,-53,33.26,0
TXN04322,2024-05-30,PRD015,WH001,,Sale,-73,47.46,0
TXN04328,2024-05-30,PRD015,WH003,,Sale,-19,46.51,0
TXN04598,2024-05-30,PRD016,WH001,,Sale,-28,184.6,0
TXN05508,2024-05-30,PRD019,WH002,,Sale,-28,77.36,0
TXN06371,2024-05-30,PRD022,WH002,,Sale,-81,20.1,0
TXN06961,2024-05-30,PRD024,WH003,,Sale,-5,378.03,0
TXN07252,2024-05-30,PRD025,WH003,,Sale,-14,135.46,0
TXN07840,2024-05-30,PRD027,WH003,,Sale,-7,217.5,0
TXN00791,2024-05-31,PRD003,WH002,,Sale,-47,131.67,0
TXN01084,2024-05-31,PRD004,WH002,,Sale,-18,134.69,0
TXN01085,2024-05-31,PRD004,WH002,,Sale,-20,139.4,0
TXN02264,2024-05-31,PRD008,WH002,,Sale,-27,96.34,0
TXN04602,2024-05-31,PRD016,WH002,,Sale,-10,177.14,0
TXN05220,2024-05-31,PRD018,WH003,,Sale,-14,254.06,0
TXN05511,2024-05-31,PRD019,WH003,,Sale,-26,75.0,0
TXN01080,2024-06-01,PRD004,WH001,,Sale,-31,133.03,0
TXN02540,2024-06-01,PRD009,WH001,,Sale,-165,19.07,0
TXN03133,2024-06-01,PRD011,WH003,,Sale,-30,58.38,0
TXN04039,2024-06-01,PRD014,WH002,,Sale,-17,101.4,0
TXN04908,2024-06-01,PRD017,WH003,,Sale,-18,172.71,0
TXN05218,2024-06-01,PRD018,WH003,,Sale,-15,262.4,0
TXN06370,2024-06-01,PRD022,WH002,,Sale,-138,19.92,0
TXN07250,2024-06-01,PRD025,WH003,,Sale,-10,136.8,0
TXN08126,2024-06-01,PRD028,WH002,,Sale,-33,262.68,0
TXN08690,2024-06-01,PRD030,WH002,,Sale,-41,136.89,0
TXN00505,2024-06-02,PRD002,WH003,,Sale,0,49.75,1
TXN01971,2024-06-02,PRD007,WH001,,Sale,-33,85.05,0
TXN02833,2024-06-02,PRD010,WH001,,Sale,-86,25.84,0
TXN03733,2024-06-02,PRD013,WH001,,Sale,-112,35.0,0
TXN03736,2024-06-02,PRD013,WH002,,Sale,-40,33.32,0
TXN04323,2024-06-02,PRD015,WH001,,Sale,-98,49.08,0
TXN06080,2024-06-02,PRD021,WH003,,Sale,-30,27.03,0
TXN06364,2024-06-02,PRD022,WH001,,Sale,-106,19.67,0
TXN07544,2024-06-02,PRD026,WH001,,Sale,-52,53.1,0
TXN08125,2024-06-02,PRD028,WH002,,Sale,-16,267.49,0
TXN08683,2024-06-02,PRD030,WH001,,Sale,-23,137.82,0
TXN08688,2024-06-02,PRD030,WH002,,Sale,-27,137.61,0
TXN01374,2024-06-03,PRD005,WH001,,Sale,-72,72.24,0
TXN03126,2024-06-03,PRD011,WH001,,Sale,-68,58.71,0
TXN03432,2024-06-03,PRD012,WH001,,Sale,-31,137.8,0
TXN03732,2024-06-03,PRD013,WH001,,Sale,-73,34.49,0
TXN04043,2024-06-03,PRD014,WH003,,Sale,-5,97.42,0
TXN04046,2024-06-03,PRD014,WH003,,Sale,-5,96.21,0
TXN04606,2024-06-03,PRD016,WH003,,Sale,-16,187.4,0
TXN05221,2024-06-03,PRD018,WH003,,Sale,-12,245.17,0
TXN05505,2024-06-03,PRD019,WH002,,Sale,-64,72.81,0
TXN05513,2024-06-03,PRD019,WH001,SUP007,Return,15,46.4,0
TXN06084,2024-06-03,PRD021,WH003,,Sale,-31,27.82,0
TXN06367,2024-06-03,PRD022,WH001,,Sale,-137,20.62,0
TXN06657,2024-06-03,PRD023,WH003,,Sale,-72,23.07,0
TXN00502,2024-06-04,PRD002,WH002,,Sale,-45,51.81,0
TXN01380,2024-06-04,PRD005,WH003,,Sale,-26,70.0,0
TXN01681,2024-06-04,PRD006,WH002,,Sale,-5,156.07,0
TXN01973,2024-06-04,PRD007,WH001,,Sale,-52,84.6,0
TXN02834,2024-06-04,PRD010,WH001,,Sale,-50,24.26,0
TXN03735,2024-06-04,PRD013,WH002,,Sale,-59,34.83,0
TXN04324,2024-06-04,PRD015,WH002,,Sale,-72,46.37,0
TXN05781,2024-06-04,PRD020,WH002,,Sale,-82,38.93,0
TXN05784,2024-06-04,PRD020,WH002,,Sale,-79,36.84,0
TXN05789,2024-06-04,PRD020,WH003,,Sale,-26,37.43,0
TXN06075,2024-06-04,PRD021,WH001,,Sale,-78,27.92,0
TXN06076,2024-06-04,PRD021,WH001,,Sale,-54,28.68,0
TXN06078,2024-06-04,PRD021,WH002,,Sale,-205,28.86,0
TXN07839,2024-06-04,PRD027,WH003,,Sale,-8,221.08,0
TXN03439,2024-06-05,PRD012,WH003,,Sale,-60,138.08,0
TXN03740,2024-06-05,PRD013,WH003,,Sale,-52,36.26,0
TXN05222,2024-06-05,PRD018,WH003,,Sale,-13,259.05,0
TXN06654,2024-06-05,PRD023,WH002,,Sale,-57,21.76,0
TXN06957,2024-06-05,PRD024,WH002,,Sale,-10,365.03,0
TXN06959,2024-06-05,PRD024,WH002,,Sale,-11,396.69,0
TXN07836,2024-06-05,PRD027,WH002,,Sale,-15,230.34,0
TXN08122,2024-06-05,PRD028,WH001,,Sale,-44,264.55,0
TXN00206,2024-06-06,PRD001,WH001,,Sale,-93,27.86,0
TXN00786,2024-06-06,PRD003,WH001,,Sale,-18,124.66,0
TXN01376,2024-06-06,PRD005,WH001,,Sale,-107,71.64,0
TXN02544,2024-06-06,PRD009,WH002,,Sale,-79,20.3,0
TXN03734,2024-06-06,PRD013,WH001,,Sale,-71,33.95,0
TXN04037,2024-06-06,PRD014,WH001,,Sale,-35,100.23,0
TXN05217,2024-06-06,PRD018,WH002,,Sale,-46,255.43,0
TXN06083,2024-06-06,PRD021,WH003,,Sale,-26,26.65,0
TXN08406,2024-06-06,PRD029,WH003,,Sale,-23,118.74,0
TXN01091,2024-06-07,PRD004,WH003,,Sale,-11,144.74,0
TXN02268,2024-06-07,PRD008,WH003,,Sale,-8,93.37,0
TXN02543,2024-06-07,PRD009,WH002,,Sale,-111,19.15,0
TXN02546,2024-06-07,PRD009,WH002,,Sale,-103,20.88,0
TXN02830,2024-06-07,PRD010,WH001,,Sale,-81,24.33,0
TXN03435,2024-06-07,PRD012,WH001,,Sale,-50,143.7,0
TXN04038,2024-06-07,PRD014,WH002,,Sale,-11,101.88,0
TXN04901,2024-06-07,PRD017,WH001,,Sale,-33,181.09,0
TXN06955,2024-06-07,PRD024,WH001,,Sale,-22,375.84,0
TXN07549,2024-06-07,PRD026,WH002,,Sale,-29,55.87,0
TXN07550,2024-06-07,PRD026,WH002,,Sale,-30,57.69,0
TXN08694,2024-06-07,PRD030,WH003,,Sale,-28,135.55,0
TXN00212,2024-06-08,PRD001,WH002,,Sale,-50,28.53,0
TXN00501,2024-06-08,PRD002,WH002,,Sale,-39,48.52,0
TXN00792,2024-06-08,PRD003,WH003,,Sale,-28,134.68,0
TXN01079,2024-06-08,PRD004,WH001,,Sale,-24,134.6,0
TXN01375,2024-06-08,PRD005,WH001,,Sale,-103,66.51,0
TXN02545,2024-06-08,PRD009,WH002,,Sale,-80,19.17,0
TXN05504,2024-06-08,PRD019,WH002,,Sale,-41,73.23,0
TXN05509,2024-06-08,PRD019,WH003,,Sale,-30,76.89,0
TXN06372,2024-06-08,PRD022,WH002,,Sale,-95,19.81,0
TXN06962,2024-06-08,PRD024,WH003,,Sale,-8,366.93,0
TXN07547,2024-06-08,PRD026,WH002,,Sale,-30,54.51,0
TXN07834,2024-06-08,PRD027,WH001,,Sale,-38,225.26,0
TXN08689,2024-06-08,PRD030,WH002,,Sale,-26,143.62,0
TXN00499,2024-06-09,PRD002,WH001,,Sale,-97,48.72,0
TXN01683,2024-06-09,PRD006,WH002,,Sale,-9,149.04,0
TXN05788,2024-06-09,PRD020,WH003,,Sale,-25,37.27,0
TXN06073,2024-06-09,PRD021,WH001,,Sale,-90,28.02,0
TXN06650,2024-06-09,PRD023,WH002,,Sale,-103,22.21,0
TXN01082,2024-06-10,PRD004,WH001,,Sale,-24,138.23,0
TXN01089,2024-06-10,PRD004,WH003,,Sale,-11,134.88,0
TXN01090,2024-06-10,PRD004,WH003,,Sale,-11,143.31,0
TXN01092,2024-06-10,PRD004,WH003,,Sale,-11,143.94,0
TXN01682,2024-06-10,PRD006,WH002,,Sale,-7,153.11,0
TXN04042,2024-06-10,PRD014,WH002,,Sale,-13,103.0,0
TXN04327,2024-06-10,PRD015,WH003,,Sale,-13,49.32,0
TXN04903,2024-06-10,PRD017,WH001,,Sale,-38,174.31,0
TXN06954,2024-06-10,PRD024,WH001,,Sale,-20,380.98,0
TXN06960,2024-06-10,PRD024,WH003,,Sale,-6,372.26,0
TXN07246,2024-06-10,PRD025,WH001,,Sale,-44,136.94,0
TXN07833,2024-06-10,PRD027,WH001,,Sale,-27,227.06,0
TXN08402,2024-06-10,PRD029,WH001,,Sale,-90,119.75,0
TXN08686,2024-06-10,PRD030,WH001,,Sale,-37,140.26,0
TXN00204,2024-06-11,PRD001,WH001,,Sale,-66,28.74,0
TXN00211,2024-06-11,PRD001,WH002,,Sale,-51,26.81,0
TXN00217,2024-06-11,PRD001,WH003,,Sale,-23,27.23,0
TXN00498,2024-06-11,PRD002,WH001,,Sale,-123,48.95,0
TXN03737,2024-06-11,PRD013,WH002,,Sale,-64,33.46,0
TXN04325,2024-06-11,PRD015,WH002,,Sale,-129,46.53,0
TXN04907,2024-06-11,PRD017,WH003,,Sale,-22,182.76,0
TXN05779,2024-06-11,PRD020,WH001,,Sale,-134,39.37,0
TXN05787,2024-06-11,PRD020,WH003,,Sale,-36,36.58,0
TXN06953,2024-06-11,PRD024,WH001,,Sale,-17,383.69,0
TXN01088,2024-06-12,PRD004,WH002,,Sale,-16,134.73,0
TXN01685,2024-06-12,PRD006,WH003,,Sale,-16,150.53,0
TXN02267,2024-06-12,PRD008,WH003,,Sale,-9,99.4,0
TXN03130,2024-06-12,PRD011,WH002,,Sale,-101,59.23,0
TXN03437,2024-06-12,PRD012,WH002,,Sale,-83,148.37,0
TXN03438,2024-06-12,PRD012,WH003,,Sale,-40,146.82,0
TXN05215,2024-06-12,PRD018,WH001,,Sale,-94,237.83,0
TXN05778,2024-06-12,PRD020,WH001,,Sale,-143,36.28,0
TXN05780,2024-06-12,PRD020,WH001,,Sale,-211,36.89,0
TXN06079,2024-06-12,PRD021,WH002,,Sale,-97,27.64,0
TXN06369,2024-06-12,PRD022,WH002,,Sale,-118,19.18,0
TXN08687,2024-06-12,PRD030,WH001,,Sale,-43,146.9,0
TXN08692,2024-06-12,PRD030,WH002,,Sale,-27,146.88,0
TXN00208,2024-06-13,PRD001,WH002,,Sale,-56,29.29,0
TXN01377,2024-06-13,PRD005,WH002,,Sale,-116,68.17,0
TXN01972,2024-06-13,PRD007,WH001,,Sale,-41,86.95,0
TXN02261,2024-06-13,PRD008,WH001,,Sale,-19,93.51,0
TXN02266,2024-06-13,PRD008,WH003,,Sale,-10,96.83,0
TXN02542,2024-06-13,PRD009,WH001,,Sale,-196,20.1,0
TXN03128,2024-06-13,PRD011,WH002,,Sale,-56,56.33,0
TXN03436,2024-06-13,PRD012,WH002,,Sale,-70,145.05,0
TXN04600,2024-06-13,PRD016,WH001,,Sale,-25,182.98,0
TXN04909,2024-06-13,PRD017,WH003,,Sale,-16,176.25,0
TXN05512,2024-06-13,PRD019,WH003,,Sale,-52,77.2,0
TXN06082,2024-06-13,PRD021,WH003,,Sale,-35,27.89,0
TXN06647,2024-06-13,PRD023,WH001,,Sale,-102,22.61,0
TXN06956,2024-06-13,PRD024,WH002,,Sale,-20,369.39,0
TXN07248,2024-06-13,PRD025,WH002,,Sale,-25,138.46,0
TXN07552,2024-06-13,PRD026,WH003,,Sale,-34,55.22,0
TXN08409,2024-06-13,PRD029,WH003,,Sale,-15,117.83,0
TXN08691,2024-06-13,PRD030,WH002,,Sale,-21,145.97,0
TXN00497,2024-06-14,PRD002,WH001,,Sale,-92,47.65,0
TXN00790,2024-06-14,PRD003,WH002,,Sale,-28,125.63,0
TXN01081,2024-06-14,PRD004,WH001,,Sale,-24,146.5,0
TXN01679,2024-06-14,PRD006,WH002,,Sale,-7,152.11,0
TXN02548,2024-06-14,PRD009,WH003,,Sale,-98,19.39,0
TXN02838,2024-06-14,PRD010,WH003,,Sale,-102,25.69,0
TXN03125,2024-06-14,PRD011,WH001,,Sale,-80,57.27,0
TXN03132,2024-06-14,PRD011,WH003,,Sale,-35,55.55,0
TXN05223,2024-06-14,PRD018,WH002,SUP004,Return,19,156.0,0
TXN05500,2024-06-14,PRD019,WH001,,Sale,-80,73.6,0
TXN06081,2024-06-14,PRD021,WH003,,Sale,-41,26.73,0
TXN08128,2024-06-14,PRD028,WH003,,Sale,-13,277.58,0
TXN00210,2024-06-15,PRD001,WH002,,Sale,-46,26.83,0
TXN01378,2024-06-15,PRD005,WH002,,Sale,-156,73.27,0
TXN01680,2024-06-15,PRD006,WH002,,Sale,-9,148.36,0
TXN02549,2024-06-15,PRD009,WH003,,Sale,-78,20.3,0
TXN03131,2024-06-15,PRD011,WH003,,Sale,-40,59.31,0
TXN04905,2024-06-15,PRD017,WH002,,Sale,-82,177.89,0
TXN07838,2024-06-15,PRD027,WH003,,Sale,-12,219.94,0
TXN08129,2024-06-15,PRD028,WH003,,Sale,-10,260.55,0
TXN08695,2024-06-15,PRD030,WH003,,Sale,-15,146.87,0
TXN00213,2024-06-16,PRD001,WH003,,Sale,-25,27.39,0
TXN00785,2024-06-16,PRD003,WH001,,Sale,-31,125.22,0
TXN01086,2024-06-16,PRD004,WH002,,Sale,-18,137.73,0
TXN01093,2024-06-16,PRD004,WH003,,Sale,-14,141.1,0
TXN01684,2024-06-16,PRD006,WH003,,Sale,-8,154.77,0
TXN01977,2024-06-16,PRD007,WH003,,Sale,-28,88.99,0
TXN02539,2024-06-16,PRD009,WH001,,Sale,-140,19.2,0
TXN02836,2024-06-16,PRD010,WH002,,Sale,-111,25.11,0
TXN03129,2024-06-16,PRD011,WH002,,Sale,-79,59.63,0
TXN04041,2024-06-16,PRD014,WH002,,Sale,-14,95.01,0
TXN05219,2024-06-16,PRD018,WH003,,Sale,-12,254.51,0
TXN06958,2024-06-16,PRD024,WH002,,Sale,-21,388.76,0
TXN08124,2024-06-16,PRD028,WH002,,Sale,-25,273.83,0
TXN08127,2024-06-16,PRD028,WH003,,Sale,-13,277.12,0
TXN08401,2024-06-16,PRD029,WH001,,Sale,-127,124.67,0
TXN00794,2024-06-17,PRD003,WH003,,Sale,-24,128.49,0
TXN01678,2024-06-17,PRD006,WH001,,Sale,-19,146.26,0
TXN02547,2024-06-17,PRD009,WH003,,Sale,-60,19.54,0
TXN02837,2024-06-17,PRD010,WH003,,Sale,-58,24.08,0
TXN04036,2024-06-17,PRD014,WH001,,Sale,0,103.36,1
TXN04607,2024-06-17,PRD016,WH003,,Sale,-15,181.7,0
TXN05783,2024-06-17,PRD020,WH002,,Sale,-62,36.15,0
TXN06646,2024-06-17,PRD023,WH001,,Sale,-146,22.08,0
TXN08404,2024-06-17,PRD029,WH002,,Sale,-51,117.2,0
TXN00209,2024-06-18,PRD001,WH002,,Sale,-39,27.18,0
TXN00504,2024-06-18,PRD002,WH002,,Sale,-44,49.35,0
TXN01379,2024-06-18,PRD005,WH003,,Sale,-28,70.36,0
TXN01978,2024-06-18,PRD007,WH003,,Sale,-46,81.86,0
TXN02260,2024-06-18,PRD008,WH001,,Sale,-26,91.63,0
TXN02835,2024-06-18,PRD010,WH002,,Sale,-84,25.23,0
TXN03433,2024-06-18,PRD012,WH001,,Sale,-50,144.48,0
TXN04047,2024-06-18,PRD014,WH003,,Sale,-8,101.8,0
TXN04329,2024-06-18,PRD015,WH003,,Sale,-24,48.0,0
TXN04910,2024-06-18,PRD017,WH003,,Sale,-15,176.48,0
TXN05502,2024-06-18,PRD019,WH001,,Sale,-52,75.62,0
TXN05510,2024-06-18,PRD019,WH003,,Sale,-40,78.17,0
TXN06373,2024-06-18,PRD022,WH003,,Sale,-119,19.9,0
TXN06374,2024-06-18,PRD022,WH003,,Sale,-109,19.59,0
TXN06656,2024-06-18,PRD023,WH003,,Sale,-57,21.73,0
TXN06963,2024-06-18,PRD024,WH003,,Sale,-6,385.83,0
TXN07543,2024-06-18,PRD026,WH001,,Sale,-32,57.6,0
TXN00205,2024-06-19,PRD001,WH001,,Sale,-88,28.33,0
TXN00215,2024-06-19,PRD001,WH003,,Sale,-36,28.82,0
TXN00216,2024-06-19,PRD001,WH003,,Sale,-27,29.21,0
TXN02269,2024-06-19,PRD008,WH003,,Sale,-5,98.9,0
TXN02832,2024-06-19,PRD010,WH001,,Sale,-83,24.73,0
TXN03124,2024-06-19,PRD011,WH001,,Sale,-53,57.19,0
TXN04035,2024-06-19,PRD014,WH001,,Sale,-35,98.35,0
TXN04326,2024-06-19,PRD015,WH003,,Sale,-23,49.23,0
TXN04906,2024-06-19,PRD017,WH002,,Sale,-38,177.81,0
TXN05503,2024-06-19,PRD019,WH001,,Sale,-50,76.15,0
TXN06074,2024-06-19,PRD021,WH001,,Sale,-77,27.79,0
TXN07546,2024-06-19,PRD026,WH001,,Sale,-23,56.85,0
TXN00784,2024-06-20,PRD003,WH001,,Sale,-30,125.07,0
TXN01382,2024-06-20,PRD005,WH003,,Sale,-19,73.06,0
TXN01969,2024-06-20,PRD007,WH001,,Sale,-38,83.58,0
TXN01970,2024-06-20,PRD007,WH001,,Sale,-38,81.6,0
TXN04040,2024-06-20,PRD014,WH002,,Sale,-11,100.0,0
TXN04044,2024-06-20,PRD014,WH003,,Sale,-7,97.09,0
TXN04045,2024-06-20,PRD014,WH003,,Sale,-8,96.91,0
TXN04601,2024-06-20,PRD016,WH002,,Sale,-8,193.87,0
TXN04603,2024-06-20,PRD016,WH002,,Sale,-13,187.07,0
TXN04604,2024-06-20,PRD016,WH002,,Sale,-14,191.56,0
TXN04900,2024-06-20,PRD017,WH001,,Sale,-29,182.19,0
TXN05216,2024-06-20,PRD018,WH002,,Sale,-56,251.19,0
TXN05507,2024-06-20,PRD019,WH002,,Sale,-56,74.0,0
TXN06365,2024-06-20,PRD022,WH001,,Sale,-138,20.75,0
TXN06651,2024-06-20,PRD023,WH002,,Sale,-100,22.87,0
TXN07245,2024-06-20,PRD025,WH001,,Sale,-47,135.43,0
TXN08684,2024-06-20,PRD030,WH001,,Sale,-27,145.56,0
TXN00207,2024-06-21,PRD001,WH001,,Sale,-65,28.25,0
TXN00503,2024-06-21,PRD002,WH002,,Sale,-37,49.23,0
TXN02541,2024-06-21,PRD009,WH001,,Sale,-98,20.67,0
TXN04904,2024-06-21,PRD017,WH001,,Sale,-49,169.25,0
TXN07837,2024-06-21,PRD027,WH002,,Sale,-28,226.26,0
TXN08685,2024-06-21,PRD030,WH001,,Sale,-35,146.2,0
TXN00218,2024-06-24,PRD001,WH001,SUP001,Purchase,709,17.52,0
TXN00225,2024-06-24,PRD001,WH002,,Sale,-94,29.4,0
TXN00797,2024-06-24,PRD003,WH001,,Sale,-65,134.52,0
TXN00806,2024-06-24,PRD003,WH003,,Sale,-22,126.91,0
TXN01108,2024-06-24,PRD004,WH003,,Sale,-9,138.33,0
TXN01686,2024-06-24,PRD006,WH001,SUP002,Purchase,116,96.01,0
TXN01988,2024-06-24,PRD007,WH003,,Sale,-20,86.86,0
TXN02842,2024-06-24,PRD010,WH001,,Sale,-83,25.35,0
TXN03443,2024-06-24,PRD012,WH001,,Sale,-45,140.75,0
TXN04051,2024-06-24,PRD014,WH002,SUP002,Purchase,166,65.93,0
TXN04055,2024-06-24,PRD014,WH003,,Sale,-12,98.8,0
TXN05522,2024-06-24,PRD019,WH003,SUP007,Purchase,314,56.04,0
TXN06091,2024-06-24,PRD021,WH002,SUP004,Purchase,545,17.59,0
TXN06672,2024-06-24,PRD023,WH003,,Sale,-34,22.0,0
TXN07260,2024-06-24,PRD025,WH002,,Sale,-30,139.89,0
TXN07566,2024-06-24,PRD026,WH003,,Sale,-15,56.85,0
TXN07843,2024-06-24,PRD027,WH001,,Sale,-19,227.29,0
TXN08133,2024-06-24,PRD028,WH001,,Sale,-23,268.55,0
TXN08422,2024-06-24,PRD029,WH003,SUP008,Purchase,172,80.28,0
TXN08702,2024-06-24,PRD030,WH003,SUP008,Purchase,215,98.54,0
TXN00515,2024-06-25,PRD002,WH002,,Sale,-36,49.5,0
TXN00807,2024-06-25,PRD003,WH003,,Sale,-15,135.83,0
TXN01104,2024-06-25,PRD004,WH003,SUP002,Purchase,143,91.88,0
TXN01109,2024-06-25,PRD004,WH003,,Sale,-7,135.8,0
TXN01388,2024-06-25,PRD005,WH001,,Sale,-55,69.03,0
TXN01390,2024-06-25,PRD005,WH002,,Sale,-115,71.64,0
TXN01392,2024-06-25,PRD005,WH003,SUP002,Purchase,413,43.56,0
TXN01698,2024-06-25,PRD006,WH003,,Sale,-6,148.58,0
TXN02843,2024-06-25,PRD010,WH002,SUP005,Purchase,698,14.53,0
TXN02846,2024-06-25,PRD010,WH003,SUP005,Purchase,327,14.99,0
TXN04336,2024-06-25,PRD015,WH002,SUP003,Purchase,299,30.23,0
TXN04340,2024-06-25,PRD015,WH003,,Sale,-20,50.11,0
TXN04609,2024-06-25,PRD016,WH001,,Sale,-18,189.25,0
TXN04617,2024-06-25,PRD016,WH002,,Sale,-26,193.92,0
TXN04618,2024-06-25,PRD016,WH003,SUP002,Purchase,89,122.58,0
TXN05231,2024-06-25,PRD018,WH003,,Sale,-34,251.78,0
TXN05791,2024-06-25,PRD020,WH001,,Sale,-253,37.18,0
TXN06087,2024-06-25,PRD021,WH001,,Sale,-67,28.92,0
TXN06099,2024-06-25,PRD021,WH003,,Sale,-43,27.86,0
TXN06664,2024-06-25,PRD023,WH002,SUP006,Purchase,821,13.84,0
TXN06965,2024-06-25,PRD024,WH001,SUP006,Purchase,0,275.39,1
TXN07263,2024-06-25,PRD025,WH003,SUP006,Purchase,84,96.88,0
TXN07557,2024-06-25,PRD026,WH002,SUP010,Purchase,383,33.68,0
TXN08705,2024-06-25,PRD030,WH003,,Sale,-11,134.84,0
TXN08707,2024-06-25,PRD030,WH003,,Sale,-17,135.98,0
TXN00507,2024-06-26,PRD002,WH001,SUP001,Purchase,566,32.8,0
TXN00802,2024-06-26,PRD003,WH002,,Sale,-32,130.37,0
TXN01391,2024-06-26,PRD005,WH002,,Sale,-184,73.11,0
TXN01981,2024-06-26,PRD007,WH001,,Sale,-51,84.27,0
TXN01986,2024-06-26,PRD007,WH003,SUP002,Purchase,237,53.02,0
TXN03448,2024-06-26,PRD012,WH002,,Sale,-42,137.85,0
TXN03741,2024-06-26,PRD013,WH001,SUP002,Purchase,629,22.06,0
TXN04343,2024-06-26,PRD015,WH003,,Sale,-17,50.28,0
TXN04615,2024-06-26,PRD016,WH002,,Sale,-20,189.55,0
TXN04621,2024-06-26,PRD016,WH003,,Sale,-8,193.09,0
TXN05224,2024-06-26,PRD018,WH001,SUP004,Purchase,443,192.41,0
TXN06102,2024-06-26,PRD021,WH003,,Sale,-25,29.01,0
TXN06384,2024-06-26,PRD022,WH003,SUP010,Purchase,599,11.74,0
TXN06973,2024-06-26,PRD024,WH003,SUP006,Purchase,85,273.1,0
TXN07253,2024-06-26,PRD025,WH001,SUP006,Purchase,274,98.69,0
TXN07554,2024-06-26,PRD026,WH001,,Sale,-47,56.01,0
TXN07844,2024-06-26,PRD027,WH001,,Sale,-18,223.66,0
TXN08134,2024-06-26,PRD028,WH002,SUP006,Purchase,169,191.19,0
TXN00513,2024-06-27,PRD002,WH002,,Sale,-27,49.65,0
TXN00799,2024-06-27,PRD003,WH002,SUP001,Purchase,309,86.69,0
TXN00801,2024-06-27,PRD003,WH002,,Sale,-30,126.63,0
TXN01983,2024-06-27,PRD007,WH002,SUP002,Purchase,450,52.89,0
TXN02279,2024-06-27,PRD008,WH003,SUP003,Purchase,83,57.7,0
TXN02281,2024-06-27,PRD008,WH003,,Sale,-13,93.46,0
TXN02552,2024-06-27,PRD009,WH001,,Sale,-75,20.37,0
TXN02557,2024-06-27,PRD009,WH002,,Sale,-102,19.35,0
TXN02559,2024-06-27,PRD009,WH002,,Sale,-154,20.06,0
TXN02839,2024-06-27,PRD010,WH001,SUP005,Purchase,743,15.04,0
TXN03138,2024-06-27,PRD011,WH002,,Sale,-42,59.12,0
TXN03444,2024-06-27,PRD012,WH002,SUP001,Purchase,411,96.4,0
TXN04915,2024-06-27,PRD017,WH001,,Sale,-35,174.15,0
TXN05230,2024-06-27,PRD018,WH003,SUP004,Purchase,138,192.0,0
TXN05514,2024-06-27,PRD019,WH001,SUP007,Purchase,941,56.63,0
TXN05793,2024-06-27,PRD020,WH002,SUP003,Purchase,837,24.8,0
TXN06667,2024-06-27,PRD023,WH002,,Sale,-103,22.14,0
TXN06669,2024-06-27,PRD023,WH003,,Sale,-50,22.34,0
TXN07266,2024-06-27,PRD025,WH003,,Sale,-15,133.72,0
TXN07848,2024-06-27,PRD027,WH002,,Sale,-9,226.46,0
TXN07852,2024-06-27,PRD027,WH003,SUP009,Purchase,78,150.21,0
TXN08696,2024-06-27,PRD030,WH001,SUP008,Purchase,359,95.12,0
TXN00226,2024-06-28,PRD001,WH003,SUP001,Purchase,417,18.11,0
TXN00518,2024-06-28,PRD002,WH003,SUP001,Purchase,326,32.83,0
TXN00795,2024-06-28,PRD003,WH001,SUP001,Purchase,309,85.98,0
TXN01097,2024-06-28,PRD004,WH001,,Sale,-24,134.93,0
TXN02560,2024-06-28,PRD009,WH003,SUP005,Purchase,633,12.05,0
TXN03742,2024-06-28,PRD013,WH001,,Sale,-60,35.35,0
TXN04341,2024-06-28,PRD015,WH003,,Sale,-17,48.94,0
TXN04342,2024-06-28,PRD015,WH003,,Sale,-18,46.95,0
TXN04613,2024-06-28,PRD016,WH001,,Sale,-23,189.18,0
TXN05792,2024-06-28,PRD020,WH001,,Sale,-143,37.24,0
TXN06100,2024-06-28,PRD021,WH003,,Sale,-32,26.63,0
TXN06375,2024-06-28,PRD022,WH001,SUP010,Purchase,1223,11.56,0
TXN06380,2024-06-28,PRD022,WH002,SUP010,Purchase,977,12.33,0
TXN06659,2024-06-28,PRD023,WH001,SUP006,Purchase,790,14.2,0
TXN06673,2024-06-28,PRD023,WH003,,Sale,-60,22.75,0
TXN00223,2024-06-29,PRD001,WH002,SUP001,Purchase,649,18.15,0
TXN01094,2024-06-29,PRD004,WH001,SUP002,Purchase,285,90.03,0
TXN01394,2024-06-29,PRD005,WH003,,Sale,-53,70.41,0
TXN02276,2024-06-29,PRD008,WH002,SUP003,Purchase,202,57.81,0
TXN02550,2024-06-29,PRD009,WH001,SUP005,Purchase,1504,12.47,0
TXN02844,2024-06-29,PRD010,WH002,,Sale,-107,23.98,0
TXN03137,2024-06-29,PRD011,WH002,SUP001,Purchase,607,37.22,0
TXN03447,2024-06-29,PRD012,WH002,,Sale,-50,141.3,0
TXN03744,2024-06-29,PRD013,WH001,,Sale,-63,35.03,0
TXN04048,2024-06-29,PRD014,WH001,SUP002,Purchase,174,65.84,0
TXN04339,2024-06-29,PRD015,WH003,SUP003,Purchase,249,29.39,0
TXN04612,2024-06-29,PRD016,WH001,,Sale,-13,176.83,0
TXN04916,2024-06-29,PRD017,WH002,SUP004,Purchase,399,130.23,0
TXN04920,2024-06-29,PRD017,WH003,SUP004,Purchase,184,129.72,0
TXN05233,2024-06-29,PRD018,WH001,SUP004,Return,25,156.0,0
TXN05521,2024-06-29,PRD019,WH002,,Sale,-68,73.33,0
TXN05524,2024-06-29,PRD019,WH003,,Sale,-58,73.01,0
TXN05798,2024-06-29,PRD020,WH003,SUP003,Purchase,376,24.48,0
TXN06096,2024-06-29,PRD021,WH002,,Sale,-65,28.18,0
TXN06098,2024-06-29,PRD021,WH003,,Sale,-47,28.15,0
TXN07259,2024-06-29,PRD025,WH002,SUP006,Purchase,146,96.37,0
TXN07553,2024-06-29,PRD026,WH001,SUP010,Purchase,403,34.47,0
TXN07559,2024-06-29,PRD026,WH002,,Sale,-46,52.44,0
TXN07849,2024-06-29,PRD027,WH002,,Sale,-12,216.46,0
TXN07851,2024-06-29,PRD027,WH002,,Sale,-11,220.44,0
TXN08138,2024-06-29,PRD028,WH003,SUP006,Purchase,112,186.72,0
TXN08142,2024-06-29,PRD028,WH003,,Sale,-10,271.41,0
TXN08699,2024-06-29,PRD030,WH002,SUP008,Purchase,278,94.29,0
TXN00516,2024-06-30,PRD002,WH002,,Sale,-42,49.31,0
TXN00804,2024-06-30,PRD003,WH003,SUP001,Purchase,137,84.08,0
TXN01384,2024-06-30,PRD005,WH001,SUP002,Purchase,782,45.57,0
TXN01386,2024-06-30,PRD005,WH001,,Sale,-90,71.09,0
TXN01389,2024-06-30,PRD005,WH002,SUP002,Purchase,659,46.16,0
TXN01693,2024-06-30,PRD006,WH002,,Sale,-6,142.88,0
TXN02275,2024-06-30,PRD008,WH001,,Sale,-21,96.25,0
TXN02556,2024-06-30,PRD009,WH002,SUP005,Purchase,760,12.46,0
TXN03142,2024-06-30,PRD011,WH003,SUP001,Purchase,280,37.18,0
TXN03442,2024-06-30,PRD012,WH001,,Sale,-87,142.43,0
TXN04054,2024-06-30,PRD014,WH003,SUP002,Purchase,108,65.98,0
TXN04331,2024-06-30,PRD015,WH001,,Sale,-42,49.92,0
TXN04332,2024-06-30,PRD015,WH001,,Sale,-27,45.62,0
TXN04614,2024-06-30,PRD016,WH002,SUP002,Purchase,171,121.65,0
TXN04620,2024-06-30,PRD016,WH003,,Sale,-5,179.42,0
TXN04921,2024-06-30,PRD017,WH003,,Sale,-35,172.9,0
TXN05227,2024-06-30,PRD018,WH002,SUP004,Purchase,239,190.06,0
TXN05517,2024-06-30,PRD019,WH002,SUP007,Purchase,638,59.31,0
TXN05796,2024-06-30,PRD020,WH002,,Sale,-84,38.72,0
TXN06085,2024-06-30,PRD021,WH001,SUP004,Purchase,736,18.39,0
TXN06097,2024-06-30,PRD021,WH003,SUP004,Purchase,263,18.27,0
TXN06970,2024-06-30,PRD024,WH002,SUP006,Purchase,113,277.97,0
TXN07261,2024-06-30,PRD025,WH002,,Sale,-24,136.41,0
TXN07561,2024-06-30,PRD026,WH003,SUP010,Purchase,201,35.23,0
TXN07841,2024-06-30,PRD027,WH001,SUP009,Purchase,170,149.73,0
TXN08411,2024-06-30,PRD029,WH001,,Sale,-50,121.22,0
TXN08417,2024-06-30,PRD029,WH002,,Sale,0,122.53,1
TXN00512,2024-07-01,PRD002,WH002,SUP001,Purchase,390,32.25,0
TXN01694,2024-07-01,PRD006,WH002,,Sale,-14,149.84,0
TXN01979,2024-07-01,PRD007,WH001,SUP002,Purchase,592,54.9,0
TXN01990,2024-07-01,PRD007,WH003,,Sale,-20,86.82,0
TXN02271,2024-07-01,PRD008,WH001,SUP003,Purchase,185,61.13,0
TXN02277,2024-07-01,PRD008,WH002,,Sale,-27,98.66,0
TXN02551,2024-07-01,PRD009,WH001,,Sale,-133,19.16,0
TXN03441,2024-07-01,PRD012,WH001,,Sale,-83,140.29,0
TXN03450,2024-07-01,PRD012,WH003,SUP001,Purchase,242,97.75,0
TXN03749,2024-07-01,PRD013,WH003,SUP002,Purchase,316,21.46,0
TXN04330,2024-07-01,PRD015,WH001,SUP003,Purchase,545,30.14,0
TXN04911,2024-07-01,PRD017,WH001,SUP004,Purchase,342,134.81,0
TXN06379,2024-07-01,PRD022,WH001,,Sale,-141,20.75,0
TXN06668,2024-07-01,PRD023,WH003,SUP006,Purchase,395,13.97,0
TXN07560,2024-07-01,PRD026,WH002,,Sale,-54,54.89,0
TXN08130,2024-07-01,PRD028,WH001,SUP006,Purchase,238,180.33,0
TXN08410,2024-07-01,PRD029,WH001,SUP008,Purchase,555,81.73,0
TXN08416,2024-07-01,PRD029,WH002,SUP008,Purchase,277,81.12,0
TXN08426,2024-07-01,PRD029,WH003,,Sale,-19,125.54,0
TXN00227,2024-07-02,PRD001,WH003,,Sale,-57,27.11,0
TXN01100,2024-07-02,PRD004,WH002,SUP002,Purchase,260,90.95,0
TXN01689,2024-07-02,PRD006,WH002,SUP002,Purchase,85,91.5,0
TXN01695,2024-07-02,PRD006,WH003,SUP002,Purchase,45,96.09,0
TXN02841,2024-07-02,PRD010,WH001,,Sale,-127,23.96,0
TXN03134,2024-07-02,PRD011,WH001,SUP001,Purchase,723,38.71,0
TXN03440,2024-07-02,PRD012,WH001,SUP001,Purchase,510,97.76,0
TXN03746,2024-07-02,PRD013,WH002,SUP002,Purchase,355,22.68,0
TXN04052,2024-07-02,PRD014,WH002,,Sale,-31,102.01,0
TXN04608,2024-07-02,PRD016,WH001,SUP002,Purchase,229,117.08,0
TXN04610,2024-07-02,PRD016,WH001,,Sale,-13,180.75,0
TXN04919,2024-07-02,PRD017,WH002,,Sale,-43,175.7,0
TXN05515,2024-07-02,PRD019,WH001,,Sale,-120,74.31,0
TXN05790,2024-07-02,PRD020,WH001,SUP003,Purchase,1007,24.66,0
TXN06376,2024-07-02,PRD022,WH001,,Sale,-167,20.0,0
TXN06662,2024-07-02,PRD023,WH001,,Sale,-144,21.49,0
TXN07558,2024-07-02,PRD026,WH002,,Sale,-37,53.25,0
TXN07846,2024-07-02,PRD027,WH002,SUP009,Purchase,100,144.78,0
TXN08131,2024-07-02,PRD028,WH001,,Sale,-36,264.77,0
TXN08415,2024-07-02,PRD029,WH001,,Sale,-38,122.19,0
TXN00219,2024-07-03,PRD001,WH001,,Sale,-110,27.83,0
TXN00220,2024-07-03,PRD001,WH001,,Sale,-85,28.56,0
TXN00798,2024-07-03,PRD003,WH001,,Sale,-42,126.17,0
TXN02558,2024-07-03,PRD009,WH002,,Sale,-172,20.18,0
TXN03747,2024-07-03,PRD013,WH002,,Sale,-93,33.63,0
TXN04914,2024-07-03,PRD017,WH001,,Sale,-71,175.61,0
TXN06094,2024-07-03,PRD021,WH002,,Sale,-41,28.01,0
TXN07262,2024-07-03,PRD025,WH002,,Sale,-28,141.46,0
TXN08698,2024-07-03,PRD030,WH001,,Sale,-53,139.7,0
TXN01096,2024-07-04,PRD004,WH001,,Sale,-20,146.59,0
TXN01687,2024-07-04,PRD006,WH001,,Sale,-31,143.71,0
TXN01697,2024-07-04,PRD006,WH003,,Sale,-3,143.34,0
TXN02278,2024-07-04,PRD008,WH002,,Sale,-41,98.3,0
TXN02553,2024-07-04,PRD009,WH001,,Sale,-98,20.28,0
TXN02554,2024-07-04,PRD009,WH001,,Sale,-98,20.0,0
TXN03145,2024-07-04,PRD011,WH003,,Sale,-38,55.78,0
TXN04335,2024-07-04,PRD015,WH001,,Sale,-28,49.74,0
TXN04338,2024-07-04,PRD015,WH002,,Sale,-94,46.17,0
TXN04622,2024-07-04,PRD016,WH003,,Sale,-11,182.37,0
TXN05520,2024-07-04,PRD019,WH002,,Sale,-81,73.12,0
TXN08704,2024-07-04,PRD030,WH003,,Sale,-9,146.55,0
TXN00519,2024-07-05,PRD002,WH003,,Sale,-40,51.47,0
TXN00520,2024-07-05,PRD002,WH003,,Sale,-60,51.27,0
TXN00803,2024-07-05,PRD003,WH002,,Sale,-37,135.64,0
TXN01691,2024-07-05,PRD006,WH002,,Sale,-9,149.8,0
TXN01987,2024-07-05,PRD007,WH003,,Sale,-14,82.2,0
TXN02273,2024-07-05,PRD008,WH001,,Sale,-32,90.34,0
TXN02845,2024-07-05,PRD010,WH002,,Sale,-139,26.03,0
TXN06088,2024-07-05,PRD021,WH001,,Sale,-68,27.68,0
TXN07257,2024-07-05,PRD025,WH001,,Sale,-13,140.55,0
TXN07265,2024-07-05,PRD025,WH003,,Sale,-17,136.99,0
TXN08140,2024-07-05,PRD028,WH003,,Sale,-6,258.35,0
TXN08413,2024-07-05,PRD029,WH001,,Sale,-38,114.81,0
TXN08418,2024-07-05,PRD029,WH002,,Sale,-32,118.72,0
TXN08420,2024-07-05,PRD029,WH002,,Sale,-25,125.38,0
TXN00517,2024-07-06,PRD002,WH002,,Sale,-34,50.02,0
TXN01690,2024-07-06,PRD006,WH002,,Sale,-7,155.95,0
TXN01982,2024-07-06,PRD007,WH001,,Sale,-54,88.78,0
TXN02272,2024-07-06,PRD008,WH001,,Sale,-22,92.0,0
TXN02840,2024-07-06,PRD010,WH001,,Sale,-151,25.68,0
TXN02848,2024-07-06,PRD010,WH003,,Sale,-87,25.97,0
TXN03751,2024-07-06,PRD013,WH003,,Sale,-38,35.99,0
TXN04049,2024-07-06,PRD014,WH001,,Sale,-41,98.75,0
TXN04053,2024-07-06,PRD014,WH002,,Sale,-47,102.53,0
TXN05226,2024-07-06,PRD018,WH001,,Sale,-66,245.33,0
TXN05795,2024-07-06,PRD020,WH002,,Sale,-77,36.63,0
TXN06101,2024-07-06,PRD021,WH003,,Sale,-38,28.51,0
TXN06383,2024-07-06,PRD022,WH002,,Sale,-162,19.82,0
TXN07563,2024-07-06,PRD026,WH003,,Sale,-12,52.76,0
TXN01107,2024-07-07,PRD004,WH003,,Sale,-12,144.32,0
TXN03139,2024-07-07,PRD011,WH002,,Sale,-48,57.2,0
TXN03143,2024-07-07,PRD011,WH003,,Sale,-38,59.01,0
TXN04334,2024-07-07,PRD015,WH001,,Sale,-48,49.2,0
TXN05232,2024-07-07,PRD018,WH003,,Sale,-29,258.47,0
TXN06386,2024-07-07,PRD022,WH003,,Sale,-142,19.57,0
TXN06661,2024-07-07,PRD023,WH001,,Sale,-146,20.9,0
TXN06670,2024-07-07,PRD023,WH003,,Sale,-34,22.52,0
TXN06967,2024-07-07,PRD024,WH001,,Sale,-20,393.72,0
TXN07850,2024-07-07,PRD027,WH002,,Sale,-12,229.19,0
TXN08132,2024-07-07,PRD028,WH001,,Sale,-31,266.9,0
TXN01692,2024-07-08,PRD006,WH002,,Sale,-11,153.53,0
TXN01696,2024-07-08,PRD006,WH003,,Sale,-5,157.0,0
TXN01985,2024-07-08,PRD007,WH002,,Sale,-61,82.44,0
TXN01989,2024-07-08,PRD007,WH003,,Sale,-18,87.78,0
TXN02282,2024-07-08,PRD008,WH003,,Sale,-9,92.53,0
TXN03445,2024-07-08,PRD012,WH002,,Sale,-47,145.0,0
TXN03743,2024-07-08,PRD013,WH001,,Sale,-54,35.72,0
TXN03745,2024-07-08,PRD013,WH001,,Sale,-48,33.36,0
TXN03750,2024-07-08,PRD013,WH003,,Sale,-52,36.5,0
TXN04611,2024-07-08,PRD016,WH001,,Sale,-22,183.94,0
TXN06086,2024-07-08,PRD021,WH001,,Sale,-61,26.88,0
TXN06093,2024-07-08,PRD021,WH002,,Sale,-41,27.43,0
TXN06095,2024-07-08,PRD021,WH002,,Sale,-55,28.48,0
TXN07255,2024-07-08,PRD025,WH001,,Sale,-17,140.32,0
TXN07842,2024-07-08,PRD027,WH001,,Sale,-14,221.35,0
TXN07853,2024-07-08,PRD027,WH003,,Sale,-7,218.79,0
TXN00229,2024-07-09,PRD001,WH003,,Sale,-62,27.57,0
TXN00509,2024-07-09,PRD002,WH001,,Sale,-80,47.62,0
TXN03141,2024-07-09,PRD011,WH002,,Sale,-52,58.61,0
TXN04344,2024-07-09,PRD015,WH003,,Sale,-11,47.08,0
TXN07264,2024-07-09,PRD025,WH003,,Sale,-16,141.73,0
TXN07855,2024-07-09,PRD027,WH003,,Sale,-10,209.41,0
TXN08139,2024-07-09,PRD028,WH003,,Sale,-8,272.88,0
TXN08412,2024-07-09,PRD029,WH001,,Sale,-37,124.23,0
TXN00221,2024-07-10,PRD001,WH001,,Sale,-110,28.11,0
TXN00508,2024-07-10,PRD002,WH001,,Sale,-48,49.83,0
TXN00510,2024-07-10,PRD002,WH001,,Sale,-74,49.79,0
TXN01103,2024-07-10,PRD004,WH002,,Sale,-32,140.59,0
TXN01393,2024-07-10,PRD005,WH003,,Sale,-38,71.1,0
TXN03135,2024-07-10,PRD011,WH001,,Sale,-152,57.66,0
TXN03140,2024-07-10,PRD011,WH002,,Sale,-46,55.54,0
TXN04917,2024-07-10,PRD017,WH002,,Sale,-45,172.79,0
TXN05794,2024-07-10,PRD020,WH002,,Sale,-104,37.99,0
TXN06092,2024-07-10,PRD021,WH002,,Sale,-71,26.64,0
TXN06382,2024-07-10,PRD022,WH002,,Sale,-128,19.74,0
TXN07555,2024-07-10,PRD026,WH001,,Sale,-61,57.25,0
TXN08135,2024-07-10,PRD028,WH002,,Sale,-19,277.85,0
TXN01099,2024-07-11,PRD004,WH001,,Sale,-30,145.05,0
TXN02274,2024-07-11,PRD008,WH001,,Sale,-20,91.34,0
TXN04057,2024-07-11,PRD014,WH003,,Sale,-9,95.92,0
TXN04337,2024-07-11,PRD015,WH002,,Sale,-79,50.38,0
TXN04913,2024-07-11,PRD017,WH001,,Sale,-37,182.49,0
TXN04918,2024-07-11,PRD017,WH002,,Sale,-61,169.27,0
TXN05523,2024-07-11,PRD019,WH003,,Sale,-59,77.02,0
TXN05799,2024-07-11,PRD020,WH003,,Sale,-102,37.32,0
TXN06377,2024-07-11,PRD022,WH001,,Sale,-102,20.63,0
TXN06660,2024-07-11,PRD023,WH001,,Sale,-147,21.0,0
TXN06972,2024-07-11,PRD024,WH002,,Sale,-24,366.35,0
TXN06975,2024-07-11,PRD024,WH003,,Sale,-10,366.63,0
TXN08137,2024-07-11,PRD028,WH002,,Sale,-20,268.64,0
TXN00511,2024-07-12,PRD002,WH001,,Sale,-36,49.26,0
TXN03748,2024-07-12,PRD013,WH002,,Sale,-130,35.06,0
TXN05228,2024-07-12,PRD018,WH002,,Sale,-51,239.03,0
TXN05229,2024-07-12,PRD018,WH002,,Sale,-56,255.06,0
TXN06381,2024-07-12,PRD022,WH002,,Sale,-177,19.9,0
TXN07562,2024-07-12,PRD026,WH003,,Sale,-18,54.16,0
TXN07847,2024-07-12,PRD027,WH002,,Sale,-7,223.91,0
TXN08424,2024-07-12,PRD029,WH003,,Sale,-24,125.57,0
TXN00222,2024-07-13,PRD001,WH001,,Sale,-62,26.71,0
TXN00796,2024-07-13,PRD003,WH001,,Sale,-56,127.2,0
TXN03144,2024-07-13,PRD011,WH003,,Sale,-53,56.61,0
TXN03446,2024-07-13,PRD012,WH002,,Sale,-29,149.9,0
TXN03452,2024-07-13,PRD012,WH003,,Sale,-44,147.13,0
TXN04050,2024-07-13,PRD014,WH001,,Sale,-47,100.9,0
TXN04922,2024-07-13,PRD017,WH003,,Sale,-39,173.31,0
TXN05519,2024-07-13,PRD019,WH002,,Sale,-88,75.82,0
TXN05797,2024-07-13,PRD020,WH002,,Sale,-91,37.62,0
TXN06385,2024-07-13,PRD022,WH003,,Sale,-159,20.55,0
TXN08703,2024-07-13,PRD030,WH003,,Sale,-12,136.53,0
TXN00228,2024-07-14,PRD001,WH003,,Sale,-53,28.88,0
TXN01699,2024-07-14,PRD006,WH003,,Sale,-4,152.51,0
TXN01984,2024-07-14,PRD007,WH002,,Sale,-96,82.69,0
TXN02847,2024-07-14,PRD010,WH003,,Sale,-77,23.94,0
TXN04616,2024-07-14,PRD016,WH002,,Sale,-19,191.03,0
TXN06089,2024-07-14,PRD021,WH001,,Sale,-60,27.95,0
TXN08425,2024-07-14,PRD029,WH003,,Sale,-21,120.7,0
TXN08706,2024-07-14,PRD030,WH003,,Sale,-12,145.93,0
TXN01101,2024-07-15,PRD004,WH002,,Sale,-33,137.83,0
TXN01700,2024-07-15,PRD006,WH003,,Sale,-6,155.55,0
TXN02280,2024-07-15,PRD008,WH003,,Sale,-8,91.55,0
TXN02283,2024-07-15,PRD008,WH003,,Sale,-17,91.88,0
TXN03449,2024-07-15,PRD012,WH002,,Sale,-23,143.64,0
TXN03752,2024-07-15,PRD013,WH003,,Sale,-46,35.19,0
TXN04333,2024-07-15,PRD015,WH001,,Sale,-38,50.08,0
TXN04619,2024-07-15,PRD016,WH003,,Sale,-9,185.62,0
TXN06671,2024-07-15,PRD023,WH003,,Sale,-65,22.05,0
TXN06974,2024-07-15,PRD024,WH003,,Sale,-19,367.13,0
TXN01095,2024-07-16,PRD004,WH001,,Sale,-26,143.67,0
TXN01102,2024-07-16,PRD004,WH002,,Sale,-31,142.1,0
TXN01105,2024-07-16,PRD004,WH003,,Sale,-14,138.84,0
TXN01385,2024-07-16,PRD005,WH001,,Sale,-56,67.0,0
TXN03451,2024-07-16,PRD012,WH003,,Sale,-69,145.54,0
TXN05525,2024-07-16,PRD019,WH003,,Sale,-33,78.13,0
TXN07845,2024-07-16,PRD027,WH001,,Sale,-15,221.53,0
TXN08701,2024-07-16,PRD030,WH002,,Sale,-91,145.9,0
TXN00514,2024-07-17,PRD002,WH002,,Sale,-52,50.0,0
TXN01098,2024-07-17,PRD004,WH001,,Sale,-28,140.17,0
TXN01395,2024-07-17,PRD005,WH003,,Sale,-52,67.24,0
TXN02562,2024-07-17,PRD009,WH003,,Sale,-146,20.36,0
TXN05516,2024-07-17,PRD019,WH001,,Sale,-163,76.44,0
TXN07856,2024-07-17,PRD027,WH003,,Sale,-6,222.48,0
TXN08423,2024-07-17,PRD029,WH003,,Sale,-17,125.37,0
TXN00805,2024-07-18,PRD003,WH003,,Sale,-32,124.45,0
TXN01688,2024-07-18,PRD006,WH001,,Sale,-20,146.85,0
TXN02561,2024-07-18,PRD009,WH003,,Sale,-107,19.78,0
TXN04056,2024-07-18,PRD014,WH003,,Sale,-14,104.06,0
TXN05800,2024-07-18,PRD020,WH003,,Sale,-109,39.3,0
TXN06090,2024-07-18,PRD021,WH001,,Sale,-105,27.24,0
TXN06378,2024-07-18,PRD022,WH001,,Sale,-181,20.88,0
TXN07256,2024-07-18,PRD025,WH001,,Sale,-27,134.43,0
TXN07854,2024-07-18,PRD027,WH003,,Sale,-7,220.0,0
TXN08143,2024-07-18,PRD028,WH003,,Sale,-10,258.01,0
TXN00800,2024-07-19,PRD003,WH002,,Sale,-37,135.91,0
TXN02555,2024-07-19,PRD009,WH001,,Sale,-91,19.45,0
TXN06663,2024-07-19,PRD023,WH001,,Sale,-122,22.78,0
TXN06968,2024-07-19,PRD024,WH001,,Sale,-16,387.62,0
TXN06969,2024-07-19,PRD024,WH001,,Sale,-20,364.9,0
TXN06971,2024-07-19,PRD024,WH002,,Sale,-42,389.87,0
TXN07565,2024-07-19,PRD026,WH003,,Sale,-21,56.4,0
TXN08136,2024-07-19,PRD028,WH002,,Sale,-19,259.86,0
TXN08141,2024-07-19,PRD028,WH003,,Sale,-10,256.22,0
TXN08700,2024-07-19,PRD030,WH002,,Sale,-71,138.63,0
TXN00224,2024-07-20,PRD001,WH002,,Sale,-156,29.01,0
TXN01106,2024-07-20,PRD004,WH003,,Sale,-12,140.47,0
TXN01387,2024-07-20,PRD005,WH001,,Sale,-79,67.06,0
TXN01980,2024-07-20,PRD007,WH001,,Sale,-69,83.53,0
TXN03136,2024-07-20,PRD011,WH001,,Sale,-109,58.44,0
TXN04058,2024-07-20,PRD014,WH003,,Sale,-8,102.16,0
TXN04912,2024-07-20,PRD017,WH001,,Sale,-51,180.61,0
TXN05225,2024-07-20,PRD018,WH001,,Sale,-77,237.78,0
TXN06665,2024-07-20,PRD023,WH002,,Sale,-114,22.82,0
TXN06966,2024-07-20,PRD024,WH001,,Sale,-14,375.37,0
TXN07258,2024-07-20,PRD025,WH001,,Sale,-20,139.9,0
TXN07564,2024-07-20,PRD026,WH003,,Sale,-13,52.61,0
TXN08414,2024-07-20,PRD029,WH001,,Sale,-57,115.75,0
TXN08697,2024-07-20,PRD030,WH001,,Sale,-90,146.68,0
TXN01991,2024-07-21,PRD007,WH003,,Sale,-16,87.66,0
TXN05518,2024-07-21,PRD019,WH002,,Sale,-48,74.45,0
TXN06666,2024-07-21,PRD023,WH002,,Sale,-138,21.59,0
TXN07254,2024-07-21,PRD025,WH001,,Sale,-18,138.52,0
TXN07556,2024-07-21,PRD026,WH001,,Sale,-42,52.67,0
TXN08419,2024-07-21,PRD029,WH002,,Sale,-37,119.17,0
TXN08421,2024-07-21,PRD029,WH002,,Sale,-36,115.92,0
TXN02563,2024-07-24,PRD009,WH001,,Sale,-83,20.37,0
TXN02853,2024-07-24,PRD010,WH002,,Sale,-77,25.04,0
TXN03761,2024-07-24,PRD013,WH003,,Sale,-17,34.97,0
TXN08431,2024-07-24,PRD029,WH002,,Sale,-43,114.77,0
TXN01110,2024-07-25,PRD004,WH001,,Sale,-26,142.67,0
TXN01405,2024-07-25,PRD005,WH002,,Sale,-26,73.38,0
TXN02003,2024-07-25,PRD007,WH003,,Sale,-27,80.8,0
TXN02289,2024-07-25,PRD008,WH002,,Sale,-17,96.23,0
TXN03149,2024-07-25,PRD011,WH002,,Sale,-34,59.94,0
TXN04059,2024-07-25,PRD014,WH001,,Sale,-26,98.23,0
TXN04353,2024-07-25,PRD015,WH003,,Sale,-28,47.1,0
TXN04355,2024-07-25,PRD015,WH003,,Sale,-15,46.26,0
TXN04634,2024-07-25,PRD016,WH003,,Sale,-6,180.13,0
TXN05812,2024-07-25,PRD020,WH003,,Sale,-37,39.49,0
TXN06109,2024-07-25,PRD021,WH002,,Sale,-34,28.54,0
TXN06978,2024-07-25,PRD024,WH002,,Sale,-11,388.6,0
TXN08145,2024-07-25,PRD028,WH001,,Sale,-34,263.21,0
TXN08149,2024-07-25,PRD028,WH002,,Sale,0,270.68,1
TXN02573,2024-07-26,PRD009,WH003,,Sale,-71,20.46,0
TXN02855,2024-07-26,PRD010,WH003,,Sale,-40,25.57,0
TXN03460,2024-07-26,PRD012,WH003,,Sale,-23,144.39,0
TXN04349,2024-07-26,PRD015,WH002,,Sale,-56,46.71,0
TXN04354,2024-07-26,PRD015,WH003,,Sale,-28,48.76,0
TXN04623,2024-07-26,PRD016,WH001,,Sale,-14,184.34,0
TXN04929,2024-07-26,PRD017,WH002,,Sale,-34,180.08,0
TXN06391,2024-07-26,PRD022,WH002,,Sale,-94,20.93,0
TXN06683,2024-07-26,PRD023,WH002,,Sale,-74,21.72,0
TXN00527,2024-07-27,PRD002,WH003,,Sale,-23,52.4,0
TXN01396,2024-07-27,PRD005,WH001,,Sale,-63,67.67,0
TXN01704,2024-07-27,PRD006,WH002,,Sale,-28,149.34,0
TXN02000,2024-07-27,PRD007,WH002,,Sale,-23,85.48,0
TXN02852,2024-07-27,PRD010,WH002,,Sale,-143,24.23,0
TXN04347,2024-07-27,PRD015,WH001,,Sale,-42,50.28,0
TXN04352,2024-07-27,PRD015,WH003,,Sale,-27,49.9,0
TXN05534,2024-07-27,PRD019,WH003,,Sale,-22,75.92,0
TXN05804,2024-07-27,PRD020,WH001,,Sale,-129,36.48,0
TXN06981,2024-07-27,PRD024,WH002,,Sale,-13,396.57,0
TXN00237,2024-07-28,PRD001,WH003,,Sale,-23,29.2,0
TXN00522,2024-07-28,PRD002,WH001,,Sale,-143,50.53,0
TXN00816,2024-07-28,PRD003,WH003,,Sale,-20,132.62,0
TXN01701,2024-07-28,PRD006,WH001,,Sale,-14,149.83,0
TXN01703,2024-07-28,PRD006,WH001,,Sale,-34,150.0,0
TXN02284,2024-07-28,PRD008,WH001,,Sale,-14,98.64,0
TXN02290,2024-07-28,PRD008,WH002,,Sale,-17,98.34,0
TXN05234,2024-07-28,PRD018,WH001,,Sale,-26,259.66,0
TXN05236,2024-07-28,PRD018,WH001,,Sale,-29,252.91,0
TXN05246,2024-07-28,PRD018,WH003,,Sale,-28,237.53,0
TXN05529,2024-07-28,PRD019,WH001,,Sale,-74,75.0,0
TXN06112,2024-07-28,PRD021,WH003,,Sale,-79,27.93,0
TXN06388,2024-07-28,PRD022,WH001,,Sale,-143,20.5,0
TXN06985,2024-07-28,PRD024,WH003,,Sale,-7,396.09,0
TXN08430,2024-07-28,PRD029,WH002,,Sale,-45,116.21,0
TXN08432,2024-07-28,PRD029,WH003,,Sale,-19,120.54,0
TXN08711,2024-07-28,PRD030,WH001,,Sale,-38,141.76,0
TXN00523,2024-07-29,PRD002,WH002,,Sale,-70,49.46,0
TXN02574,2024-07-29,PRD009,WH003,,Sale,0,20.15,1
TXN02849,2024-07-29,PRD010,WH001,,Sale,-76,25.4,0
TXN03150,2024-07-29,PRD011,WH002,,Sale,-34,60.84,0
TXN04624,2024-07-29,PRD016,WH001,,Sale,-11,188.29,0
TXN04625,2024-07-29,PRD016,WH001,,Sale,-11,175.76,0
TXN04931,2024-07-29,PRD017,WH003,,Sale,-19,174.78,0
TXN05239,2024-07-29,PRD018,WH002,,Sale,-24,239.69,0
TXN05243,2024-07-29,PRD018,WH002,,Sale,-21,257.43,0
TXN05244,2024-07-29,PRD018,WH003,,Sale,0,239.44,1
TXN05528,2024-07-29,PRD019,WH001,,Sale,-64,78.43,0
TXN05803,2024-07-29,PRD020,WH001,,Sale,-108,38.0,0
TXN05807,2024-07-29,PRD020,WH002,,Sale,-72,37.84,0
TXN06389,2024-07-29,PRD022,WH001,,Sale,-129,20.21,0
TXN06390,2024-07-29,PRD022,WH001,,Sale,-69,20.92,0
TXN06984,2024-07-29,PRD024,WH003,,Sale,-12,390.11,0
TXN07859,2024-07-29,PRD027,WH001,,Sale,-18,229.92,0
TXN08428,2024-07-29,PRD029,WH001,,Sale,-68,121.64,0
TXN08434,2024-07-29,PRD029,WH003,,Sale,-21,119.88,0
TXN08718,2024-07-29,PRD030,WH003,,Sale,-23,141.8,0
TXN00810,2024-07-30,PRD003,WH001,,Sale,-23,136.17,0
TXN01407,2024-07-30,PRD005,WH003,,Sale,-64,72.49,0
TXN02285,2024-07-30,PRD008,WH001,,Sale,0,92.07,1
TXN02854,2024-07-30,PRD010,WH003,,Sale,-44,23.82,0
TXN03759,2024-07-30,PRD013,WH003,,Sale,-22,34.28,0
TXN06395,2024-07-30,PRD022,WH003,,Sale,-65,19.64,0
TXN07569,2024-07-30,PRD026,WH001,,Sale,-43,53.74,0
TXN01114,2024-07-31,PRD004,WH002,,Sale,-36,140.15,0
TXN01119,2024-07-31,PRD004,WH003,,Sale,-16,145.76,0
TXN01996,2024-07-31,PRD007,WH001,,Sale,-41,83.89,0
TXN02001,2024-07-31,PRD007,WH002,,Sale,-24,84.75,0
TXN02567,2024-07-31,PRD009,WH001,,Sale,-95,20.36,0
TXN05242,2024-07-31,PRD018,WH002,,Sale,-30,247.98,0
TXN05809,2024-07-31,PRD020,WH003,,Sale,-31,37.22,0
TXN06675,2024-07-31,PRD023,WH001,,Sale,-73,22.32,0
TXN07575,2024-07-31,PRD026,WH003,,Sale,-25,56.25,0
TXN00809,2024-08-01,PRD003,WH001,,Sale,-33,124.59,0
TXN01995,2024-08-01,PRD007,WH001,,Sale,-24,82.75,0
TXN02569,2024-08-01,PRD009,WH002,,Sale,-93,20.91,0
TXN02856,2024-08-01,PRD010,WH003,,Sale,-78,24.43,0
TXN03148,2024-08-01,PRD011,WH001,,Sale,-82,59.54,0
TXN03457,2024-08-01,PRD012,WH001,,Sale,-42,148.74,0
TXN04635,2024-08-01,PRD016,WH003,,Sale,-6,191.14,0
TXN04927,2024-08-01,PRD017,WH002,,Sale,-28,167.0,0
TXN06674,2024-08-01,PRD023,WH001,,Sale,-95,21.13,0
TXN07866,2024-08-01,PRD027,WH003,,Sale,-5,214.29,0
TXN00230,2024-08-02,PRD001,WH001,,Sale,-127,28.46,0
TXN01406,2024-08-02,PRD005,WH003,,Sale,-91,66.55,0
TXN02571,2024-08-02,PRD009,WH002,,Sale,-111,20.27,0
TXN02572,2024-08-02,PRD009,WH002,,Sale,-57,19.81,0
TXN02575,2024-08-02,PRD009,WH003,,Sale,-42,20.11,0
TXN03462,2024-08-02,PRD012,WH003,,Sale,-17,147.74,0
TXN03758,2024-08-02,PRD013,WH003,,Sale,-25,34.37,0
TXN04066,2024-08-02,PRD014,WH003,,Sale,-28,103.54,0
TXN04630,2024-08-02,PRD016,WH002,,Sale,-14,181.43,0
TXN06684,2024-08-02,PRD023,WH003,,Sale,-84,22.61,0
TXN08715,2024-08-02,PRD030,WH002,,Sale,-39,137.85,0
TXN08717,2024-08-02,PRD030,WH003,,Sale,-22,134.12,0
TXN00232,2024-08-03,PRD001,WH001,,Sale,-111,27.31,0
TXN00521,2024-08-03,PRD002,WH001,,Sale,-91,51.52,0
TXN00811,2024-08-03,PRD003,WH001,,Sale,-27,128.58,0
TXN01400,2024-08-03,PRD005,WH001,,Sale,-74,72.41,0
TXN03154,2024-08-03,PRD011,WH003,,Sale,-32,58.53,0
TXN04348,2024-08-03,PRD015,WH001,,Sale,-58,49.86,0
TXN04632,2024-08-03,PRD016,WH002,,Sale,-15,176.63,0
TXN04933,2024-08-03,PRD017,WH003,,Sale,-17,178.9,0
TXN07858,2024-08-03,PRD027,WH001,,Sale,-14,227.92,0
TXN07864,2024-08-03,PRD027,WH003,,Sale,-4,223.16,0
TXN08148,2024-08-03,PRD028,WH002,,Sale,-19,260.18,0
TXN08436,2024-08-03,PRD029,WH003,,Sale,-17,114.79,0
TXN01399,2024-08-04,PRD005,WH001,,Sale,0,72.82,1
TXN02005,2024-08-04,PRD007,WH003,,Sale,-20,81.87,0
TXN02286,2024-08-04,PRD008,WH001,,Sale,-21,93.27,0
TXN02568,2024-08-04,PRD009,WH002,,Sale,-72,20.6,0
TXN02851,2024-08-04,PRD010,WH001,,Sale,-148,24.96,0
TXN03156,2024-08-04,PRD011,WH003,,Sale,-27,60.61,0
TXN04628,2024-08-04,PRD016,WH002,,Sale,-13,182.71,0
TXN04930,2024-08-04,PRD017,WH002,,Sale,-20,173.73,0
TXN06104,2024-08-04,PRD021,WH001,,Sale,-92,28.29,0
TXN06393,2024-08-04,PRD022,WH002,,Sale,-60,19.75,0
TXN06980,2024-08-04,PRD024,WH002,,Sale,-11,394.82,0
TXN07270,2024-08-04,PRD025,WH002,,Sale,-29,128.58,0
TXN07574,2024-08-04,PRD026,WH003,,Sale,-44,56.72,0
TXN07862,2024-08-04,PRD027,WH002,,Sale,-23,213.63,0
TXN08716,2024-08-04,PRD030,WH003,,Sale,-17,139.06,0
TXN01116,2024-08-05,PRD004,WH002,,Sale,-32,138.43,0
TXN01397,2024-08-05,PRD005,WH001,,Sale,-54,70.03,0
TXN02004,2024-08-05,PRD007,WH003,,Sale,-22,83.32,0
TXN03760,2024-08-05,PRD013,WH003,,Sale,-25,34.77,0
TXN05235,2024-08-05,PRD018,WH001,,Sale,-25,247.31,0
TXN05241,2024-08-05,PRD018,WH002,,Sale,-20,238.66,0
TXN05536,2024-08-05,PRD019,WH003,,Sale,-22,73.95,0
TXN05802,2024-08-05,PRD020,WH001,,Sale,-97,37.01,0
TXN05810,2024-08-05,PRD020,WH003,,Sale,-36,39.17,0
TXN06103,2024-08-05,PRD021,WH001,,Sale,-123,27.93,0
TXN06108,2024-08-05,PRD021,WH002,,Sale,-42,28.26,0
TXN06681,2024-08-05,PRD023,WH002,,Sale,-38,21.3,0
TXN07271,2024-08-05,PRD025,WH002,,Sale,-28,140.12,0
TXN00814,2024-08-06,PRD003,WH002,,Sale,-51,125.01,0
TXN01408,2024-08-06,PRD005,WH003,SUP002,Return,22,36.0,0
TXN01707,2024-08-06,PRD006,WH003,,Sale,-12,147.56,0
TXN01994,2024-08-06,PRD007,WH001,,Sale,-30,87.49,0
TXN01999,2024-08-06,PRD007,WH002,,Sale,-25,87.01,0
TXN03152,2024-08-06,PRD011,WH002,,Sale,-54,57.16,0
TXN04061,2024-08-06,PRD014,WH001,,Sale,-15,95.95,0
TXN06676,2024-08-06,PRD023,WH001,,Sale,-65,20.97,0
TXN07273,2024-08-06,PRD025,WH003,,Sale,-14,134.24,0
TXN07568,2024-08-06,PRD026,WH001,,Sale,-25,55.95,0
TXN08146,2024-08-06,PRD028,WH001,,Sale,-23,253.54,0
TXN08152,2024-08-06,PRD028,WH003,,Sale,-6,265.0,0
TXN08714,2024-08-06,PRD030,WH002,,Sale,-56,134.09,0
TXN01112,2024-08-07,PRD004,WH001,,Sale,-34,134.43,0
TXN01404,2024-08-07,PRD005,WH002,,Sale,-66,73.22,0
TXN03147,2024-08-07,PRD011,WH001,,Sale,-71,55.19,0
TXN03463,2024-08-07,PRD012,WH003,,Sale,-21,147.89,0
TXN04629,2024-08-07,PRD016,WH002,,Sale,0,177.13,1
TXN04637,2024-08-07,PRD016,WH003,,Sale,-7,189.46,0
TXN05238,2024-08-07,PRD018,WH001,,Sale,-65,245.85,0
TXN05245,2024-08-07,PRD018,WH003,,Sale,-23,259.75,0
TXN06680,2024-08-07,PRD023,WH002,,Sale,-70,21.32,0
TXN06979,2024-08-07,PRD024,WH002,,Sale,-14,384.0,0
TXN06986,2024-08-07,PRD024,WH002,SUP006,Return,8,224.0,0
TXN02291,2024-08-08,PRD008,WH002,,Sale,-26,92.24,0
TXN02292,2024-08-08,PRD008,WH002,,Sale,-12,97.76,0
TXN03754,2024-08-08,PRD013,WH001,,Sale,-86,36.09,0
TXN03762,2024-08-08,PRD013,WH003,,Sale,-26,35.38,0
TXN04067,2024-08-08,PRD014,WH003,SUP002,Return,18,52.0,0
TXN05533,2024-08-08,PRD019,WH002,,Sale,-55,76.07,0
TXN06396,2024-08-08,PRD022,WH003,,Sale,-64,20.73,0
TXN07571,2024-08-08,PRD026,WH002,,Sale,-43,54.29,0
TXN08147,2024-08-08,PRD028,WH002,,Sale,-15,258.36,0
TXN00233,2024-08-09,PRD001,WH002,,Sale,-150,28.91,0
TXN02294,2024-08-09,PRD008,WH003,,Sale,-18,94.66,0
TXN03455,2024-08-09,PRD012,WH001,,Sale,-46,146.87,0
TXN04063,2024-08-09,PRD014,WH002,,Sale,-38,96.81,0
TXN04065,2024-08-09,PRD014,WH003,,Sale,-14,99.91,0
TXN04925,2024-08-09,PRD017,WH001,,Sale,-52,168.88,0
TXN05806,2024-08-09,PRD020,WH002,,Sale,-51,39.56,0
TXN06105,2024-08-09,PRD021,WH001,,Sale,-60,27.81,0
TXN06107,2024-08-09,PRD021,WH002,,Sale,-52,29.17,0
TXN06111,2024-08-09,PRD021,WH003,,Sale,-40,29.24,0
TXN06679,2024-08-09,PRD023,WH002,,Sale,-57,21.36,0
TXN07274,2024-08-09,PRD025,WH003,,Sale,-19,128.4,0
TXN08719,2024-08-09,PRD030,WH003,,Sale,-14,135.46,0
TXN01398,2024-08-10,PRD005,WH001,,Sale,-79,73.49,0
TXN01402,2024-08-10,PRD005,WH002,,Sale,-45,68.0,0
TXN03153,2024-08-10,PRD011,WH002,,Sale,-59,56.5,0
TXN04636,2024-08-10,PRD016,WH003,,Sale,-8,177.75,0
TXN05537,2024-08-10,PRD019,WH003,,Sale,-28,77.79,0
TXN05808,2024-08-10,PRD020,WH002,,Sale,-92,38.36,0
TXN07268,2024-08-10,PRD025,WH001,,Sale,-55,139.19,0
TXN07269,2024-08-10,PRD025,WH002,,Sale,-21,135.35,0
TXN07857,2024-08-10,PRD027,WH001,,Sale,-17,219.36,0
TXN01705,2024-08-11,PRD006,WH002,,Sale,-15,143.46,0
TXN03757,2024-08-11,PRD013,WH002,,Sale,-134,35.71,0
TXN04062,2024-08-11,PRD014,WH001,,Sale,-25,103.63,0
TXN04064,2024-08-11,PRD014,WH002,,Sale,-35,98.88,0
TXN05240,2024-08-11,PRD018,WH002,,Sale,-24,256.78,0
TXN06392,2024-08-11,PRD022,WH002,,Sale,-129,20.17,0
TXN07272,2024-08-11,PRD025,WH003,,Sale,-13,130.4,0
TXN08144,2024-08-11,PRD028,WH001,,Sale,-27,252.76,0
TXN00235,2024-08-12,PRD001,WH003,,Sale,-28,28.72,0
TXN01702,2024-08-12,PRD006,WH001,,Sale,-16,143.19,0
TXN01706,2024-08-12,PRD006,WH003,,Sale,-11,145.81,0
TXN01992,2024-08-12,PRD007,WH001,,Sale,-43,82.58,0
TXN02288,2024-08-12,PRD008,WH001,,Sale,-19,95.83,0
TXN04346,2024-08-12,PRD015,WH001,,Sale,-46,49.69,0
TXN04924,2024-08-12,PRD017,WH001,,Sale,-70,177.98,0
TXN05805,2024-08-12,PRD020,WH002,,Sale,-92,36.26,0
TXN06977,2024-08-12,PRD024,WH001,,Sale,-34,383.46,0
TXN07573,2024-08-12,PRD026,WH002,,Sale,-38,53.65,0
TXN08154,2024-08-12,PRD028,WH003,,Sale,-10,256.96,0
TXN00239,2024-08-13,PRD001,WH003,,Sale,-21,28.3,0
TXN00529,2024-08-13,PRD002,WH003,,Sale,-33,47.63,0
TXN00530,2024-08-13,PRD002,WH003,,Sale,-21,51.41,0
TXN00808,2024-08-13,PRD003,WH001,,Sale,-28,130.48,0
TXN01120,2024-08-13,PRD004,WH003,,Sale,-21,138.15,0
TXN02287,2024-08-13,PRD008,WH001,,Sale,-23,92.57,0
TXN02293,2024-08-13,PRD008,WH003,,Sale,-16,97.39,0
TXN02566,2024-08-13,PRD009,WH001,,Sale,-141,20.95,0
TXN03157,2024-08-13,PRD011,WH003,,Sale,-26,57.71,0
TXN03756,2024-08-13,PRD013,WH002,,Sale,0,34.37,1
TXN05801,2024-08-13,PRD020,WH001,,Sale,-84,37.37,0
TXN08150,2024-08-13,PRD028,WH002,,Sale,-12,258.34,0
TXN08708,2024-08-13,PRD030,WH001,,Sale,-28,135.27,0
TXN01998,2024-08-14,PRD007,WH002,,Sale,-30,82.55,0
TXN02564,2024-08-14,PRD009,WH001,,Sale,-127,19.25,0
TXN03458,2024-08-14,PRD012,WH002,,Sale,-85,142.68,0
TXN04627,2024-08-14,PRD016,WH001,,Sale,-26,181.63,0
TXN05237,2024-08-14,PRD018,WH001,,Sale,-27,245.86,0
TXN05531,2024-08-14,PRD019,WH002,,Sale,-59,77.87,0
TXN06106,2024-08-14,PRD021,WH002,,Sale,-40,28.54,0
TXN06682,2024-08-14,PRD023,WH002,,Sale,-66,23.03,0
TXN07863,2024-08-14,PRD027,WH003,,Sale,-7,210.05,0
TXN07867,2024-08-14,PRD027,WH003,,Sale,-5,214.77,0
TXN08155,2024-08-14,PRD028,WH003,,Sale,-12,266.98,0
TXN08433,2024-08-14,PRD029,WH003,,Sale,-15,114.83,0
TXN00238,2024-08-15,PRD001,WH003,,Sale,-28,27.96,0
TXN01115,2024-08-15,PRD004,WH002,,Sale,-40,137.03,0
TXN02570,2024-08-15,PRD009,WH002,,Sale,-94,20.76,0
TXN03755,2024-08-15,PRD013,WH001,,Sale,-127,35.89,0
TXN04060,2024-08-15,PRD014,WH001,,Sale,-19,103.55,0
TXN04928,2024-08-15,PRD017,WH002,,Sale,-23,168.31,0
TXN05813,2024-08-15,PRD020,WH003,,Sale,-44,37.85,0
TXN07861,2024-08-15,PRD027,WH002,,Sale,-33,214.3,0
TXN08427,2024-08-15,PRD029,WH001,,Sale,-80,120.26,0
TXN08712,2024-08-15,PRD030,WH001,,Sale,-22,133.2,0
TXN00815,2024-08-16,PRD003,WH003,,Sale,-37,125.78,0
TXN01113,2024-08-16,PRD004,WH001,,Sale,-51,140.87,0
TXN01117,2024-08-16,PRD004,WH003,,Sale,-11,136.52,0
TXN01401,2024-08-16,PRD005,WH002,,Sale,-50,68.76,0
TXN01403,2024-08-16,PRD005,WH002,,Sale,-65,68.28,0
TXN01993,2024-08-16,PRD007,WH001,,Sale,-40,85.0,0
TXN02565,2024-08-16,PRD009,WH001,,Sale,-100,19.53,0
TXN03155,2024-08-16,PRD011,WH003,,Sale,-26,55.36,0
TXN04631,2024-08-16,PRD016,WH002,,Sale,-13,193.53,0
TXN05530,2024-08-16,PRD019,WH002,,Sale,-63,74.35,0
TXN06677,2024-08-16,PRD023,WH001,,Sale,-93,22.11,0
TXN07572,2024-08-16,PRD026,WH002,,Sale,-68,55.15,0
TXN08151,2024-08-16,PRD028,WH003,,Sale,-8,270.44,0
TXN00231,2024-08-17,PRD001,WH001,,Sale,-100,28.14,0
TXN00236,2024-08-17,PRD001,WH003,,Sale,-29,26.74,0
TXN01111,2024-08-17,PRD004,WH001,,Sale,-31,140.58,0
TXN01118,2024-08-17,PRD004,WH003,,Sale,-18,145.05,0
TXN03146,2024-08-17,PRD011,WH001,,Sale,0,56.25,1
TXN03454,2024-08-17,PRD012,WH001,,Sale,-62,138.33,0
TXN03461,2024-08-17,PRD012,WH003,,Sale,-24,141.3,0
TXN04626,2024-08-17,PRD016,WH001,,Sale,-13,183.56,0
TXN04934,2024-08-17,PRD017,WH003,,Sale,-15,182.54,0
TXN05527,2024-08-17,PRD019,WH001,,Sale,-81,71.37,0
TXN05532,2024-08-17,PRD019,WH002,,Sale,-44,78.44,0
TXN06110,2024-08-17,PRD021,WH002,,Sale,-56,27.26,0
TXN06678,2024-08-17,PRD023,WH001,,Sale,-89,21.52,0
TXN06982,2024-08-17,PRD024,WH003,,Sale,-11,372.95,0
TXN06983,2024-08-17,PRD024,WH003,,Sale,-7,396.86,0
TXN08429,2024-08-17,PRD029,WH002,,Sale,-67,125.04,0
TXN08435,2024-08-17,PRD029,WH003,,Sale,-21,124.66,0
TXN08713,2024-08-17,PRD030,WH002,,Sale,-44,144.17,0
TXN00528,2024-08-18,PRD002,WH003,,Sale,-28,51.99,0
TXN02002,2024-08-18,PRD007,WH003,,Sale,-32,85.83,0
TXN03453,2024-08-18,PRD012,WH001,,Sale,-36,143.53,0
TXN03456,2024-08-18,PRD012,WH001,,Sale,-49,139.55,0
TXN03459,2024-08-18,PRD012,WH002,,Sale,-126,144.75,0
TXN03753,2024-08-18,PRD013,WH001,,Sale,-93,34.66,0
TXN04932,2024-08-18,PRD017,WH003,,Sale,-19,178.34,0
TXN05526,2024-08-18,PRD019,WH001,,Sale,-98,75.61,0
TXN05538,2024-08-18,PRD019,WH003,,Sale,-26,76.33,0
TXN06394,2024-08-18,PRD022,WH003,,Sale,-78,20.9,0
TXN07570,2024-08-18,PRD026,WH001,,Sale,-34,53.9,0
TXN00524,2024-08-19,PRD002,WH002,,Sale,-69,49.0,0
TXN00525,2024-08-19,PRD002,WH002,,Sale,-54,50.05,0
TXN00526,2024-08-19,PRD002,WH003,,Sale,-22,47.58,0
TXN00812,2024-08-19,PRD003,WH001,,Sale,-46,131.95,0
TXN04350,2024-08-19,PRD015,WH002,,Sale,-45,49.25,0
TXN04633,2024-08-19,PRD016,WH003,,Sale,-4,177.5,0
TXN04923,2024-08-19,PRD017,WH001,,Sale,-60,176.58,0
TXN05811,2024-08-19,PRD020,WH003,,Sale,-30,38.78,0
TXN06685,2024-08-19,PRD023,WH003,,Sale,-103,21.7,0
TXN07860,2024-08-19,PRD027,WH001,,Sale,-14,221.81,0
TXN00234,2024-08-20,PRD001,WH002,,Sale,-118,28.12,0
TXN00813,2024-08-20,PRD003,WH002,,Sale,-55,126.6,0
TXN01997,2024-08-20,PRD007,WH002,,Sale,-27,83.5,0
TXN02576,2024-08-20,PRD009,WH003,,Sale,-70,19.02,0
TXN02850,2024-08-20,PRD010,WH001,,Sale,-134,23.83,0
TXN03151,2024-08-20,PRD011,WH002,,Sale,-40,58.17,0
TXN04345,2024-08-20,PRD015,WH001,,Sale,-54,46.26,0
TXN04351,2024-08-20,PRD015,WH002,,Sale,-69,45.98,0
TXN04926,2024-08-20,PRD017,WH002,,Sale,-37,174.6,0
TXN04935,2024-08-20,PRD017,WH003,,Sale,-20,180.33,0
TXN05535,2024-08-20,PRD019,WH003,,Sale,-33,72.62,0
TXN06387,2024-08-20,PRD022,WH001,,Sale,-113,20.77,0
TXN06976,2024-08-20,PRD024,WH001,,Sale,-40,366.91,0
TXN07267,2024-08-20,PRD025,WH001,,Sale,-49,140.37,0
TXN07567,2024-08-20,PRD026,WH001,,Sale,-41,53.07,0
TXN07865,2024-08-20,PRD027,WH003,,Sale,-6,214.03,0
TXN08153,2024-08-20,PRD028,WH003,,Sale,-8,258.84,0
TXN08709,2024-08-20,PRD030,WH001,,Sale,-26,145.24,0
TXN08710,2024-08-20,PRD030,WH001,,Sale,-30,133.88,0
TXN00819,2024-08-23,PRD003,WH001,,Sale,-58,130.0,0
TXN00826,2024-08-23,PRD003,WH003,SUP001,Purchase,127,84.81,0
TXN01125,2024-08-23,PRD004,WH002,SUP002,Purchase,275,88.78,0
TXN01420,2024-08-23,PRD005,WH003,SUP002,Purchase,377,45.48,0
TXN03763,2024-08-23,PRD013,WH001,SUP002,Purchase,674,22.05,0
TXN04653,2024-08-23,PRD016,WH003,,Sale,-5,182.71,0
TXN04936,2024-08-23,PRD017,WH001,SUP004,Purchase,387,134.0,0
TXN04939,2024-08-23,PRD017,WH001,,Sale,0,170.9,1
TXN04947,2024-08-23,PRD017,WH003,SUP004,Purchase,192,133.96,0
TXN04950,2024-08-23,PRD017,WH003,,Sale,-20,177.16,0
TXN06114,2024-08-23,PRD021,WH001,,Sale,-45,27.48,0
TXN06119,2024-08-23,PRD021,WH002,SUP004,Purchase,592,17.63,0
TXN06403,2024-08-23,PRD022,WH002,,Sale,-121,19.06,0
TXN06686,2024-08-23,PRD023,WH001,SUP006,Purchase,974,14.49,0
TXN06689,2024-08-23,PRD023,WH001,,Sale,-153,23.06,0
TXN06989,2024-08-23,PRD024,WH001,,Sale,-54,393.36,0
TXN08168,2024-08-23,PRD028,WH003,,Sale,-13,264.67,0
TXN08444,2024-08-23,PRD029,WH003,SUP008,Purchase,204,81.31,0
TXN08726,2024-08-23,PRD030,WH002,SUP008,Purchase,285,93.7,0
TXN08730,2024-08-23,PRD030,WH003,,Sale,-18,135.91,0
TXN00532,2024-08-24,PRD002,WH001,,Sale,-53,50.36,0
TXN00821,2024-08-24,PRD003,WH002,SUP001,Purchase,325,84.97,0
TXN00825,2024-08-24,PRD003,WH002,,Sale,-24,134.66,0
TXN01123,2024-08-24,PRD004,WH001,,Sale,-42,139.0,0
TXN01415,2024-08-24,PRD005,WH002,SUP002,Purchase,705,45.34,0
TXN01708,2024-08-24,PRD006,WH001,SUP002,Purchase,123,98.62,0
TXN01716,2024-08-24,PRD006,WH003,SUP002,Purchase,43,96.57,0
TXN02301,2024-08-24,PRD008,WH002,SUP003,Purchase,137,59.02,0
TXN02306,2024-08-24,PRD008,WH003,SUP003,Purchase,84,59.32,0
TXN03162,2024-08-24,PRD011,WH002,,Sale,-96,58.37,0
TXN03165,2024-08-24,PRD011,WH003,,Sale,-41,59.82,0
TXN04068,2024-08-24,PRD014,WH001,SUP002,Purchase,178,63.44,0
TXN04074,2024-08-24,PRD014,WH002,SUP002,Purchase,202,63.26,0
TXN04638,2024-08-24,PRD016,WH001,SUP002,Purchase,234,115.33,0
TXN05539,2024-08-24,PRD019,WH001,SUP007,Purchase,896,56.51,0
TXN05548,2024-08-24,PRD019,WH003,,Sale,-35,76.27,0
TXN06122,2024-08-24,PRD021,WH002,,Sale,-38,28.58,0
TXN06124,2024-08-24,PRD021,WH003,SUP004,Purchase,230,18.48,0
TXN07275,2024-08-24,PRD025,WH001,SUP006,Purchase,254,98.42,0
TXN08437,2024-08-24,PRD029,WH001,SUP008,Purchase,420,81.18,0
TXN08729,2024-08-24,PRD030,WH003,SUP008,Purchase,219,97.22,0
TXN00537,2024-08-25,PRD002,WH002,SUP001,Purchase,561,32.05,0
TXN01131,2024-08-25,PRD004,WH003,,Sale,-17,137.89,0
TXN01409,2024-08-25,PRD005,WH001,SUP002,Purchase,782,43.54,0
TXN01413,2024-08-25,PRD005,WH001,,Sale,-62,71.57,0
TXN01425,2024-08-25,PRD005,WH003,,Sale,-32,68.05,0
TXN02006,2024-08-25,PRD007,WH001,SUP002,Purchase,408,55.02,0
TXN02577,2024-08-25,PRD009,WH001,SUP005,Purchase,1576,11.98,0
TXN02583,2024-08-25,PRD009,WH003,SUP005,Purchase,537,12.01,0
TXN02866,2024-08-25,PRD010,WH002,,Sale,-88,24.87,0
TXN02870,2024-08-25,PRD010,WH003,,Sale,-53,24.29,0
TXN03158,2024-08-25,PRD011,WH001,SUP001,Purchase,640,38.71,0
TXN03464,2024-08-25,PRD012,WH001,SUP001,Purchase,610,95.17,0
TXN04942,2024-08-25,PRD017,WH002,SUP004,Purchase,316,135.0,0
TXN05247,2024-08-25,PRD018,WH001,SUP004,Purchase,348,190.72,0
TXN05256,2024-08-25,PRD018,WH003,SUP004,Purchase,207,198.18,0
TXN05545,2024-08-25,PRD019,WH002,,Sale,-101,71.89,0
TXN05549,2024-08-25,PRD019,WH003,,Sale,-36,74.66,0
TXN05819,2024-08-25,PRD020,WH002,SUP003,Purchase,645,25.87,0
TXN06406,2024-08-25,PRD022,WH003,,Sale,-83,20.91,0
TXN06697,2024-08-25,PRD023,WH003,,Sale,-50,23.08,0
TXN07285,2024-08-25,PRD025,WH002,,Sale,-14,140.65,0
TXN07291,2024-08-25,PRD025,WH003,,Sale,-5,135.46,0
TXN07873,2024-08-25,PRD027,WH002,SUP009,Purchase,136,146.85,0
TXN08156,2024-08-25,PRD028,WH001,SUP006,Purchase,254,189.31,0
TXN08165,2024-08-25,PRD028,WH003,SUP006,Purchase,111,178.41,0
TXN08166,2024-08-25,PRD028,WH003,,Sale,-11,262.34,0
TXN08438,2024-08-25,PRD029,WH001,,Sale,-74,114.39,0
TXN08440,2024-08-25,PRD029,WH002,SUP008,Purchase,400,77.62,0
TXN00542,2024-08-26,PRD002,WH003,SUP001,Purchase,303,33.17,0
TXN00823,2024-08-26,PRD003,WH002,,Sale,-21,135.13,0
TXN00824,2024-08-26,PRD003,WH002,,Sale,-29,126.47,0
TXN01121,2024-08-26,PRD004,WH001,SUP002,Purchase,256,88.52,0
TXN01713,2024-08-26,PRD006,WH002,,Sale,-11,154.37,0
TXN02016,2024-08-26,PRD007,WH003,SUP002,Purchase,209,53.45,0
TXN04365,2024-08-26,PRD015,WH003,SUP003,Purchase,240,29.98,0
TXN04640,2024-08-26,PRD016,WH001,,Sale,-30,187.37,0
TXN04649,2024-08-26,PRD016,WH003,,Sale,-8,184.14,0
TXN05252,2024-08-26,PRD018,WH002,,Sale,-19,250.08,0
TXN05544,2024-08-26,PRD019,WH002,SUP007,Purchase,583,57.77,0
TXN05547,2024-08-26,PRD019,WH003,SUP007,Purchase,338,58.91,0
TXN05822,2024-08-26,PRD020,WH003,SUP003,Purchase,392,25.85,0
TXN06128,2024-08-26,PRD021,WH003,,Sale,-27,27.41,0
TXN06690,2024-08-26,PRD023,WH002,SUP006,Purchase,851,13.97,0
TXN08159,2024-08-26,PRD028,WH001,,Sale,-25,275.39,0
TXN08161,2024-08-26,PRD028,WH002,SUP006,Purchase,154,178.35,0
TXN08447,2024-08-26,PRD029,WH003,,Sale,-27,125.77,0
TXN00242,2024-08-27,PRD001,WH001,,Sale,-131,28.0,0
TXN00246,2024-08-27,PRD001,WH002,,Sale,-102,29.02,0
TXN00534,2024-08-27,PRD002,WH001,,Sale,-40,49.56,0
TXN00817,2024-08-27,PRD003,WH001,SUP001,Purchase,382,82.74,0
TXN01124,2024-08-27,PRD004,WH001,,Sale,-69,135.25,0
TXN01718,2024-08-27,PRD006,WH003,,Sale,-4,152.1,0
TXN02009,2024-08-27,PRD007,WH001,,Sale,-45,84.99,0
TXN02011,2024-08-27,PRD007,WH002,SUP002,Purchase,458,56.77,0
TXN02857,2024-08-27,PRD010,WH001,SUP005,Purchase,953,14.96,0
TXN03161,2024-08-27,PRD011,WH002,SUP001,Purchase,422,39.35,0
TXN03164,2024-08-27,PRD011,WH003,SUP001,Purchase,349,37.46,0
TXN03468,2024-08-27,PRD012,WH002,,Sale,-46,139.87,0
TXN04082,2024-08-27,PRD014,WH003,,Sale,-9,96.21,0
TXN04940,2024-08-27,PRD017,WH001,,Sale,-38,167.38,0
TXN04944,2024-08-27,PRD017,WH002,,Sale,-38,166.26,0
TXN04948,2024-08-27,PRD017,WH003,,Sale,-28,183.59,0
TXN05543,2024-08-27,PRD019,WH001,,Sale,-103,78.35,0
TXN05552,2024-08-27,PRD019,WH003,,Sale,-23,73.89,0
TXN05818,2024-08-27,PRD020,WH001,,Sale,-108,37.95,0
TXN06121,2024-08-27,PRD021,WH002,,Sale,-57,27.88,0
TXN06687,2024-08-27,PRD023,WH001,,Sale,-114,21.38,0
TXN06990,2024-08-27,PRD024,WH002,SUP006,Purchase,115,271.09,0
TXN07286,2024-08-27,PRD025,WH003,SUP006,Purchase,128,92.15,0
TXN07289,2024-08-27,PRD025,WH003,,Sale,-9,136.22,0
TXN07877,2024-08-27,PRD027,WH003,SUP009,Purchase,80,153.99,0
TXN08442,2024-08-27,PRD029,WH002,,Sale,-66,115.55,0
TXN08443,2024-08-27,PRD029,WH002,,Sale,-32,122.95,0
TXN08732,2024-08-27,PRD030,WH003,,Sale,-35,144.03,0
TXN00822,2024-08-28,PRD003,WH002,,Sale,-32,128.28,0
TXN01122,2024-08-28,PRD004,WH001,,Sale,-35,143.29,0
TXN01129,2024-08-28,PRD004,WH003,SUP002,Purchase,124,90.18,0
TXN01130,2024-08-28,PRD004,WH003,,Sale,-22,138.82,0
TXN01414,2024-08-28,PRD005,WH001,,Sale,0,69.92,1
TXN02013,2024-08-28,PRD007,WH002,,Sale,-37,83.43,0
TXN02017,2024-08-28,PRD007,WH003,,Sale,-26,86.75,0
TXN02305,2024-08-28,PRD008,WH002,,Sale,-18,94.45,0
TXN03765,2024-08-28,PRD013,WH001,,Sale,-146,35.49,0
TXN04357,2024-08-28,PRD015,WH001,,Sale,-37,48.44,0
TXN04359,2024-08-28,PRD015,WH001,,Sale,-47,48.71,0
TXN04645,2024-08-28,PRD016,WH002,,Sale,-13,185.8,0
TXN05248,2024-08-28,PRD018,WH001,,Sale,-68,239.97,0
TXN06113,2024-08-28,PRD021,WH001,SUP004,Purchase,796,18.14,0
TXN06127,2024-08-28,PRD021,WH003,,Sale,-37,28.33,0
TXN06399,2024-08-28,PRD022,WH001,,Sale,-109,19.1,0
TXN06987,2024-08-28,PRD024,WH001,SUP006,Purchase,236,290.23,0
TXN07280,2024-08-28,PRD025,WH002,SUP006,Purchase,148,93.79,0
TXN07868,2024-08-28,PRD027,WH001,SUP009,Purchase,150,149.62,0
TXN07881,2024-08-28,PRD027,WH003,,Sale,-10,214.24,0
TXN08162,2024-08-28,PRD028,WH002,,Sale,-17,255.79,0
TXN00245,2024-08-29,PRD001,WH002,,Sale,-72,29.18,0
TXN00533,2024-08-29,PRD002,WH001,,Sale,-52,47.59,0
TXN01709,2024-08-29,PRD006,WH001,,Sale,-21,153.96,0
TXN02297,2024-08-29,PRD008,WH001,,Sale,-14,94.54,0
TXN02298,2024-08-29,PRD008,WH001,,Sale,-16,93.16,0
TXN02858,2024-08-29,PRD010,WH001,,Sale,-89,24.38,0
TXN02863,2024-08-29,PRD010,WH002,SUP005,Purchase,800,15.12,0
TXN03772,2024-08-29,PRD013,WH003,,Sale,-29,34.98,0
TXN03774,2024-08-29,PRD013,WH003,,Sale,-53,36.4,0
TXN06120,2024-08-29,PRD021,WH002,,Sale,-37,29.01,0
TXN06995,2024-08-29,PRD024,WH003,SUP006,Purchase,0,286.72,1
TXN07283,2024-08-29,PRD025,WH002,,Sale,-15,140.56,0
TXN07288,2024-08-29,PRD025,WH003,,Sale,-7,135.97,0
TXN08441,2024-08-29,PRD029,WH002,,Sale,-32,119.02,0
TXN00244,2024-08-30,PRD001,WH002,SUP001,Purchase,643,18.69,0
TXN00531,2024-08-30,PRD002,WH001,SUP001,Purchase,719,31.16,0
TXN02295,2024-08-30,PRD008,WH001,SUP003,Purchase,237,59.87,0
TXN02308,2024-08-30,PRD008,WH003,,Sale,-22,91.18,0
TXN02582,2024-08-30,PRD009,WH002,,Sale,-181,19.35,0
TXN03467,2024-08-30,PRD012,WH002,SUP001,Purchase,448,96.62,0
TXN03771,2024-08-30,PRD013,WH003,SUP002,Purchase,226,22.79,0
TXN04071,2024-08-30,PRD014,WH001,,Sale,-13,98.4,0
TXN04356,2024-08-30,PRD015,WH001,SUP003,Purchase,365,28.9,0
TXN04361,2024-08-30,PRD015,WH002,SUP003,Purchase,437,29.32,0
TXN04642,2024-08-30,PRD016,WH002,SUP002,Purchase,154,122.73,0
TXN04644,2024-08-30,PRD016,WH002,,Sale,-14,191.97,0
TXN04648,2024-08-30,PRD016,WH003,SUP002,Purchase,96,122.74,0
TXN06397,2024-08-30,PRD022,WH001,SUP010,Purchase,1193,12.11,0
TXN06401,2024-08-30,PRD022,WH001,,Sale,-107,19.19,0
TXN06405,2024-08-30,PRD022,WH003,SUP010,Purchase,516,12.41,0
TXN06693,2024-08-30,PRD023,WH003,SUP006,Purchase,451,13.5,0
TXN06988,2024-08-30,PRD024,WH001,,Sale,-40,362.11,0
TXN06998,2024-08-30,PRD024,WH003,,Sale,-13,361.86,0
TXN07581,2024-08-30,PRD026,WH002,,Sale,-38,55.38,0
TXN07584,2024-08-30,PRD026,WH003,SUP010,Purchase,191,34.73,0
TXN08158,2024-08-30,PRD028,WH001,,Sale,-20,273.67,0
TXN00240,2024-08-31,PRD001,WH001,SUP001,Purchase,885,17.87,0
TXN00248,2024-08-31,PRD001,WH003,SUP001,Purchase,353,17.66,0
TXN01411,2024-08-31,PRD005,WH001,,Sale,-54,72.18,0
TXN01712,2024-08-31,PRD006,WH002,SUP002,Purchase,110,92.45,0
TXN02008,2024-08-31,PRD007,WH001,,Sale,-58,81.74,0
TXN02010,2024-08-31,PRD007,WH001,,Sale,-102,87.11,0
TXN02012,2024-08-31,PRD007,WH002,,Sale,-47,85.14,0
TXN02300,2024-08-31,PRD008,WH001,,Sale,-20,95.48,0
TXN02580,2024-08-31,PRD009,WH002,SUP005,Purchase,929,12.18,0
TXN02868,2024-08-31,PRD010,WH003,SUP005,Purchase,366,14.82,0
TXN03472,2024-08-31,PRD012,WH003,SUP001,Purchase,223,96.87,0
TXN03766,2024-08-31,PRD013,WH002,SUP002,Purchase,517,21.17,0
TXN04078,2024-08-31,PRD014,WH003,SUP002,Purchase,89,62.95,0
TXN04080,2024-08-31,PRD014,WH003,,Sale,-5,103.78,0
TXN04364,2024-08-31,PRD015,WH002,,Sale,-48,48.37,0
TXN05250,2024-08-31,PRD018,WH002,SUP004,Purchase,230,199.46,0
TXN05542,2024-08-31,PRD019,WH001,,Sale,-69,78.11,0
TXN05814,2024-08-31,PRD020,WH001,SUP003,Purchase,828,25.74,0
TXN05820,2024-08-31,PRD020,WH002,,Sale,-125,37.82,0
TXN06118,2024-08-31,PRD021,WH001,,Sale,-46,27.04,0
TXN06402,2024-08-31,PRD022,WH002,SUP010,Purchase,714,12.24,0
TXN06692,2024-08-31,PRD023,WH002,,Sale,-92,22.82,0
TXN07576,2024-08-31,PRD026,WH001,SUP010,Purchase,501,34.52,0
TXN07579,2024-08-31,PRD026,WH002,SUP010,Purchase,360,35.37,0
TXN08163,2024-08-31,PRD028,WH002,,Sale,-29,252.32,0
TXN08720,2024-08-31,PRD030,WH001,SUP008,Purchase,495,96.56,0
TXN00543,2024-09-01,PRD002,WH003,,Sale,-25,51.36,0
TXN04367,2024-09-01,PRD015,WH003,,Sale,-34,47.25,0
TXN06398,2024-09-01,PRD022,WH001,,Sale,-121,19.24,0
TXN06404,2024-09-01,PRD022,WH002,,Sale,-238,19.59,0
TXN07278,2024-09-01,PRD025,WH001,,Sale,-14,136.09,0
TXN08439,2024-09-01,PRD029,WH001,,Sale,-67,122.26,0
TXN00829,2024-09-02,PRD003,WH003,,Sale,-15,126.73,0
TXN00830,2024-09-02,PRD003,WH003,,Sale,-20,127.03,0
TXN01421,2024-09-02,PRD005,WH003,,Sale,-24,70.28,0
TXN01710,2024-09-02,PRD006,WH001,,Sale,-15,143.45,0
TXN02007,2024-09-02,PRD007,WH001,,Sale,-43,86.79,0
TXN05258,2024-09-02,PRD018,WH003,,Sale,-43,260.43,0
TXN06696,2024-09-02,PRD023,WH003,,Sale,-43,21.59,0
TXN06991,2024-09-02,PRD024,WH002,,Sale,-19,370.22,0
TXN06992,2024-09-02,PRD024,WH002,,Sale,-12,394.12,0
TXN07279,2024-09-02,PRD025,WH001,,Sale,-22,135.89,0
TXN07281,2024-09-02,PRD025,WH002,,Sale,-12,141.41,0
TXN07583,2024-09-02,PRD026,WH002,,Sale,-23,53.4,0
TXN07869,2024-09-02,PRD027,WH001,,Sale,-12,214.95,0
TXN08721,2024-09-02,PRD030,WH001,,Sale,-24,144.68,0
TXN00545,2024-09-03,PRD002,WH003,,Sale,-27,50.3,0
TXN00831,2024-09-03,PRD003,WH003,,Sale,-9,125.05,0
TXN01410,2024-09-03,PRD005,WH001,,Sale,-47,72.73,0
TXN02584,2024-09-03,PRD009,WH003,,Sale,-108,20.94,0
TXN02865,2024-09-03,PRD010,WH002,,Sale,-61,24.68,0
TXN03168,2024-09-03,PRD011,WH003,,Sale,-25,56.75,0
TXN03465,2024-09-03,PRD012,WH001,,Sale,-95,148.1,0
TXN03473,2024-09-03,PRD012,WH003,,Sale,-24,147.09,0
TXN05253,2024-09-03,PRD018,WH002,,Sale,-22,245.81,0
TXN05815,2024-09-03,PRD020,WH001,,Sale,-84,39.76,0
TXN06999,2024-09-03,PRD024,WH003,,Sale,-7,379.91,0
TXN07290,2024-09-03,PRD025,WH003,,Sale,-8,139.96,0
TXN07578,2024-09-03,PRD026,WH001,,Sale,-104,53.15,0
TXN07874,2024-09-03,PRD027,WH002,,Sale,-22,221.16,0
TXN08164,2024-09-03,PRD028,WH002,,Sale,-23,256.81,0
TXN00538,2024-09-04,PRD002,WH002,,Sale,-59,49.07,0
TXN01412,2024-09-04,PRD005,WH001,,Sale,-50,70.48,0
TXN01416,2024-09-04,PRD005,WH002,,Sale,-62,67.05,0
TXN01714,2024-09-04,PRD006,WH002,,Sale,-19,154.16,0
TXN02860,2024-09-04,PRD010,WH001,,Sale,-60,24.01,0
TXN03160,2024-09-04,PRD011,WH001,,Sale,-170,56.96,0
TXN03469,2024-09-04,PRD012,WH002,,Sale,-32,141.48,0
TXN03477,2024-09-04,PRD012,WH003,,Sale,-14,137.96,0
TXN04650,2024-09-04,PRD016,WH003,,Sale,-7,191.68,0
TXN04651,2024-09-04,PRD016,WH003,,Sale,-6,185.34,0
TXN04946,2024-09-04,PRD017,WH002,,Sale,-23,175.57,0
TXN05541,2024-09-04,PRD019,WH001,,Sale,-69,76.94,0
TXN07282,2024-09-04,PRD025,WH002,,Sale,-19,132.25,0
TXN07287,2024-09-04,PRD025,WH003,,Sale,-9,132.7,0
TXN08722,2024-09-04,PRD030,WH001,,Sale,-38,141.25,0
TXN08731,2024-09-04,PRD030,WH003,,Sale,-24,140.32,0
TXN01418,2024-09-05,PRD005,WH002,,Sale,-69,69.42,0
TXN01719,2024-09-05,PRD006,WH003,,Sale,-6,146.09,0
TXN02869,2024-09-05,PRD010,WH003,,Sale,-83,25.73,0
TXN04363,2024-09-05,PRD015,WH002,,Sale,-34,45.63,0
TXN04641,2024-09-05,PRD016,WH001,,Sale,-17,178.92,0
TXN04646,2024-09-05,PRD016,WH002,,Sale,-12,176.29,0
TXN06126,2024-09-05,PRD021,WH003,,Sale,-31,27.06,0
TXN07878,2024-09-05,PRD027,WH003,,Sale,-6,217.85,0
TXN00241,2024-09-06,PRD001,WH001,,Sale,-171,29.25,0
TXN01424,2024-09-06,PRD005,WH003,,Sale,-27,71.77,0
TXN02303,2024-09-06,PRD008,WH002,,Sale,-16,94.36,0
TXN04949,2024-09-06,PRD017,WH003,,Sale,-36,176.78,0
TXN06117,2024-09-06,PRD021,WH001,,Sale,-57,28.0,0
TXN06688,2024-09-06,PRD023,WH001,,Sale,-117,22.27,0
TXN07872,2024-09-06,PRD027,WH001,,Sale,-22,213.71,0
TXN08446,2024-09-06,PRD029,WH003,,Sale,-23,117.97,0
TXN01715,2024-09-07,PRD006,WH002,,Sale,-12,143.71,0
TXN02018,2024-09-07,PRD007,WH003,,Sale,-26,81.1,0
TXN02304,2024-09-07,PRD008,WH002,,Sale,-17,93.26,0
TXN04081,2024-09-07,PRD014,WH003,,Sale,-8,99.01,0
TXN05817,2024-09-07,PRD020,WH001,,Sale,-82,39.82,0
TXN05823,2024-09-07,PRD020,WH003,,Sale,-26,37.63,0
TXN07580,2024-09-07,PRD026,WH002,,Sale,-42,56.89,0
TXN08160,2024-09-07,PRD028,WH001,,Sale,-14,257.91,0
TXN00243,2024-09-08,PRD001,WH001,,Sale,-125,28.58,0
TXN00535,2024-09-08,PRD002,WH001,,Sale,-39,51.37,0
TXN00820,2024-09-08,PRD003,WH001,,Sale,-40,124.33,0
TXN01422,2024-09-08,PRD005,WH003,,Sale,-19,71.38,0
TXN02302,2024-09-08,PRD008,WH002,,Sale,-11,96.15,0
TXN02867,2024-09-08,PRD010,WH002,,Sale,-93,24.38,0
TXN03474,2024-09-08,PRD012,WH003,,Sale,-19,142.31,0
TXN04077,2024-09-08,PRD014,WH002,,Sale,-16,103.98,0
TXN05546,2024-09-08,PRD019,WH002,,Sale,-120,74.68,0
TXN06997,2024-09-08,PRD024,WH003,,Sale,-7,386.62,0
TXN07879,2024-09-08,PRD027,WH003,,Sale,-7,226.02,0
TXN08723,2024-09-08,PRD030,WH001,,Sale,-39,143.66,0
TXN08724,2024-09-08,PRD030,WH001,,Sale,-26,145.47,0
TXN00539,2024-09-09,PRD002,WH002,,Sale,-48,49.21,0
TXN02307,2024-09-09,PRD008,WH003,,Sale,-18,96.36,0
TXN03767,2024-09-09,PRD013,WH002,,Sale,-42,33.43,0
TXN04941,2024-09-09,PRD017,WH001,,Sale,-27,172.17,0
TXN06996,2024-09-09,PRD024,WH003,,Sale,-10,362.38,0
TXN07277,2024-09-09,PRD025,WH001,,Sale,-27,141.31,0
TXN07585,2024-09-09,PRD026,WH003,,Sale,-27,55.13,0
TXN07871,2024-09-09,PRD027,WH001,,Sale,-11,216.23,0
TXN08728,2024-09-09,PRD030,WH002,,Sale,-66,140.78,0
TXN00249,2024-09-10,PRD001,WH003,,Sale,-65,28.22,0
TXN02299,2024-09-10,PRD008,WH001,,Sale,-25,91.74,0
TXN02861,2024-09-10,PRD010,WH001,,Sale,-88,24.53,0
TXN03159,2024-09-10,PRD011,WH001,,Sale,-85,57.25,0
TXN03163,2024-09-10,PRD011,WH002,,Sale,-120,58.05,0
TXN03167,2024-09-10,PRD011,WH003,,Sale,-27,60.2,0
TXN03471,2024-09-10,PRD012,WH002,,Sale,-41,137.92,0
TXN03764,2024-09-10,PRD013,WH001,,Sale,-84,35.87,0
TXN04075,2024-09-10,PRD014,WH002,,Sale,-31,95.24,0
TXN04083,2024-09-10,PRD014,WH003,,Sale,-5,96.87,0
TXN04368,2024-09-10,PRD015,WH003,,Sale,-21,47.58,0
TXN05251,2024-09-10,PRD018,WH002,,Sale,-29,239.86,0
TXN05540,2024-09-10,PRD019,WH001,,Sale,-95,77.11,0
TXN05821,2024-09-10,PRD020,WH002,,Sale,-170,36.97,0
TXN05826,2024-09-10,PRD020,WH003,,Sale,-42,36.76,0
TXN06694,2024-09-10,PRD023,WH003,,Sale,-59,21.61,0
TXN01126,2024-09-11,PRD004,WH002,,Sale,-35,133.71,0
TXN01127,2024-09-11,PRD004,WH002,,Sale,-31,144.8,0
TXN02864,2024-09-11,PRD010,WH002,,Sale,-82,24.71,0
TXN03773,2024-09-11,PRD013,WH003,,Sale,-45,33.3,0
TXN04937,2024-09-11,PRD017,WH001,,Sale,-33,172.84,0
TXN06125,2024-09-11,PRD021,WH003,,Sale,-31,26.94,0
TXN07582,2024-09-11,PRD026,WH002,,Sale,-33,57.05,0
TXN02296,2024-09-12,PRD008,WH001,,Sale,-22,90.6,0
TXN04943,2024-09-12,PRD017,WH002,,Sale,-30,173.37,0
TXN05825,2024-09-12,PRD020,WH003,,Sale,-46,39.77,0
TXN06123,2024-09-12,PRD021,WH002,,Sale,-44,27.01,0
TXN06407,2024-09-12,PRD022,WH003,,Sale,-60,20.0,0
TXN06695,2024-09-12,PRD023,WH003,,Sale,-36,22.64,0
TXN06994,2024-09-12,PRD024,WH002,,Sale,-30,370.98,0
TXN07276,2024-09-12,PRD025,WH001,,Sale,-22,136.38,0
TXN07870,2024-09-12,PRD027,WH001,,Sale,-22,219.73,0
TXN07880,2024-09-12,PRD027,WH003,,Sale,-8,211.59,0
TXN01132,2024-09-13,PRD004,WH003,,Sale,-21,137.65,0
TXN01423,2024-09-13,PRD005,WH003,,Sale,-20,71.62,0
TXN02015,2024-09-13,PRD007,WH002,,Sale,-28,86.16,0
TXN02581,2024-09-13,PRD009,WH002,,Sale,-277,20.86,0
TXN02585,2024-09-13,PRD009,WH003,,Sale,-114,19.5,0
TXN04366,2024-09-13,PRD015,WH003,,Sale,-21,47.46,0
TXN05816,2024-09-13,PRD020,WH001,,Sale,-74,38.23,0
TXN07875,2024-09-13,PRD027,WH002,,Sale,-18,225.5,0
TXN00544,2024-09-14,PRD002,WH003,,Sale,-36,51.02,0
TXN00828,2024-09-14,PRD003,WH003,,Sale,-19,133.13,0
TXN01720,2024-09-14,PRD006,WH003,,Sale,-5,143.06,0
TXN02019,2024-09-14,PRD007,WH003,,Sale,-26,85.52,0
TXN02579,2024-09-14,PRD009,WH001,,Sale,-276,20.07,0
TXN03466,2024-09-14,PRD012,WH001,,Sale,-98,140.05,0
TXN03770,2024-09-14,PRD013,WH002,,Sale,-40,33.41,0
TXN04079,2024-09-14,PRD014,WH003,,Sale,-6,99.22,0
TXN05257,2024-09-14,PRD018,WH003,,Sale,-34,238.76,0
TXN08157,2024-09-14,PRD028,WH001,,Sale,-19,257.64,0
TXN00546,2024-09-15,PRD002,WH003,,Sale,-42,48.87,0
TXN00818,2024-09-15,PRD003,WH001,,Sale,-69,135.02,0
TXN02862,2024-09-15,PRD010,WH001,,Sale,-73,24.97,0
TXN03166,2024-09-15,PRD011,WH003,,Sale,-33,56.32,0
TXN04069,2024-09-15,PRD014,WH001,,Sale,-15,100.0,0
TXN04938,2024-09-15,PRD017,WH001,,Sale,-40,170.88,0
TXN05249,2024-09-15,PRD018,WH001,,Sale,-87,254.01,0
TXN05254,2024-09-15,PRD018,WH002,,Sale,-31,252.21,0
TXN05255,2024-09-15,PRD018,WH002,,Sale,-26,249.09,0
TXN06115,2024-09-15,PRD021,WH001,,Sale,-60,27.5,0
TXN06116,2024-09-15,PRD021,WH001,,Sale,-51,27.93,0
TXN07284,2024-09-15,PRD025,WH002,,Sale,-14,135.43,0
TXN00540,2024-09-16,PRD002,WH002,,Sale,-61,51.84,0
TXN01417,2024-09-16,PRD005,WH002,,Sale,-36,68.84,0
TXN01711,2024-09-16,PRD006,WH001,,Sale,-13,148.73,0
TXN01717,2024-09-16,PRD006,WH003,,Sale,-6,149.64,0
TXN02014,2024-09-16,PRD007,WH002,,Sale,-51,88.83,0
TXN04070,2024-09-16,PRD014,WH001,,Sale,-21,98.77,0
TXN04647,2024-09-16,PRD016,WH002,,Sale,-6,184.07,0
TXN05827,2024-09-16,PRD020,WH003,,Sale,-26,39.36,0
TXN06691,2024-09-16,PRD023,WH002,,Sale,-152,23.05,0
TXN06993,2024-09-16,PRD024,WH002,,Sale,-15,380.4,0
TXN07586,2024-09-16,PRD026,WH003,,Sale,-30,55.51,0
TXN00247,2024-09-17,PRD001,WH002,,Sale,-88,28.99,0
TXN00541,2024-09-17,PRD002,WH002,,Sale,-81,50.97,0
TXN01128,2024-09-17,PRD004,WH002,,Sale,-16,141.02,0
TXN04073,2024-09-17,PRD014,WH001,,Sale,-18,102.01,0
TXN04076,2024-09-17,PRD014,WH002,,Sale,-21,101.99,0
TXN04358,2024-09-17,PRD015,WH001,,Sale,-55,46.79,0
TXN04945,2024-09-17,PRD017,WH002,,Sale,-48,179.88,0
TXN05551,2024-09-17,PRD019,WH003,,Sale,-35,75.97,0
TXN06400,2024-09-17,PRD022,WH001,,Sale,-175,19.5,0
TXN02578,2024-09-18,PRD009,WH001,,Sale,-280,20.49,0
TXN04639,2024-09-18,PRD016,WH001,,Sale,-34,186.65,0
TXN04643,2024-09-18,PRD016,WH002,,Sale,-11,180.04,0
TXN05550,2024-09-18,PRD019,WH003,,Sale,-19,74.89,0
TXN07577,2024-09-18,PRD026,WH001,,Sale,-69,56.83,0
TXN07876,2024-09-18,PRD027,WH002,,Sale,-15,216.57,0
TXN08167,2024-09-18,PRD028,WH003,,Sale,-10,255.25,0
TXN08445,2024-09-18,PRD029,WH003,,Sale,-32,121.68,0
TXN08725,2024-09-18,PRD030,WH001,,Sale,-52,140.46,0
TXN08727,2024-09-18,PRD030,WH002,,Sale,-67,142.44,0
TXN00250,2024-09-19,PRD001,WH003,,Sale,-92,28.0,0
TXN00536,2024-09-19,PRD002,WH001,,Sale,-71,51.74,0
TXN00827,2024-09-19,PRD003,WH003,,Sale,-12,123.96,0
TXN01419,2024-09-19,PRD005,WH002,,Sale,-53,71.89,0
TXN02859,2024-09-19,PRD010,WH001,,Sale,-54,25.97,0
TXN03470,2024-09-19,PRD012,WH002,,Sale,-32,140.82,0
TXN03475,2024-09-19,PRD012,WH003,,Sale,-17,151.18,0
TXN03476,2024-09-19,PRD012,WH003,,Sale,-21,145.37,0
TXN03768,2024-09-19,PRD013,WH002,,Sale,-57,34.77,0
TXN03769,2024-09-19,PRD013,WH002,,Sale,-43,33.87,0
TXN04072,2024-09-19,PRD014,WH001,,Sale,-18,99.93,0
TXN04360,2024-09-19,PRD015,WH001,,Sale,-60,46.1,0
TXN04362,2024-09-19,PRD015,WH002,,Sale,-60,48.88,0
TXN04652,2024-09-19,PRD016,WH003,,Sale,-8,190.41,0
TXN05824,2024-09-19,PRD020,WH003,,Sale,-44,39.59,0
TXN06408,2024-09-19,PRD022,WH003,,Sale,-93,19.57,0
TXN00839,2024-09-22,PRD003,WH003,,Sale,-18,126.53,0
TXN02314,2024-09-22,PRD008,WH002,,Sale,-15,94.73,0
TXN02871,2024-09-22,PRD010,WH001,,Sale,-71,25.54,0
TXN03174,2024-09-22,PRD011,WH002,,Sale,-71,57.24,0
TXN04089,2024-09-22,PRD014,WH002,,Sale,-48,98.03,0
TXN04656,2024-09-22,PRD016,WH001,,Sale,-33,190.13,0
TXN04663,2024-09-22,PRD016,WH003,,Sale,-8,193.38,0
TXN04955,2024-09-22,PRD017,WH002,,Sale,-52,172.23,0
TXN05557,2024-09-22,PRD019,WH002,,Sale,-67,73.96,0
TXN06130,2024-09-22,PRD021,WH001,,Sale,-108,27.18,0
TXN06414,2024-09-22,PRD022,WH002,,Sale,-49,19.66,0
TXN06704,2024-09-22,PRD023,WH003,,Sale,-48,22.41,0
TXN07293,2024-09-22,PRD025,WH001,,Sale,-31,137.95,0
TXN07592,2024-09-22,PRD026,WH002,,Sale,-34,57.05,0
TXN07600,2024-09-22,PRD026,WH003,,Sale,-14,56.02,0
TXN08453,2024-09-22,PRD029,WH002,,Sale,-29,118.67,0
TXN08456,2024-09-22,PRD029,WH003,,Sale,-31,120.0,0
TXN00253,2024-09-23,PRD001,WH001,,Sale,-89,27.49,0
TXN01727,2024-09-23,PRD006,WH003,,Sale,-4,143.31,0
TXN02590,2024-09-23,PRD009,WH002,,Sale,-148,19.71,0
TXN02878,2024-09-23,PRD010,WH003,,Sale,-31,26.23,0
TXN03482,2024-09-23,PRD012,WH002,,Sale,-57,143.53,0
TXN03784,2024-09-23,PRD013,WH003,,Sale,-36,35.69,0
TXN04664,2024-09-23,PRD016,WH003,,Sale,-6,191.49,0
TXN04956,2024-09-23,PRD017,WH002,,Sale,-77,182.32,0
TXN05266,2024-09-23,PRD018,WH003,,Sale,-26,243.8,0
TXN06411,2024-09-23,PRD022,WH001,,Sale,-109,20.18,0
TXN06422,2024-09-23,PRD022,WH003,,Sale,-35,20.3,0
TXN07296,2024-09-23,PRD025,WH002,,Sale,-14,136.71,0
TXN00549,2024-09-24,PRD002,WH001,,Sale,-73,49.23,0
TXN00834,2024-09-24,PRD003,WH001,,Sale,-45,130.69,0
TXN01427,2024-09-24,PRD005,WH001,,Sale,-94,69.29,0
TXN01432,2024-09-24,PRD005,WH003,,Sale,-33,67.29,0
TXN02027,2024-09-24,PRD007,WH003,,Sale,-15,84.66,0
TXN04659,2024-09-24,PRD016,WH002,,Sale,-16,193.91,0
TXN05837,2024-09-24,PRD020,WH003,,Sale,-61,38.03,0
TXN06135,2024-09-24,PRD021,WH003,,Sale,-41,27.86,0
TXN06699,2024-09-24,PRD023,WH001,,Sale,0,21.6,1
TXN07595,2024-09-24,PRD026,WH002,,Sale,-35,52.39,0
TXN07892,2024-09-24,PRD027,WH003,,Sale,-13,219.12,0
TXN08738,2024-09-24,PRD030,WH002,,Sale,-46,146.39,0
TXN00257,2024-09-25,PRD001,WH002,,Sale,-95,29.05,0
TXN00554,2024-09-25,PRD002,WH002,,Sale,-43,49.57,0
TXN00555,2024-09-25,PRD002,WH002,,Sale,-69,50.91,0
TXN01137,2024-09-25,PRD004,WH001,,Sale,-39,138.4,0
TXN01141,2024-09-25,PRD004,WH002,,Sale,-22,135.34,0
TXN02026,2024-09-25,PRD007,WH003,,Sale,-17,87.86,0
TXN02879,2024-09-25,PRD010,WH003,,Sale,-29,24.88,0
TXN04085,2024-09-25,PRD014,WH001,,Sale,-24,100.6,0
TXN04375,2024-09-25,PRD015,WH003,,Sale,-13,48.36,0
TXN04379,2024-09-25,PRD015,WH003,,Sale,-20,49.77,0
TXN04960,2024-09-25,PRD017,WH003,,Sale,-12,177.03,0
TXN05554,2024-09-25,PRD019,WH001,,Sale,-109,74.95,0
TXN05833,2024-09-25,PRD020,WH002,,Sale,-123,39.1,0
TXN06129,2024-09-25,PRD021,WH001,,Sale,-62,28.94,0
TXN06418,2024-09-25,PRD022,WH003,,Sale,-49,20.24,0
TXN06706,2024-09-25,PRD023,WH003,,Sale,-36,21.3,0
TXN07298,2024-09-25,PRD025,WH002,,Sale,-11,129.62,0
TXN01725,2024-09-26,PRD006,WH003,,Sale,-3,152.78,0
TXN03176,2024-09-26,PRD011,WH002,,Sale,-59,59.92,0
TXN04086,2024-09-26,PRD014,WH001,,Sale,-19,98.0,0
TXN04378,2024-09-26,PRD015,WH003,,Sale,-12,46.31,0
TXN05265,2024-09-26,PRD018,WH002,,Sale,-35,253.13,0
TXN05555,2024-09-26,PRD019,WH001,,Sale,-63,78.04,0
TXN05558,2024-09-26,PRD019,WH002,,Sale,-79,72.1,0
TXN06705,2024-09-26,PRD023,WH003,,Sale,-33,21.42,0
TXN07001,2024-09-26,PRD024,WH001,,Sale,-38,364.7,0
TXN08171,2024-09-26,PRD028,WH001,,Sale,-14,255.79,0
TXN08736,2024-09-26,PRD030,WH001,,Sale,-34,133.09,0
TXN00556,2024-09-27,PRD002,WH003,,Sale,-35,49.53,0
TXN01435,2024-09-27,PRD005,WH003,,Sale,-31,73.41,0
TXN02592,2024-09-27,PRD009,WH003,,Sale,-126,19.8,0
TXN03172,2024-09-27,PRD011,WH001,,Sale,-55,55.26,0
TXN04092,2024-09-27,PRD014,WH003,,Sale,-13,98.88,0
TXN04958,2024-09-27,PRD017,WH003,,Sale,-24,172.56,0
TXN06131,2024-09-27,PRD021,WH001,,Sale,-75,27.12,0
TXN08739,2024-09-27,PRD030,WH002,,Sale,-35,142.32,0
TXN00251,2024-09-28,PRD001,WH001,,Sale,-63,29.35,0
TXN01722,2024-09-28,PRD006,WH001,,Sale,-24,144.26,0
TXN01728,2024-09-28,PRD006,WH003,,Sale,-6,149.02,0
TXN02316,2024-09-28,PRD008,WH003,,Sale,-8,94.76,0
TXN02874,2024-09-28,PRD010,WH001,,Sale,-60,25.07,0
TXN02877,2024-09-28,PRD010,WH003,,Sale,-26,23.87,0
TXN03171,2024-09-28,PRD011,WH001,,Sale,-38,58.3,0
TXN03782,2024-09-28,PRD013,WH003,,Sale,-25,36.11,0
TXN04954,2024-09-28,PRD017,WH002,,Sale,-37,174.56,0
TXN06703,2024-09-28,PRD023,WH003,,Sale,-37,22.06,0
TXN07889,2024-09-28,PRD027,WH002,,Sale,-12,219.98,0
TXN00838,2024-09-29,PRD003,WH003,,Sale,-18,125.46,0
TXN01431,2024-09-29,PRD005,WH002,,Sale,-107,67.0,0
TXN03170,2024-09-29,PRD011,WH001,,Sale,-60,58.97,0
TXN04373,2024-09-29,PRD015,WH002,,Sale,-52,50.39,0
TXN06416,2024-09-29,PRD022,WH002,,Sale,-59,19.67,0
TXN07002,2024-09-29,PRD024,WH002,,Sale,-14,392.24,0
TXN08175,2024-09-29,PRD028,WH002,,Sale,-15,265.28,0
TXN08451,2024-09-29,PRD029,WH002,,Sale,-25,116.48,0
TXN08740,2024-09-29,PRD030,WH002,,Sale,-54,136.72,0
TXN00550,2024-09-30,PRD002,WH001,,Sale,-48,51.24,0
TXN02309,2024-09-30,PRD008,WH001,,Sale,-31,93.13,0
TXN02586,2024-09-30,PRD009,WH001,,Sale,-250,19.43,0
TXN03169,2024-09-30,PRD011,WH001,,Sale,-39,60.84,0
TXN03179,2024-09-30,PRD011,WH003,,Sale,-35,59.34,0
TXN03778,2024-09-30,PRD013,WH002,,Sale,-70,36.34,0
TXN06133,2024-09-30,PRD021,WH002,,Sale,-45,27.12,0
TXN06702,2024-09-30,PRD023,WH003,,Sale,-30,22.11,0
TXN07294,2024-09-30,PRD025,WH001,,Sale,-20,136.27,0
TXN07594,2024-09-30,PRD026,WH002,,Sale,-18,55.67,0
TXN08454,2024-09-30,PRD029,WH002,,Sale,-39,120.96,0
TXN00548,2024-10-01,PRD002,WH001,,Sale,-72,47.71,0
TXN00558,2024-10-01,PRD002,WH003,,Sale,-20,49.11,0
TXN00833,2024-10-01,PRD003,WH001,,Sale,-48,133.56,0
TXN02881,2024-10-01,PRD010,WH003,,Sale,-32,23.79,0
TXN03780,2024-10-01,PRD013,WH002,,Sale,-83,33.97,0
TXN05563,2024-10-01,PRD019,WH003,,Sale,-35,73.52,0
TXN07006,2024-10-01,PRD024,WH002,,Sale,-12,387.52,0
TXN07587,2024-10-01,PRD026,WH001,,Sale,-27,56.32,0
TXN08455,2024-10-01,PRD029,WH003,,Sale,-37,123.47,0
TXN00841,2024-10-02,PRD003,WH003,,Sale,-10,123.52,0
TXN01136,2024-10-02,PRD004,WH001,,Sale,-18,138.34,0
TXN02319,2024-10-02,PRD008,WH003,,Sale,-8,98.29,0
TXN02591,2024-10-02,PRD009,WH002,,Sale,-104,19.6,0
TXN03483,2024-10-02,PRD012,WH002,,Sale,-49,145.11,0
TXN03775,2024-10-02,PRD013,WH001,,Sale,-107,36.7,0
TXN04654,2024-10-02,PRD016,WH001,,Sale,-26,188.22,0
TXN04957,2024-10-02,PRD017,WH003,,Sale,-15,179.9,0
TXN05553,2024-10-02,PRD019,WH001,,Sale,-67,76.76,0
TXN07299,2024-10-02,PRD025,WH002,,Sale,-19,136.8,0
TXN07598,2024-10-02,PRD026,WH003,,Sale,-13,52.25,0
TXN07888,2024-10-02,PRD027,WH002,,Sale,-10,220.0,0
TXN08742,2024-10-02,PRD030,WH003,,Sale,-19,145.47,0
TXN00547,2024-10-03,PRD002,WH001,,Sale,-56,52.27,0
TXN01433,2024-10-03,PRD005,WH003,,Sale,-23,68.94,0
TXN01721,2024-10-03,PRD006,WH001,,Sale,-32,148.78,0
TXN03180,2024-10-03,PRD011,WH003,,Sale,-17,59.76,0
TXN05828,2024-10-03,PRD020,WH001,,Sale,-129,36.53,0
TXN08174,2024-10-03,PRD028,WH002,,Sale,-17,274.43,0
TXN08178,2024-10-03,PRD028,WH003,,Sale,-21,275.69,0
TXN08452,2024-10-03,PRD029,WH002,,Sale,-21,117.34,0
TXN00252,2024-10-04,PRD001,WH001,,Sale,-61,27.25,0
TXN00832,2024-10-04,PRD003,WH001,,Sale,-73,124.4,0
TXN01429,2024-10-04,PRD005,WH002,,Sale,-66,71.07,0
TXN02313,2024-10-04,PRD008,WH002,,Sale,-20,98.06,0
TXN03777,2024-10-04,PRD013,WH001,,Sale,-67,33.41,0
TXN04087,2024-10-04,PRD014,WH001,,Sale,-30,95.11,0
TXN04370,2024-10-04,PRD015,WH001,,Sale,-159,48.44,0
TXN04655,2024-10-04,PRD016,WH001,,Sale,-17,188.31,0
TXN04657,2024-10-04,PRD016,WH002,,Sale,-15,186.28,0
TXN07588,2024-10-04,PRD026,WH001,,Sale,-34,55.92,0
TXN08735,2024-10-04,PRD030,WH001,,Sale,-29,146.74,0
TXN01143,2024-10-05,PRD004,WH003,,Sale,0,144.7,1
TXN02023,2024-10-05,PRD007,WH002,,Sale,-82,88.57,0
TXN02593,2024-10-05,PRD009,WH003,,Sale,-55,19.98,0
TXN04377,2024-10-05,PRD015,WH003,,Sale,-18,46.11,0
TXN05832,2024-10-05,PRD020,WH002,,Sale,-62,39.16,0
TXN07008,2024-10-05,PRD024,WH003,,Sale,-15,383.9,0
TXN07589,2024-10-05,PRD026,WH001,,Sale,-32,54.61,0
TXN07591,2024-10-05,PRD026,WH001,,Sale,-29,56.1,0
TXN07593,2024-10-05,PRD026,WH002,,Sale,-32,55.46,0
TXN08448,2024-10-05,PRD029,WH001,,Sale,-80,122.51,0
TXN08449,2024-10-05,PRD029,WH001,,Sale,-107,124.08,0
TXN00836,2024-10-06,PRD003,WH002,,Sale,-71,128.29,0
TXN01134,2024-10-06,PRD004,WH001,,Sale,-30,136.36,0
TXN01139,2024-10-06,PRD004,WH002,,Sale,-24,139.82,0
TXN02589,2024-10-06,PRD009,WH002,,Sale,-77,20.78,0
TXN06698,2024-10-06,PRD023,WH001,,Sale,-242,22.03,0
TXN07882,2024-10-06,PRD027,WH001,,Sale,-14,211.24,0
TXN00557,2024-10-07,PRD002,WH003,,Sale,-42,49.89,0
TXN01726,2024-10-07,PRD006,WH003,,Sale,-7,149.96,0
TXN02024,2024-10-07,PRD007,WH002,,Sale,-65,86.5,0
TXN02028,2024-10-07,PRD007,WH003,,Sale,-27,84.61,0
TXN03178,2024-10-07,PRD011,WH003,,Sale,-39,56.63,0
TXN04090,2024-10-07,PRD014,WH003,,Sale,-10,103.01,0
TXN04091,2024-10-07,PRD014,WH003,,Sale,-11,99.78,0
TXN05263,2024-10-07,PRD018,WH002,,Sale,-37,241.56,0
TXN05267,2024-10-07,PRD018,WH003,,Sale,-15,262.19,0
TXN05831,2024-10-07,PRD020,WH001,,Sale,-86,36.57,0
TXN06134,2024-10-07,PRD021,WH002,,Sale,-78,28.92,0
TXN07005,2024-10-07,PRD024,WH002,,Sale,-9,390.8,0
TXN07885,2024-10-07,PRD027,WH001,,Sale,-22,223.73,0
TXN08176,2024-10-07,PRD028,WH002,,Sale,-28,272.17,0
TXN08450,2024-10-07,PRD029,WH002,,Sale,-36,122.72,0
TXN08734,2024-10-07,PRD030,WH001,,Sale,-25,135.02,0
TXN08737,2024-10-07,PRD030,WH001,,Sale,-34,139.28,0
TXN00256,2024-10-08,PRD001,WH002,,Sale,-67,29.3,0
TXN00258,2024-10-08,PRD001,WH002,,Sale,-113,29.15,0
TXN00553,2024-10-08,PRD002,WH002,,Sale,-33,48.63,0
TXN02588,2024-10-08,PRD009,WH002,,Sale,-151,20.65,0
TXN04088,2024-10-08,PRD014,WH002,,Sale,-24,101.66,0
TXN04658,2024-10-08,PRD016,WH002,,Sale,-16,187.8,0
TXN05261,2024-10-08,PRD018,WH001,,Sale,-32,244.4,0
TXN05262,2024-10-08,PRD018,WH002,,Sale,-37,240.95,0
TXN06700,2024-10-08,PRD023,WH002,,Sale,-133,23.07,0
TXN07295,2024-10-08,PRD025,WH001,,Sale,-33,141.05,0
TXN07300,2024-10-08,PRD025,WH002,,Sale,-9,133.53,0
TXN01723,2024-10-09,PRD006,WH002,,Sale,-26,150.11,0
TXN02873,2024-10-09,PRD010,WH001,,Sale,-111,23.92,0
TXN03173,2024-10-09,PRD011,WH001,,Sale,-69,58.22,0
TXN03484,2024-10-09,PRD012,WH002,,Sale,-70,150.03,0
TXN04662,2024-10-09,PRD016,WH003,,Sale,-8,181.09,0
TXN05264,2024-10-09,PRD018,WH002,,Sale,-22,242.84,0
TXN06421,2024-10-09,PRD022,WH003,,Sale,-40,20.84,0
TXN07000,2024-10-09,PRD024,WH001,,Sale,-35,383.24,0
TXN07004,2024-10-09,PRD024,WH002,,Sale,-13,373.28,0
TXN07599,2024-10-09,PRD026,WH003,,Sale,-12,56.25,0
TXN07887,2024-10-09,PRD027,WH002,,Sale,-9,216.68,0
TXN00552,2024-10-10,PRD002,WH002,,Sale,-50,48.7,0
TXN02587,2024-10-10,PRD009,WH001,,Sale,-292,19.79,0
TXN02872,2024-10-10,PRD010,WH001,,Sale,-68,25.74,0
TXN02880,2024-10-10,PRD010,WH003,,Sale,-34,24.71,0
TXN03175,2024-10-10,PRD011,WH002,,Sale,-46,57.57,0
TXN03480,2024-10-10,PRD012,WH001,,Sale,-50,150.98,0
TXN03485,2024-10-10,PRD012,WH003,,Sale,-41,145.33,0
TXN03779,2024-10-10,PRD013,WH002,,Sale,-61,35.74,0
TXN04660,2024-10-10,PRD016,WH002,,Sale,-9,183.11,0
TXN05260,2024-10-10,PRD018,WH001,,Sale,-39,249.49,0
TXN05836,2024-10-10,PRD020,WH003,,Sale,-103,38.01,0
TXN06132,2024-10-10,PRD021,WH002,,Sale,-97,28.83,0
TXN06417,2024-10-10,PRD022,WH002,,Sale,-49,20.86,0
TXN06420,2024-10-10,PRD022,WH003,,Sale,-48,20.88,0
TXN07003,2024-10-10,PRD024,WH002,,Sale,-10,361.52,0
TXN07007,2024-10-10,PRD024,WH003,,Sale,-15,395.0,0
TXN07883,2024-10-10,PRD027,WH001,,Sale,-16,230.94,0
TXN08173,2024-10-10,PRD028,WH002,,Sale,-12,268.2,0
TXN01135,2024-10-11,PRD004,WH001,,Sale,-29,136.41,0
TXN01430,2024-10-11,PRD005,WH002,,Sale,-72,73.48,0
TXN01434,2024-10-11,PRD005,WH003,,Sale,-22,71.09,0
TXN02311,2024-10-11,PRD008,WH001,,Sale,-18,99.73,0
TXN03478,2024-10-11,PRD012,WH001,,Sale,-40,149.03,0
TXN03783,2024-10-11,PRD013,WH003,,Sale,-31,33.29,0
TXN04369,2024-10-11,PRD015,WH001,,Sale,-91,47.99,0
TXN04661,2024-10-11,PRD016,WH002,,Sale,-14,193.42,0
TXN04665,2024-10-11,PRD016,WH003,,Sale,-13,188.55,0
TXN05259,2024-10-11,PRD018,WH001,,Sale,-58,261.07,0
TXN06419,2024-10-11,PRD022,WH003,,Sale,-31,19.8,0
TXN07590,2024-10-11,PRD026,WH001,,Sale,-33,55.44,0
TXN07891,2024-10-11,PRD027,WH003,,Sale,-9,227.14,0
TXN00259,2024-10-12,PRD001,WH003,,Sale,-80,29.32,0
TXN01133,2024-10-12,PRD004,WH001,,Sale,-34,133.12,0
TXN01140,2024-10-12,PRD004,WH002,,Sale,-17,135.7,0
TXN01142,2024-10-12,PRD004,WH003,,Sale,-24,143.83,0
TXN01724,2024-10-12,PRD006,WH002,,Sale,-17,152.39,0
TXN02876,2024-10-12,PRD010,WH002,,Sale,-92,24.8,0
TXN03479,2024-10-12,PRD012,WH001,,Sale,-64,140.61,0
TXN06410,2024-10-12,PRD022,WH001,,Sale,-94,20.69,0
TXN06412,2024-10-12,PRD022,WH001,,Sale,-117,19.65,0
TXN06415,2024-10-12,PRD022,WH002,,Sale,-87,19.3,0
TXN06701,2024-10-12,PRD023,WH002,,Sale,-196,21.76,0
TXN07302,2024-10-12,PRD025,WH003,,Sale,-25,135.0,0
TXN08170,2024-10-12,PRD028,WH001,,Sale,-29,278.19,0
TXN08741,2024-10-12,PRD030,WH003,,Sale,-23,142.86,0
TXN08743,2024-10-12,PRD030,WH003,,Sale,-16,134.81,0
TXN02022,2024-10-13,PRD007,WH001,,Sale,-47,85.73,0
TXN02025,2024-10-13,PRD007,WH003,,Sale,-21,81.79,0
TXN02310,2024-10-13,PRD008,WH001,,Sale,-32,98.28,0
TXN04372,2024-10-13,PRD015,WH002,,Sale,-31,46.79,0
TXN04952,2024-10-13,PRD017,WH001,,Sale,-65,179.47,0
TXN05559,2024-10-13,PRD019,WH002,,Sale,-83,73.65,0
TXN06413,2024-10-13,PRD022,WH002,,Sale,-75,20.88,0
TXN07601,2024-10-13,PRD026,WH003,,Sale,-14,53.86,0
TXN08172,2024-10-13,PRD028,WH001,,Sale,-28,269.64,0
TXN01428,2024-10-14,PRD005,WH001,,Sale,-103,67.41,0
TXN02320,2024-10-14,PRD008,WH003,,Sale,-6,94.22,0
TXN04376,2024-10-14,PRD015,WH003,,Sale,-18,48.0,0
TXN07884,2024-10-14,PRD027,WH001,,Sale,-17,211.11,0
TXN07886,2024-10-14,PRD027,WH002,,Sale,-13,214.4,0
TXN07890,2024-10-14,PRD027,WH002,,Sale,-10,225.86,0
TXN08733,2024-10-14,PRD030,WH001,,Sale,-38,142.29,0
TXN00837,2024-10-15,PRD003,WH003,,Sale,-18,135.21,0
TXN01426,2024-10-15,PRD005,WH001,,Sale,-98,66.85,0
TXN02021,2024-10-15,PRD007,WH001,,Sale,-80,85.07,0
TXN04374,2024-10-15,PRD015,WH002,,Sale,-46,45.95,0
TXN05268,2024-10-15,PRD018,WH003,,Sale,-23,240.79,0
TXN05556,2024-10-15,PRD019,WH001,,Sale,-119,73.16,0
TXN05561,2024-10-15,PRD019,WH003,,Sale,-43,76.77,0
TXN05830,2024-10-15,PRD020,WH001,,Sale,-90,39.49,0
TXN05835,2024-10-15,PRD020,WH002,,Sale,-60,39.01,0
TXN01138,2024-10-16,PRD004,WH002,,Sale,0,138.25,1
TXN02315,2024-10-16,PRD008,WH002,,Sale,-11,95.0,0
TXN04951,2024-10-16,PRD017,WH001,,Sale,-52,183.65,0
TXN04959,2024-10-16,PRD017,WH003,,Sale,-26,171.54,0
TXN06136,2024-10-16,PRD021,WH003,,Sale,0,26.65,1
TXN07297,2024-10-16,PRD025,WH002,,Sale,-16,130.16,0
TXN07301,2024-10-16,PRD025,WH003,,Sale,-17,141.33,0
TXN00254,2024-10-17,PRD001,WH001,,Sale,-69,27.67,0
TXN00255,2024-10-17,PRD001,WH001,,Sale,-94,28.9,0
TXN00260,2024-10-17,PRD001,WH003,,Sale,-67,29.31,0
TXN00835,2024-10-17,PRD003,WH002,,Sale,-51,127.45,0
TXN01436,2024-10-17,PRD005,WH003,,Sale,-25,69.6,0
TXN02317,2024-10-17,PRD008,WH003,,Sale,-7,95.5,0
TXN02875,2024-10-17,PRD010,WH002,,Sale,-161,25.9,0
TXN03486,2024-10-17,PRD012,WH003,,Sale,-61,148.47,0
TXN04084,2024-10-17,PRD014,WH001,,Sale,-22,101.56,0
TXN06409,2024-10-17,PRD022,WH001,,Sale,-81,20.15,0
TXN07596,2024-10-17,PRD026,WH002,,Sale,-25,55.13,0
TXN08169,2024-10-17,PRD028,WH001,,Sale,-22,267.33,0
TXN00551,2024-10-18,PRD002,WH001,,Sale,-43,50.19,0
TXN00840,2024-10-18,PRD003,WH003,,Sale,-12,132.51,0
TXN02312,2024-10-18,PRD008,WH002,,Sale,-13,93.54,0
TXN02318,2024-10-18,PRD008,WH003,,Sale,-7,94.63,0
TXN03481,2024-10-18,PRD012,WH001,,Sale,-63,148.57,0
TXN03776,2024-10-18,PRD013,WH001,,Sale,-98,34.05,0
TXN03781,2024-10-18,PRD013,WH003,,Sale,-18,34.7,0
TXN04371,2024-10-18,PRD015,WH002,,Sale,-43,48.68,0
TXN04953,2024-10-18,PRD017,WH001,,Sale,-95,169.11,0
TXN05562,2024-10-18,PRD019,WH003,,Sale,-34,72.72,0
TXN05829,2024-10-18,PRD020,WH001,,Sale,-120,39.26,0
TXN05834,2024-10-18,PRD020,WH002,,Sale,-96,39.26,0
TXN07597,2024-10-18,PRD026,WH003,,Sale,-12,54.22,0
TXN08177,2024-10-18,PRD028,WH003,,Sale,-24,277.65,0
TXN08744,2024-10-18,PRD030,WH003,,Sale,-29,139.34,0
TXN02020,2024-10-19,PRD007,WH001,,Sale,-45,83.16,0
TXN03177,2024-10-19,PRD011,WH003,,Sale,-38,55.8,0
TXN05560,2024-10-19,PRD019,WH003,,Sale,-39,78.44,0
TXN07292,2024-10-19,PRD025,WH001,,Sale,-18,137.05,0
TXN01149,2024-10-22,PRD004,WH002,,Sale,-36,138.45,0
TXN01150,2024-10-22,PRD004,WH002,,Sale,-30,141.98,0
TXN01151,2024-10-22,PRD004,WH003,SUP002,Purchase,142,91.45,0
TXN01447,2024-10-22,PRD005,WH003,SUP002,Purchase,294,44.22,0
TXN01448,2024-10-22,PRD005,WH003,,Sale,-33,66.97,0
TXN01729,2024-10-22,PRD006,WH001,SUP002,Purchase,146,91.99,0
TXN02029,2024-10-22,PRD007,WH001,SUP002,Purchase,365,55.69,0
TXN02891,2024-10-22,PRD010,WH002,,Sale,-36,24.1,0
TXN03186,2024-10-22,PRD011,WH002,SUP001,Purchase,518,38.0,0
TXN03492,2024-10-22,PRD012,WH002,SUP001,Purchase,427,93.62,0
TXN03495,2024-10-22,PRD012,WH003,SUP001,Purchase,238,95.62,0
TXN03797,2024-10-22,PRD013,WH003,SUP002,Purchase,276,22.29,0
TXN04671,2024-10-22,PRD016,WH002,SUP002,Purchase,186,121.87,0
TXN05280,2024-10-22,PRD018,WH003,SUP004,Purchase,126,192.57,0
TXN05574,2024-10-22,PRD019,WH003,,Sale,-54,74.39,0
TXN05841,2024-10-22,PRD020,WH001,,Sale,-136,38.4,0
TXN06146,2024-10-22,PRD021,WH003,SUP004,Purchase,262,17.51,0
TXN06423,2024-10-22,PRD022,WH001,SUP010,Purchase,881,11.6,0
TXN06428,2024-10-22,PRD022,WH002,SUP010,Purchase,953,11.82,0
TXN07016,2024-10-22,PRD024,WH002,,Sale,0,380.46,1
TXN07304,2024-10-22,PRD025,WH001,,Sale,-39,133.44,0
TXN07305,2024-10-22,PRD025,WH001,,Sale,-42,138.81,0
TXN07612,2024-10-22,PRD026,WH003,SUP010,Purchase,148,35.96,0
TXN08185,2024-10-22,PRD028,WH002,,Sale,-25,274.01,0
TXN08458,2024-10-22,PRD029,WH001,,Sale,-33,121.04,0
TXN08460,2024-10-22,PRD029,WH001,,Sale,-40,121.85,0
TXN00842,2024-10-23,PRD003,WH001,SUP001,Purchase,420,83.0,0
TXN00846,2024-10-23,PRD003,WH002,SUP001,Purchase,287,85.55,0
TXN01441,2024-10-23,PRD005,WH002,SUP002,Purchase,541,44.3,0
TXN01740,2024-10-23,PRD006,WH003,,Sale,-6,146.71,0
TXN02041,2024-10-23,PRD007,WH003,SUP002,Purchase,0,56.46,1
TXN02594,2024-10-23,PRD009,WH001,SUP005,Purchase,1071,12.4,0
TXN02602,2024-10-23,PRD009,WH002,,Sale,-97,19.32,0
TXN02896,2024-10-23,PRD010,WH003,,Sale,-51,26.12,0
TXN03785,2024-10-23,PRD013,WH001,SUP002,Purchase,511,21.32,0
TXN03791,2024-10-23,PRD013,WH002,SUP002,Purchase,550,22.1,0
TXN03792,2024-10-23,PRD013,WH002,,Sale,-35,34.89,0
TXN03798,2024-10-23,PRD013,WH003,,Sale,-44,35.24,0
TXN05842,2024-10-23,PRD020,WH002,SUP003,Purchase,802,25.88,0
TXN06138,2024-10-23,PRD021,WH001,,Sale,-167,27.42,0
TXN06432,2024-10-23,PRD022,WH002,,Sale,-56,19.99,0
TXN06435,2024-10-23,PRD022,WH003,,Sale,-48,19.29,0
TXN07010,2024-10-23,PRD024,WH001,,Sale,-10,375.76,0
TXN07893,2024-10-23,PRD027,WH001,SUP009,Purchase,190,149.26,0
TXN07904,2024-10-23,PRD027,WH003,,Sale,-11,219.76,0
TXN08191,2024-10-23,PRD028,WH003,,Sale,-7,260.08,0
TXN08466,2024-10-23,PRD029,WH002,,Sale,-67,117.89,0
TXN08472,2024-10-23,PRD029,WH003,,Sale,-20,123.26,0
TXN08746,2024-10-23,PRD030,WH001,,Sale,-44,146.18,0
TXN00270,2024-10-24,PRD001,WH003,SUP001,Purchase,418,17.52,0
TXN00565,2024-10-24,PRD002,WH003,SUP001,Purchase,344,32.9,0
TXN01146,2024-10-24,PRD004,WH001,,Sale,-59,133.76,0
TXN01153,2024-10-24,PRD004,WH003,,Sale,-24,136.94,0
TXN01731,2024-10-24,PRD006,WH001,,Sale,-37,155.93,0
TXN01735,2024-10-24,PRD006,WH002,,Sale,-12,149.56,0
TXN02043,2024-10-24,PRD007,WH003,,Sale,-28,87.18,0
TXN02321,2024-10-24,PRD008,WH001,SUP003,Purchase,165,60.37,0
TXN02884,2024-10-24,PRD010,WH001,,Sale,-67,25.0,0
TXN03181,2024-10-24,PRD011,WH001,SUP001,Purchase,510,38.02,0
TXN03189,2024-10-24,PRD011,WH003,SUP001,Purchase,285,38.71,0
TXN03190,2024-10-24,PRD011,WH003,,Sale,-28,60.61,0
TXN03493,2024-10-24,PRD012,WH002,,Sale,-61,144.65,0
TXN03794,2024-10-24,PRD013,WH002,,Sale,0,35.92,1
TXN04093,2024-10-24,PRD014,WH001,SUP002,Purchase,248,65.87,0
TXN04103,2024-10-24,PRD014,WH003,SUP002,Purchase,108,63.65,0
TXN04105,2024-10-24,PRD014,WH003,,Sale,-8,102.04,0
TXN04669,2024-10-24,PRD016,WH001,,Sale,-15,181.0,0
TXN04976,2024-10-24,PRD017,WH003,,Sale,-20,171.98,0
TXN05274,2024-10-24,PRD018,WH002,SUP004,Purchase,252,189.24,0
TXN06433,2024-10-24,PRD022,WH003,SUP010,Purchase,479,11.59,0
TXN07014,2024-10-24,PRD024,WH001,,Sale,-17,396.2,0
TXN07896,2024-10-24,PRD027,WH002,SUP009,Purchase,138,155.33,0
TXN08187,2024-10-24,PRD028,WH002,,Sale,-35,269.54,0
TXN08190,2024-10-24,PRD028,WH003,,Sale,-7,260.04,0
TXN08457,2024-10-24,PRD029,WH001,SUP008,Purchase,432,80.51,0
TXN00559,2024-10-25,PRD002,WH001,SUP001,Purchase,514,32.09,0
TXN01437,2024-10-25,PRD005,WH001,SUP002,Purchase,876,45.67,0
TXN01438,2024-10-25,PRD005,WH001,,Sale,-137,71.68,0
TXN02035,2024-10-25,PRD007,WH002,SUP002,Purchase,331,57.05,0
TXN02038,2024-10-25,PRD007,WH002,,Sale,-29,83.29,0
TXN02600,2024-10-25,PRD009,WH002,,Sale,-101,19.38,0
TXN02889,2024-10-25,PRD010,WH002,,Sale,-60,25.86,0
TXN02890,2024-10-25,PRD010,WH002,,Sale,-69,23.82,0
TXN03184,2024-10-25,PRD011,WH001,,Sale,-43,60.51,0
TXN04969,2024-10-25,PRD017,WH002,,Sale,-56,180.03,0
TXN05282,2024-10-25,PRD018,WH003,,Sale,-33,252.78,0
TXN05847,2024-10-25,PRD020,WH003,SUP003,Purchase,507,25.79,0
TXN06137,2024-10-25,PRD021,WH001,SUP004,Purchase,615,17.92,0
TXN07303,2024-10-25,PRD025,WH001,SUP006,Purchase,205,94.3,0
TXN07607,2024-10-25,PRD026,WH002,SUP010,Purchase,365,34.96,0
TXN07901,2024-10-25,PRD027,WH003,SUP009,Purchase,68,148.24,0
TXN08459,2024-10-25,PRD029,WH001,,Sale,-38,118.3,0
TXN08463,2024-10-25,PRD029,WH002,SUP008,Purchase,391,77.58,0
TXN08467,2024-10-25,PRD029,WH003,SUP008,Purchase,235,83.1,0
TXN00267,2024-10-26,PRD001,WH002,SUP001,Purchase,653,18.58,0
TXN00272,2024-10-26,PRD001,WH003,,Sale,-111,27.25,0
TXN00562,2024-10-26,PRD002,WH002,SUP001,Purchase,502,32.96,0
TXN00843,2024-10-26,PRD003,WH001,,Sale,-65,132.75,0
TXN00848,2024-10-26,PRD003,WH002,,Sale,-42,126.58,0
TXN00851,2024-10-26,PRD003,WH003,,Sale,-20,133.64,0
TXN00852,2024-10-26,PRD003,WH003,,Sale,-15,124.87,0
TXN02031,2024-10-26,PRD007,WH001,,Sale,-43,82.55,0
TXN02326,2024-10-26,PRD008,WH002,,Sale,-25,91.71,0
TXN02597,2024-10-26,PRD009,WH002,SUP005,Purchase,847,11.62,0
TXN02598,2024-10-26,PRD009,WH002,,Sale,-84,19.71,0
TXN03489,2024-10-26,PRD012,WH001,,Sale,-77,145.33,0
TXN04097,2024-10-26,PRD014,WH002,SUP002,Purchase,204,64.51,0
TXN04380,2024-10-26,PRD015,WH001,SUP003,Purchase,524,29.86,0
TXN04384,2024-10-26,PRD015,WH002,SUP003,Purchase,366,28.81,0
TXN04393,2024-10-26,PRD015,WH003,,Sale,-17,45.68,0
TXN04666,2024-10-26,PRD016,WH001,SUP002,Purchase,187,120.07,0
TXN04961,2024-10-26,PRD017,WH001,SUP004,Purchase,512,127.65,0
TXN05275,2024-10-26,PRD018,WH002,,Sale,-29,254.89,0
TXN06140,2024-10-26,PRD021,WH002,SUP004,Purchase,493,18.6,0
TXN07307,2024-10-26,PRD025,WH002,SUP006,Purchase,151,97.17,0
TXN07313,2024-10-26,PRD025,WH003,SUP006,Purchase,121,93.52,0
TXN07602,2024-10-26,PRD026,WH001,SUP010,Purchase,344,35.54,0
TXN08179,2024-10-26,PRD028,WH001,SUP006,Purchase,240,186.65,0
TXN08748,2024-10-26,PRD030,WH001,,Sale,-46,135.38,0
TXN08750,2024-10-26,PRD030,WH002,SUP008,Purchase,384,96.59,0
TXN08751,2024-10-26,PRD030,WH002,,Sale,-32,137.63,0
TXN00261,2024-10-27,PRD001,WH001,SUP001,Purchase,928,18.51,0
TXN00850,2024-10-27,PRD003,WH003,SUP001,Purchase,159,83.76,0
TXN01732,2024-10-27,PRD006,WH002,SUP002,Purchase,111,94.38,0
TXN02036,2024-10-27,PRD007,WH002,,Sale,-33,84.05,0
TXN02893,2024-10-27,PRD010,WH002,,Sale,-38,23.97,0
TXN02894,2024-10-27,PRD010,WH003,SUP005,Purchase,427,15.38,0
TXN03193,2024-10-27,PRD011,WH003,,Sale,-21,55.33,0
TXN03786,2024-10-27,PRD013,WH001,,Sale,-44,36.55,0
TXN03800,2024-10-27,PRD013,WH003,,Sale,-23,34.48,0
TXN04095,2024-10-27,PRD014,WH001,,Sale,-28,97.47,0
TXN04390,2024-10-27,PRD015,WH003,SUP003,Purchase,225,29.53,0
TXN05572,2024-10-27,PRD019,WH002,,Sale,-49,74.64,0
TXN05573,2024-10-27,PRD019,WH003,SUP007,Purchase,335,59.37,0
TXN05838,2024-10-27,PRD020,WH001,SUP003,Purchase,1045,25.92,0
TXN06139,2024-10-27,PRD021,WH001,,Sale,-110,27.76,0
TXN06429,2024-10-27,PRD022,WH002,,Sale,-67,19.64,0
TXN06707,2024-10-27,PRD023,WH001,SUP006,Purchase,965,14.27,0
TXN07009,2024-10-27,PRD024,WH001,SUP006,Purchase,212,288.82,0
TXN07021,2024-10-27,PRD024,WH003,,Sale,-8,370.13,0
TXN07615,2024-10-27,PRD026,WH003,,Sale,-15,56.41,0
TXN08188,2024-10-27,PRD028,WH003,SUP006,Purchase,113,190.8,0
TXN08745,2024-10-27,PRD030,WH001,SUP008,Purchase,319,92.82,0
TXN01144,2024-10-28,PRD004,WH001,SUP002,Purchase,359,91.06,0
TXN02328,2024-10-28,PRD008,WH003,SUP003,Purchase,110,62.3,0
TXN02888,2024-10-28,PRD010,WH002,SUP005,Purchase,709,14.76,0
TXN03488,2024-10-28,PRD012,WH001,,Sale,-43,148.38,0
TXN04681,2024-10-28,PRD016,WH003,,Sale,-8,184.89,0
TXN04967,2024-10-28,PRD017,WH002,SUP004,Purchase,374,129.6,0
TXN04971,2024-10-28,PRD017,WH003,SUP004,Purchase,181,134.65,0
TXN05269,2024-10-28,PRD018,WH001,SUP004,Purchase,304,202.39,0
TXN05570,2024-10-28,PRD019,WH002,,Sale,-85,72.45,0
TXN07018,2024-10-28,PRD024,WH003,SUP006,Purchase,91,275.43,0
TXN07306,2024-10-28,PRD025,WH001,,Sale,-27,128.52,0
TXN00844,2024-10-29,PRD003,WH001,,Sale,-33,135.16,0
TXN01733,2024-10-29,PRD006,WH002,,Sale,-7,143.97,0
TXN01737,2024-10-29,PRD006,WH003,SUP002,Purchase,69,92.55,0
TXN02595,2024-10-29,PRD009,WH001,,Sale,-264,19.94,0
TXN02603,2024-10-29,PRD009,WH003,SUP005,Purchase,489,12.44,0
TXN02882,2024-10-29,PRD010,WH001,SUP005,Purchase,650,14.74,0
TXN03487,2024-10-29,PRD012,WH001,SUP001,Purchase,471,92.55,0
TXN03490,2024-10-29,PRD012,WH001,,Sale,-39,141.29,0
TXN03793,2024-10-29,PRD013,WH002,,Sale,-26,33.38,0
TXN03795,2024-10-29,PRD013,WH002,,Sale,-46,34.78,0
TXN04672,2024-10-29,PRD016,WH002,,Sale,-13,192.31,0
TXN04677,2024-10-29,PRD016,WH003,SUP002,Purchase,91,119.95,0
TXN05569,2024-10-29,PRD019,WH002,SUP007,Purchase,672,57.99,0
TXN06143,2024-10-29,PRD021,WH002,,Sale,-41,29.16,0
TXN06144,2024-10-29,PRD021,WH002,,Sale,-31,29.28,0
TXN06148,2024-10-29,PRD021,WH003,,Sale,-34,28.67,0
TXN06713,2024-10-29,PRD023,WH003,SUP006,Purchase,330,14.1,0
TXN06715,2024-10-29,PRD023,WH003,,Sale,-64,21.39,0
TXN07011,2024-10-29,PRD024,WH001,,Sale,-14,369.87,0
TXN07902,2024-10-29,PRD027,WH003,,Sale,-10,217.1,0
TXN08747,2024-10-29,PRD030,WH001,,Sale,-53,143.44,0
TXN08755,2024-10-29,PRD030,WH003,SUP008,Purchase,220,96.13,0
TXN00567,2024-10-30,PRD002,WH003,,Sale,-20,51.09,0
TXN01147,2024-10-30,PRD004,WH002,SUP002,Purchase,269,86.91,0
TXN02325,2024-10-30,PRD008,WH002,SUP003,Purchase,191,59.04,0
TXN02895,2024-10-30,PRD010,WH003,,Sale,-110,25.96,0
TXN03188,2024-10-30,PRD011,WH002,,Sale,-101,57.83,0
TXN04391,2024-10-30,PRD015,WH003,,Sale,-32,49.63,0
TXN04392,2024-10-30,PRD015,WH003,,Sale,-36,46.37,0
TXN04968,2024-10-30,PRD017,WH002,,Sale,-30,173.49,0
TXN05279,2024-10-30,PRD018,WH002,,Sale,-21,247.4,0
TXN05564,2024-10-30,PRD019,WH001,SUP007,Purchase,682,58.0,0
TXN05845,2024-10-30,PRD020,WH002,,Sale,-60,39.09,0
TXN05846,2024-10-30,PRD020,WH002,,Sale,-120,36.36,0
TXN05849,2024-10-30,PRD020,WH003,,Sale,-90,36.35,0
TXN06142,2024-10-30,PRD021,WH002,,Sale,-32,28.79,0
TXN06710,2024-10-30,PRD023,WH002,SUP006,Purchase,807,14.3,0
TXN07015,2024-10-30,PRD024,WH002,SUP006,Purchase,145,270.35,0
TXN07022,2024-10-30,PRD024,WH003,,Sale,-8,367.62,0
TXN07023,2024-10-30,PRD024,WH001,,Adjustment,-15,280.0,0
TXN07308,2024-10-30,PRD025,WH002,,Sale,-15,137.72,0
TXN07604,2024-10-30,PRD026,WH001,,Sale,-38,54.03,0
TXN08184,2024-10-30,PRD028,WH002,SUP006,Purchase,145,186.95,0
TXN08468,2024-10-30,PRD029,WH003,,Sale,-14,122.88,0
TXN00264,2024-10-31,PRD001,WH001,,Sale,-85,29.39,0
TXN01152,2024-10-31,PRD004,WH003,,Sale,-26,144.02,0
TXN02331,2024-10-31,PRD008,WH003,,Sale,-23,95.0,0
TXN03788,2024-10-31,PRD013,WH001,,Sale,-50,35.13,0
TXN04386,2024-10-31,PRD015,WH002,,Sale,-26,46.58,0
TXN04387,2024-10-31,PRD015,WH002,,Sale,-21,46.28,0
TXN05839,2024-10-31,PRD020,WH001,,Sale,-119,38.99,0
TXN07616,2024-10-31,PRD026,WH003,,Sale,-21,55.08,0
TXN00563,2024-11-01,PRD002,WH002,,Sale,-104,48.92,0
TXN00566,2024-11-01,PRD002,WH003,,Sale,-26,48.31,0
TXN00568,2024-11-01,PRD002,WH003,,Sale,-15,51.45,0
TXN00849,2024-11-01,PRD003,WH002,,Sale,-39,135.54,0
TXN00853,2024-11-01,PRD003,WH003,,Sale,-14,128.78,0
TXN01739,2024-11-01,PRD006,WH003,,Sale,-4,144.41,0
TXN02323,2024-11-01,PRD008,WH001,,Sale,-31,92.39,0
TXN02327,2024-11-01,PRD008,WH002,,Sale,-59,95.65,0
TXN02605,2024-11-01,PRD009,WH003,,Sale,-60,20.5,0
TXN03183,2024-11-01,PRD011,WH001,,Sale,-71,60.28,0
TXN03185,2024-11-01,PRD011,WH001,,Sale,-90,56.2,0
TXN03799,2024-11-01,PRD013,WH003,,Sale,-47,35.0,0
TXN06431,2024-11-01,PRD022,WH002,,Sale,-88,20.7,0
TXN07611,2024-11-01,PRD026,WH002,,Sale,-32,56.66,0
TXN08181,2024-11-01,PRD028,WH001,,Sale,-22,270.09,0
TXN08182,2024-11-01,PRD028,WH001,,Sale,-28,261.24,0
TXN00268,2024-11-02,PRD001,WH002,,Sale,-97,27.65,0
TXN02596,2024-11-02,PRD009,WH001,,Sale,-203,19.86,0
TXN02599,2024-11-02,PRD009,WH002,,Sale,-85,20.77,0
TXN04099,2024-11-02,PRD014,WH002,,Sale,-13,98.91,0
TXN05276,2024-11-02,PRD018,WH002,,Sale,-17,255.45,0
TXN05575,2024-11-02,PRD019,WH003,,Sale,-63,75.32,0
TXN07012,2024-11-02,PRD024,WH001,,Sale,-17,377.87,0
TXN07309,2024-11-02,PRD025,WH002,,Sale,-17,131.48,0
TXN07316,2024-11-02,PRD025,WH003,,Sale,-13,136.97,0
TXN07317,2024-11-02,PRD025,WH003,,Sale,-8,131.2,0
TXN07898,2024-11-02,PRD027,WH002,,Sale,-15,221.72,0
TXN07903,2024-11-02,PRD027,WH003,,Sale,-12,224.47,0
TXN08757,2024-11-02,PRD030,WH003,,Sale,-22,144.04,0
TXN02034,2024-11-03,PRD007,WH001,,Sale,-43,81.54,0
TXN02329,2024-11-03,PRD008,WH003,,Sale,-11,92.04,0
TXN02601,2024-11-03,PRD009,WH002,,Sale,-61,19.84,0
TXN02606,2024-11-03,PRD009,WH003,,Sale,-58,20.0,0
TXN03790,2024-11-03,PRD013,WH001,,Sale,-55,36.13,0
TXN04098,2024-11-03,PRD014,WH002,,Sale,-10,95.28,0
TXN04107,2024-11-03,PRD014,WH003,,Sale,-10,97.81,0
TXN04381,2024-11-03,PRD015,WH001,,Sale,-58,47.3,0
TXN04673,2024-11-03,PRD016,WH002,,Sale,-9,184.59,0
TXN06145,2024-11-03,PRD021,WH002,,Sale,-42,28.72,0
TXN06711,2024-11-03,PRD023,WH002,,Sale,-154,21.75,0
TXN07013,2024-11-03,PRD024,WH001,,Sale,-10,373.1,0
TXN08183,2024-11-03,PRD028,WH001,,Sale,-24,263.2,0
TXN08192,2024-11-03,PRD028,WH003,,Sale,-9,265.03,0
TXN08470,2024-11-03,PRD029,WH003,,Sale,-16,116.09,0
TXN00265,2024-11-04,PRD001,WH001,,Sale,-88,29.34,0
TXN01736,2024-11-04,PRD006,WH002,,Sale,-7,144.67,0
TXN02885,2024-11-04,PRD010,WH001,,Sale,-71,25.56,0
TXN04102,2024-11-04,PRD014,WH002,,Sale,-11,101.46,0
TXN04388,2024-11-04,PRD015,WH002,,Sale,-26,49.29,0
TXN05278,2024-11-04,PRD018,WH002,,Sale,-29,245.89,0
TXN07603,2024-11-04,PRD026,WH001,,Sale,-47,55.42,0
TXN08461,2024-11-04,PRD029,WH001,,Sale,-61,121.38,0
TXN08462,2024-11-04,PRD029,WH001,,Sale,-45,115.18,0
TXN08752,2024-11-04,PRD030,WH002,,Sale,-24,140.3,0
TXN01145,2024-11-05,PRD004,WH001,,Sale,-53,143.04,0
TXN01148,2024-11-05,PRD004,WH002,,Sale,-34,141.82,0
TXN01741,2024-11-05,PRD006,WH003,,Sale,-4,149.38,0
TXN04675,2024-11-05,PRD016,WH002,,Sale,-14,180.84,0
TXN04974,2024-11-05,PRD017,WH003,,Sale,-17,171.7,0
TXN05281,2024-11-05,PRD018,WH003,,Sale,-25,246.4,0
TXN05848,2024-11-05,PRD020,WH003,,Sale,-87,36.61,0
TXN06149,2024-11-05,PRD021,WH003,,Sale,-23,28.56,0
TXN06424,2024-11-05,PRD022,WH001,,Sale,-131,20.23,0
TXN02042,2024-11-06,PRD007,WH003,,Sale,-36,83.03,0
TXN02322,2024-11-06,PRD008,WH001,,Sale,-32,97.95,0
TXN02604,2024-11-06,PRD009,WH003,,Sale,-52,20.6,0
TXN03192,2024-11-06,PRD011,WH003,,Sale,-22,58.33,0
TXN03491,2024-11-06,PRD012,WH001,,Sale,-80,144.48,0
TXN04101,2024-11-06,PRD014,WH002,,Sale,-15,101.15,0
TXN04383,2024-11-06,PRD015,WH001,,Sale,-55,50.16,0
TXN04679,2024-11-06,PRD016,WH003,,Sale,-7,189.04,0
TXN06150,2024-11-06,PRD021,WH003,,Sale,-44,27.1,0
TXN06426,2024-11-06,PRD022,WH001,,Sale,-88,19.31,0
TXN07314,2024-11-06,PRD025,WH003,,Sale,-13,131.7,0
TXN07895,2024-11-06,PRD027,WH001,,Sale,-41,220.95,0
TXN00269,2024-11-07,PRD001,WH002,,Sale,-132,27.75,0
TXN02883,2024-11-07,PRD010,WH001,,Sale,-63,23.85,0
TXN04094,2024-11-07,PRD014,WH001,,Sale,-24,104.9,0
TXN04668,2024-11-07,PRD016,WH001,,Sale,-25,185.99,0
TXN06425,2024-11-07,PRD022,WH001,,Sale,-89,19.86,0
TXN06716,2024-11-07,PRD023,WH003,,Sale,-75,22.36,0
TXN00564,2024-11-08,PRD002,WH002,,Sale,-120,50.12,0
TXN01442,2024-11-08,PRD005,WH002,,Sale,-34,70.0,0
TXN04670,2024-11-08,PRD016,WH001,,Sale,-25,185.14,0
TXN04966,2024-11-08,PRD017,WH001,,Sale,-25,182.99,0
TXN05844,2024-11-08,PRD020,WH002,,Sale,-47,36.59,0
TXN06147,2024-11-08,PRD021,WH003,,Sale,-33,27.51,0
TXN06714,2024-11-08,PRD023,WH003,,Sale,-44,21.22,0
TXN07315,2024-11-08,PRD025,WH003,,Sale,-13,140.44,0
TXN08756,2024-11-08,PRD030,WH003,,Sale,-15,140.52,0
TXN00847,2024-11-09,PRD003,WH002,,Sale,-39,130.88,0
TXN02330,2024-11-09,PRD008,WH003,,Sale,-13,99.39,0
TXN03494,2024-11-09,PRD012,WH002,,Sale,-74,140.87,0
TXN03789,2024-11-09,PRD013,WH001,,Sale,-37,34.17,0
TXN04973,2024-11-09,PRD017,WH003,,Sale,-18,173.18,0
TXN04975,2024-11-09,PRD017,WH003,,Sale,-15,171.72,0
TXN07900,2024-11-09,PRD027,WH002,,Sale,0,218.33,1
TXN00263,2024-11-10,PRD001,WH001,,Sale,-82,26.79,0
TXN01439,2024-11-10,PRD005,WH001,,Sale,-85,72.99,0
TXN02044,2024-11-10,PRD007,WH003,,Sale,-30,82.33,0
TXN03497,2024-11-10,PRD012,WH003,,Sale,-65,148.71,0
TXN04104,2024-11-10,PRD014,WH003,,Sale,-7,95.31,0
TXN04667,2024-11-10,PRD016,WH001,,Sale,-18,182.0,0
TXN04676,2024-11-10,PRD016,WH002,,Sale,-9,176.92,0
TXN04678,2024-11-10,PRD016,WH003,,Sale,-5,186.38,0
TXN04970,2024-11-10,PRD017,WH002,,Sale,-44,169.48,0
TXN05566,2024-11-10,PRD019,WH001,,Sale,-82,76.37,0
TXN05576,2024-11-10,PRD019,WH003,,Sale,-31,72.25,0
TXN06436,2024-11-10,PRD022,WH003,,Sale,-38,20.49,0
TXN06712,2024-11-10,PRD023,WH002,,Sale,-181,20.98,0
TXN08180,2024-11-10,PRD028,WH001,,Sale,-32,270.64,0
TXN00570,2024-11-11,PRD002,WH003,,Sale,-26,51.99,0
TXN01451,2024-11-11,PRD005,WH003,,Sale,-22,69.21,0
TXN01738,2024-11-11,PRD006,WH003,,Sale,-6,147.88,0
TXN02032,2024-11-11,PRD007,WH001,,Sale,-25,83.16,0
TXN02037,2024-11-11,PRD007,WH002,,Sale,-24,87.15,0
TXN03496,2024-11-11,PRD012,WH003,,Sale,-51,140.57,0
TXN05271,2024-11-11,PRD018,WH001,,Sale,-30,255.87,0
TXN05272,2024-11-11,PRD018,WH001,,Sale,-33,242.7,0
TXN07605,2024-11-11,PRD026,WH001,,Sale,-57,54.09,0
TXN08193,2024-11-11,PRD028,WH003,,Sale,-8,262.88,0
TXN08759,2024-11-11,PRD030,WH003,,Sale,-15,139.44,0
TXN00271,2024-11-12,PRD001,WH003,,Sale,-76,27.27,0
TXN01445,2024-11-12,PRD005,WH002,,Sale,-49,66.63,0
TXN01446,2024-11-12,PRD005,WH002,,Sale,-40,70.19,0
TXN01449,2024-11-12,PRD005,WH003,,Sale,-32,72.46,0
TXN02040,2024-11-12,PRD007,WH002,,Sale,-19,85.88,0
TXN03182,2024-11-12,PRD011,WH001,,Sale,-75,59.61,0
TXN03787,2024-11-12,PRD013,WH001,,Sale,-36,35.75,0
TXN04674,2024-11-12,PRD016,WH002,,Sale,-11,179.21,0
TXN05567,2024-11-12,PRD019,WH001,,Sale,-70,73.87,0
TXN06430,2024-11-12,PRD022,WH002,,Sale,-120,19.39,0
TXN07899,2024-11-12,PRD027,WH002,,Sale,-14,221.09,0
TXN08465,2024-11-12,PRD029,WH002,,Sale,-43,123.52,0
TXN00266,2024-11-13,PRD001,WH001,,Sale,-76,29.04,0
TXN00845,2024-11-13,PRD003,WH001,,Sale,0,135.14,1
TXN04964,2024-11-13,PRD017,WH001,,Sale,-34,170.78,0
TXN05270,2024-11-13,PRD018,WH001,,Sale,-45,237.76,0
TXN05273,2024-11-13,PRD018,WH001,,Sale,-38,254.9,0
TXN07311,2024-11-13,PRD025,WH002,,Sale,-18,139.17,0
TXN07614,2024-11-13,PRD026,WH003,,Sale,-13,57.74,0
TXN07897,2024-11-13,PRD027,WH002,,Sale,-9,212.43,0
TXN08464,2024-11-13,PRD029,WH002,,Sale,-48,116.93,0
TXN08753,2024-11-13,PRD030,WH002,,Sale,-33,142.58,0
TXN01444,2024-11-14,PRD005,WH002,,Sale,-43,73.45,0
TXN02030,2024-11-14,PRD007,WH001,,Sale,-43,88.46,0
TXN02033,2024-11-14,PRD007,WH001,,Sale,-47,81.35,0
TXN02039,2024-11-14,PRD007,WH002,,Sale,-30,87.6,0
TXN03191,2024-11-14,PRD011,WH003,,Sale,-31,56.34,0
TXN03796,2024-11-14,PRD013,WH002,,Sale,-30,33.75,0
TXN04963,2024-11-14,PRD017,WH001,,Sale,-46,167.39,0
TXN05571,2024-11-14,PRD019,WH002,,Sale,-93,73.62,0
TXN06427,2024-11-14,PRD022,WH001,,Sale,-124,20.28,0
TXN06437,2024-11-14,PRD022,WH003,,Sale,-49,19.14,0
TXN07017,2024-11-14,PRD024,WH002,,Sale,-27,376.14,0
TXN07310,2024-11-14,PRD025,WH002,,Sale,-20,136.82,0
TXN07608,2024-11-14,PRD026,WH002,,Sale,-34,57.21,0
TXN08186,2024-11-14,PRD028,WH002,,Sale,-26,262.63,0
TXN00262,2024-11-15,PRD001,WH001,,Sale,-88,27.97,0
TXN00569,2024-11-15,PRD002,WH003,,Sale,-26,48.47,0
TXN00854,2024-11-15,PRD003,WH003,,Sale,-15,126.2,0
TXN01443,2024-11-15,PRD005,WH002,,Sale,-45,68.31,0
TXN02324,2024-11-15,PRD008,WH001,,Sale,-20,94.08,0
TXN02886,2024-11-15,PRD010,WH001,,Sale,-47,24.61,0
TXN02887,2024-11-15,PRD010,WH001,,Sale,-46,24.53,0
TXN04106,2024-11-15,PRD014,WH003,,Sale,-14,101.41,0
TXN04389,2024-11-15,PRD015,WH002,,Sale,-34,48.14,0
TXN04962,2024-11-15,PRD017,WH001,,Sale,-25,179.21,0
TXN04965,2024-11-15,PRD017,WH001,,Sale,-35,175.82,0
TXN05277,2024-11-15,PRD018,WH002,,Sale,-18,256.48,0
TXN05283,2024-11-15,PRD018,WH003,,Sale,-17,239.28,0
TXN05284,2024-11-15,PRD018,WH001,SUP004,Return,7,156.0,0
TXN06434,2024-11-15,PRD022,WH003,,Sale,-41,20.15,0
TXN01730,2024-11-16,PRD006,WH001,,Sale,-24,142.94,0
TXN04682,2024-11-16,PRD016,WH003,,Sale,-10,187.65,0
TXN04972,2024-11-16,PRD017,WH003,,Sale,-16,182.26,0
TXN05565,2024-11-16,PRD019,WH001,,Sale,-65,72.5,0
TXN06708,2024-11-16,PRD023,WH001,,Sale,-178,22.09,0
TXN07020,2024-11-16,PRD024,WH003,,Sale,-7,361.35,0
TXN07312,2024-11-16,PRD025,WH002,,Sale,-10,137.57,0
TXN07609,2024-11-16,PRD026,WH002,,Sale,-33,55.34,0
TXN07894,2024-11-16,PRD027,WH001,,Sale,-37,223.22,0
TXN08749,2024-11-16,PRD030,WH001,,Sale,-34,139.27,0
TXN08754,2024-11-16,PRD030,WH002,,Sale,-33,139.3,0
TXN08758,2024-11-16,PRD030,WH003,,Sale,-14,145.1,0
TXN00560,2024-11-17,PRD002,WH001,,Sale,-122,48.38,0
TXN00561,2024-11-17,PRD002,WH001,,Sale,-227,49.48,0
TXN01440,2024-11-17,PRD005,WH001,,Sale,-143,68.51,0
TXN02607,2024-11-17,PRD009,WH003,,Sale,-53,20.65,0
TXN04096,2024-11-17,PRD014,WH001,,Sale,-55,101.26,0
TXN04385,2024-11-17,PRD015,WH002,,Sale,-33,45.89,0
TXN04680,2024-11-17,PRD016,WH003,,Sale,-6,178.15,0
TXN05840,2024-11-17,PRD020,WH001,,Sale,-152,37.05,0
TXN07610,2024-11-17,PRD026,WH002,,Sale,-17,56.12,0
TXN01450,2024-11-18,PRD005,WH003,,Sale,-30,67.26,0
TXN01734,2024-11-18,PRD006,WH002,,Sale,-12,145.5,0
TXN02892,2024-11-18,PRD010,WH002,,Sale,-74,25.47,0
TXN03187,2024-11-18,PRD011,WH002,,Sale,-102,60.57,0
TXN04100,2024-11-18,PRD014,WH002,,Sale,-13,97.25,0
TXN04382,2024-11-18,PRD015,WH001,,Sale,-101,50.14,0
TXN05568,2024-11-18,PRD019,WH001,,Sale,-55,73.6,0
TXN05843,2024-11-18,PRD020,WH002,,Sale,-85,37.69,0
TXN06141,2024-11-18,PRD021,WH002,,Sale,-52,28.86,0
TXN06709,2024-11-18,PRD023,WH001,,Sale,-179,22.34,0
TXN07019,2024-11-18,PRD024,WH003,,Sale,-10,395.56,0
TXN07606,2024-11-18,PRD026,WH001,,Sale,0,56.14,1
TXN07613,2024-11-18,PRD026,WH003,,Sale,-20,53.57,0
TXN08189,2024-11-18,PRD028,WH003,,Sale,-5,272.4,0
TXN08469,2024-11-18,PRD029,WH003,,Sale,-23,122.56,0
TXN08471,2024-11-18,PRD029,WH003,,Sale,-15,122.12,0
TXN00572,2024-11-21,PRD002,WH001,,Sale,-205,48.8,0
TXN00574,2024-11-21,PRD002,WH002,,Sale,-83,48.81,0
TXN00859,2024-11-21,PRD003,WH002,,Sale,-39,135.88,0
TXN01157,2024-11-21,PRD004,WH002,,Sale,-29,140.75,0
TXN01749,2024-11-21,PRD006,WH002,,Sale,-11,148.77,0
TXN02054,2024-11-21,PRD007,WH003,,Sale,-21,81.72,0
TXN02332,2024-11-21,PRD008,WH001,,Sale,-52,92.02,0
TXN02608,2024-11-21,PRD009,WH001,,Sale,-217,20.53,0
TXN03803,2024-11-21,PRD013,WH001,,Sale,-53,36.3,0
TXN04401,2024-11-21,PRD015,WH003,,Sale,-40,46.32,0
TXN04987,2024-11-21,PRD017,WH003,,Sale,-12,176.65,0
TXN05291,2024-11-21,PRD018,WH003,,Sale,-20,250.03,0
TXN06721,2024-11-21,PRD023,WH001,,Sale,-81,22.66,0
TXN07327,2024-11-21,PRD025,WH003,,Sale,-8,140.73,0
TXN07913,2024-11-21,PRD027,WH003,,Sale,-4,213.31,0
TXN08477,2024-11-21,PRD029,WH002,,Sale,-56,117.06,0
TXN00856,2024-11-22,PRD003,WH001,,Sale,-63,126.3,0
TXN02051,2024-11-22,PRD007,WH002,,Sale,-59,85.11,0
TXN02056,2024-11-22,PRD007,WH003,,Sale,-18,81.46,0
TXN04986,2024-11-22,PRD017,WH003,,Sale,-15,172.88,0
TXN05583,2024-11-22,PRD019,WH002,,Sale,-61,74.49,0
TXN06446,2024-11-22,PRD022,WH003,,Sale,-35,20.95,0
TXN07030,2024-11-22,PRD024,WH002,,Sale,-12,370.09,0
TXN07035,2024-11-22,PRD024,WH003,,Sale,-15,371.62,0
TXN08195,2024-11-22,PRD028,WH001,,Sale,-27,271.5,0
TXN01744,2024-11-23,PRD006,WH001,,Sale,-14,148.68,0
TXN02047,2024-11-23,PRD007,WH001,,Sale,-67,83.22,0
TXN02611,2024-11-23,PRD009,WH002,,Sale,-80,20.52,0
TXN02906,2024-11-23,PRD010,WH002,,Sale,-76,23.94,0
TXN03504,2024-11-23,PRD012,WH002,,Sale,-49,148.78,0
TXN05577,2024-11-23,PRD019,WH001,,Sale,-81,73.67,0
TXN05857,2024-11-23,PRD020,WH003,,Sale,-26,39.87,0
TXN06443,2024-11-23,PRD022,WH002,,Sale,-87,20.85,0
TXN07620,2024-11-23,PRD026,WH002,,Sale,-34,52.37,0
TXN07907,2024-11-23,PRD027,WH001,,Sale,-28,214.99,0
TXN07912,2024-11-23,PRD027,WH003,,Sale,-7,229.92,0
TXN01158,2024-11-24,PRD004,WH002,,Sale,-26,133.58,0
TXN02618,2024-11-24,PRD009,WH003,,Sale,-27,19.26,0
TXN03200,2024-11-24,PRD011,WH002,,Sale,-52,56.12,0
TXN03505,2024-11-24,PRD012,WH002,,Sale,-82,151.17,0
TXN03509,2024-11-24,PRD012,WH003,,Sale,-19,147.68,0
TXN04396,2024-11-24,PRD015,WH001,,Sale,-81,46.9,0
TXN04980,2024-11-24,PRD017,WH002,,Sale,-24,167.48,0
TXN05585,2024-11-24,PRD019,WH003,,Sale,-75,72.71,0
TXN05853,2024-11-24,PRD020,WH001,,Sale,-116,39.73,0
TXN05861,2024-11-24,PRD020,WH003,,Sale,-29,38.13,0
TXN07906,2024-11-24,PRD027,WH001,,Sale,-21,225.57,0
TXN08196,2024-11-24,PRD028,WH001,,Sale,-20,252.92,0
TXN08479,2024-11-24,PRD029,WH003,,Sale,-47,124.04,0
TXN00571,2024-11-25,PRD002,WH001,,Sale,-99,49.89,0
TXN01154,2024-11-25,PRD004,WH001,,Sale,-63,143.45,0
TXN02612,2024-11-25,PRD009,WH002,,Sale,-82,20.46,0
TXN02897,2024-11-25,PRD010,WH001,,Sale,-53,25.21,0
TXN04693,2024-11-25,PRD016,WH003,,Sale,-10,188.4,0
TXN06442,2024-11-25,PRD022,WH002,,Sale,-90,20.55,0
TXN07326,2024-11-25,PRD025,WH002,,Sale,-12,128.65,0
TXN01162,2024-11-26,PRD004,WH003,,Sale,-8,136.09,0
TXN01455,2024-11-26,PRD005,WH002,,Sale,-74,66.63,0
TXN02055,2024-11-26,PRD007,WH003,,Sale,-19,85.0,0
TXN02335,2024-11-26,PRD008,WH002,,Sale,-22,93.35,0
TXN03498,2024-11-26,PRD012,WH001,,Sale,-46,142.52,0
TXN03805,2024-11-26,PRD013,WH001,,Sale,-49,33.75,0
TXN04692,2024-11-26,PRD016,WH003,,Sale,-9,187.56,0
TXN06449,2024-11-26,PRD022,WH003,,Sale,-48,20.73,0
TXN06722,2024-11-26,PRD023,WH002,,Sale,-41,22.75,0
TXN07029,2024-11-26,PRD024,WH002,,Sale,-11,371.55,0
TXN07033,2024-11-26,PRD024,WH002,,Sale,-10,396.37,0
TXN08475,2024-11-26,PRD029,WH001,,Sale,-89,118.82,0
TXN08763,2024-11-26,PRD030,WH001,,Sale,-34,141.73,0
TXN08769,2024-11-26,PRD030,WH003,,Sale,-17,138.9,0
TXN00863,2024-11-27,PRD003,WH003,,Sale,-25,134.21,0
TXN01163,2024-11-27,PRD004,WH003,,Sale,-16,134.6,0
TXN02619,2024-11-27,PRD009,WH003,,Sale,-30,20.86,0
TXN02907,2024-11-27,PRD010,WH003,,Sale,-19,24.92,0
TXN03510,2024-11-27,PRD012,WH003,,Sale,-24,146.03,0
TXN03802,2024-11-27,PRD013,WH001,,Sale,-36,34.43,0
TXN05290,2024-11-27,PRD018,WH003,,Sale,-28,260.97,0
TXN06155,2024-11-27,PRD021,WH003,,Sale,-35,28.25,0
TXN06720,2024-11-27,PRD023,WH001,,Sale,-112,21.64,0
TXN06723,2024-11-27,PRD023,WH002,,Sale,-63,21.12,0
TXN07619,2024-11-27,PRD026,WH001,,Sale,-71,54.03,0
TXN07905,2024-11-27,PRD027,WH001,,Sale,-15,214.07,0
TXN00575,2024-11-28,PRD002,WH002,,Sale,-59,47.81,0
TXN01747,2024-11-28,PRD006,WH002,,Sale,-11,147.41,0
TXN02901,2024-11-28,PRD010,WH001,,Sale,-76,25.19,0
TXN03804,2024-11-28,PRD013,WH001,,Sale,-33,35.36,0
TXN03811,2024-11-28,PRD013,WH003,,Sale,-15,35.92,0
TXN05586,2024-11-28,PRD019,WH003,,Sale,-80,76.16,0
TXN07031,2024-11-28,PRD024,WH002,,Sale,-15,385.97,0
TXN07617,2024-11-28,PRD026,WH001,,Sale,-49,56.42,0
TXN00275,2024-11-29,PRD001,WH002,,Sale,-69,27.88,0
TXN01457,2024-11-29,PRD005,WH003,,Sale,-25,72.65,0
TXN01459,2024-11-29,PRD005,WH003,,Sale,-39,68.08,0
TXN02053,2024-11-29,PRD007,WH003,,Sale,-15,85.73,0
TXN02613,2024-11-29,PRD009,WH002,,Sale,-84,20.53,0
TXN04114,2024-11-29,PRD014,WH002,,Sale,-22,104.34,0
TXN04118,2024-11-29,PRD014,WH003,,Sale,-12,100.98,0
TXN04684,2024-11-29,PRD016,WH001,,Sale,-12,192.09,0
TXN05287,2024-11-29,PRD018,WH002,,Sale,-42,243.7,0
TXN05850,2024-11-29,PRD020,WH001,,Sale,-73,38.0,0
TXN05856,2024-11-29,PRD020,WH002,,Sale,-99,39.39,0
TXN05859,2024-11-29,PRD020,WH003,,Sale,-28,39.26,0
TXN06728,2024-11-29,PRD023,WH003,,Sale,-66,22.46,0
TXN07331,2024-11-29,PRD025,WH003,,Sale,-7,132.31,0
TXN08200,2024-11-29,PRD028,WH003,,Sale,-16,272.93,0
TXN08760,2024-11-29,PRD030,WH001,,Sale,-29,140.21,0
TXN08761,2024-11-29,PRD030,WH001,,Sale,-56,143.45,0
TXN00273,2024-11-30,PRD001,WH001,,Sale,-197,28.5,0
TXN00281,2024-11-30,PRD001,WH003,,Sale,-32,28.77,0
TXN00855,2024-11-30,PRD003,WH001,,Sale,-81,134.24,0
TXN00858,2024-11-30,PRD003,WH002,,Sale,-19,126.88,0
TXN01159,2024-11-30,PRD004,WH003,,Sale,-14,135.94,0
TXN01454,2024-11-30,PRD005,WH002,,Sale,-132,68.83,0
TXN02049,2024-11-30,PRD007,WH002,,Sale,-66,87.9,0
TXN02050,2024-11-30,PRD007,WH002,,Sale,-57,85.58,0
TXN03197,2024-11-30,PRD011,WH002,,Sale,-44,55.66,0
TXN03204,2024-11-30,PRD011,WH003,,Sale,-19,56.65,0
TXN03499,2024-11-30,PRD012,WH001,,Sale,-45,151.55,0
TXN03508,2024-11-30,PRD012,WH003,,Sale,-15,142.39,0
TXN03814,2024-11-30,PRD013,WH003,,Sale,-25,35.65,0
TXN04398,2024-11-30,PRD015,WH002,,Sale,-35,46.81,0
TXN04988,2024-11-30,PRD017,WH003,,Sale,-25,180.37,0
TXN05582,2024-11-30,PRD019,WH002,,Sale,-53,76.23,0
TXN06439,2024-11-30,PRD022,WH001,,Sale,-142,19.55,0
TXN07321,2024-11-30,PRD025,WH001,,Sale,-15,135.83,0
TXN07328,2024-11-30,PRD025,WH003,,Sale,-11,131.54,0
TXN07908,2024-11-30,PRD027,WH002,,Sale,-33,212.63,0
TXN00573,2024-12-01,PRD002,WH002,,Sale,-59,49.01,0
TXN02898,2024-12-01,PRD010,WH001,,Sale,-54,25.9,0
TXN02910,2024-12-01,PRD010,WH003,,Sale,-34,25.65,0
TXN04108,2024-12-01,PRD014,WH001,,Sale,-21,104.19,0
TXN04115,2024-12-01,PRD014,WH003,,Sale,-8,104.07,0
TXN04117,2024-12-01,PRD014,WH003,,Sale,-9,100.18,0
TXN06717,2024-12-01,PRD023,WH001,,Sale,-72,21.0,0
TXN06725,2024-12-01,PRD023,WH002,,Sale,-72,21.87,0
TXN07032,2024-12-01,PRD024,WH002,,Sale,-14,386.67,0
TXN07910,2024-12-01,PRD027,WH003,,Sale,-8,219.56,0
TXN00857,2024-12-02,PRD003,WH002,,Sale,-30,128.65,0
TXN03808,2024-12-02,PRD013,WH002,,Sale,-58,33.38,0
TXN04116,2024-12-02,PRD014,WH003,,Sale,-11,104.72,0
TXN04691,2024-12-02,PRD016,WH003,,Sale,-6,191.04,0
TXN06726,2024-12-02,PRD023,WH002,,Sale,-59,21.18,0
TXN07626,2024-12-02,PRD026,WH003,,Sale,-28,55.13,0
TXN00276,2024-12-03,PRD001,WH002,,Sale,-65,28.99,0
TXN00277,2024-12-03,PRD001,WH002,,Sale,-60,28.2,0
TXN02333,2024-12-03,PRD008,WH001,,Sale,-34,92.95,0
TXN02336,2024-12-03,PRD008,WH002,,Sale,-26,91.74,0
TXN03810,2024-12-03,PRD013,WH003,,Sale,-13,35.94,0
TXN04686,2024-12-03,PRD016,WH001,,Sale,-23,189.21,0
TXN04979,2024-12-03,PRD017,WH002,,Sale,-27,181.81,0
TXN05289,2024-12-03,PRD018,WH002,,Sale,-18,247.3,0
TXN07028,2024-12-03,PRD024,WH001,,Sale,-27,367.62,0
TXN07622,2024-12-03,PRD026,WH002,,Sale,-34,55.56,0
TXN02610,2024-12-04,PRD009,WH002,,Sale,-109,19.96,0
TXN03806,2024-12-04,PRD013,WH002,,Sale,-46,35.06,0
TXN05581,2024-12-04,PRD019,WH002,,Sale,-37,72.54,0
TXN06153,2024-12-04,PRD021,WH002,,Sale,-89,27.87,0
TXN08194,2024-12-04,PRD028,WH001,,Sale,0,252.39,1
TXN08766,2024-12-04,PRD030,WH003,,Sale,-14,145.48,0
TXN08770,2024-12-04,PRD030,WH003,,Sale,-8,133.34,0
TXN00274,2024-12-05,PRD001,WH001,,Sale,-163,29.25,0
TXN01752,2024-12-05,PRD006,WH003,,Sale,-16,149.93,0
TXN02334,2024-12-05,PRD008,WH002,,Sale,-22,90.8,0
TXN02900,2024-12-05,PRD010,WH001,,Sale,-66,25.42,0
TXN02911,2024-12-05,PRD010,WH003,,Sale,-30,25.39,0
TXN03199,2024-12-05,PRD011,WH002,,Sale,-44,56.99,0
TXN03502,2024-12-05,PRD012,WH001,,Sale,-48,139.37,0
TXN04687,2024-12-05,PRD016,WH001,,Sale,-11,186.28,0
TXN04690,2024-12-05,PRD016,WH003,,Sale,-8,186.73,0
TXN05854,2024-12-05,PRD020,WH002,,Sale,-81,36.21,0
TXN06157,2024-12-05,PRD021,WH003,,Sale,-46,28.62,0
TXN06718,2024-12-05,PRD023,WH001,,Sale,-89,22.02,0
TXN08474,2024-12-05,PRD029,WH001,,Sale,-59,122.45,0
TXN08765,2024-12-05,PRD030,WH002,,Sale,-83,145.85,0
TXN01750,2024-12-06,PRD006,WH002,,Sale,-5,153.5,0
TXN02046,2024-12-06,PRD007,WH001,,Sale,-44,85.23,0
TXN02908,2024-12-06,PRD010,WH003,,Sale,-27,24.01,0
TXN03196,2024-12-06,PRD011,WH001,,Sale,-64,57.94,0
TXN03202,2024-12-06,PRD011,WH003,,Sale,-29,59.97,0
TXN03813,2024-12-06,PRD013,WH003,,Sale,-27,36.53,0
TXN04109,2024-12-06,PRD014,WH001,,Sale,-25,100.11,0
TXN04112,2024-12-06,PRD014,WH002,,Sale,-17,104.75,0
TXN06448,2024-12-06,PRD022,WH003,,Sale,-32,20.39,0
TXN07324,2024-12-06,PRD025,WH002,,Sale,-17,131.16,0
TXN01453,2024-12-07,PRD005,WH001,,Sale,-145,73.27,0
TXN01456,2024-12-07,PRD005,WH003,,Sale,-29,68.43,0
TXN03503,2024-12-07,PRD012,WH002,,Sale,-51,144.57,0
TXN03801,2024-12-07,PRD013,WH001,,Sale,-60,33.47,0
TXN06719,2024-12-07,PRD023,WH001,,Sale,0,22.62,1
TXN07624,2024-12-07,PRD026,WH003,,Sale,-18,56.98,0
TXN08199,2024-12-07,PRD028,WH002,,Sale,-39,265.02,0
TXN00860,2024-12-08,PRD003,WH002,,Sale,-26,133.23,0
TXN02904,2024-12-08,PRD010,WH002,,Sale,-53,25.84,0
TXN03812,2024-12-08,PRD013,WH003,,Sale,-15,33.51,0
TXN04111,2024-12-08,PRD014,WH001,,Sale,-21,104.23,0
TXN04688,2024-12-08,PRD016,WH002,,Sale,-26,179.0,0
TXN05288,2024-12-08,PRD018,WH002,,Sale,-42,258.03,0
TXN05292,2024-12-08,PRD018,WH003,,Sale,-21,259.62,0
TXN05855,2024-12-08,PRD020,WH002,,Sale,-114,37.9,0
TXN06440,2024-12-08,PRD022,WH001,,Sale,-176,20.22,0
TXN07026,2024-12-08,PRD024,WH001,,Sale,-14,373.85,0
TXN07318,2024-12-08,PRD025,WH001,,Sale,-25,137.2,0
TXN07330,2024-12-08,PRD025,WH003,,Sale,0,131.2,1
TXN07618,2024-12-08,PRD026,WH001,,Sale,-58,57.02,0
TXN08476,2024-12-08,PRD029,WH002,,Sale,-41,121.05,0
TXN08764,2024-12-08,PRD030,WH002,,Sale,-60,141.43,0
TXN01743,2024-12-09,PRD006,WH001,,Sale,-16,157.05,0
TXN01748,2024-12-09,PRD006,WH002,,Sale,-9,156.69,0
TXN02617,2024-12-09,PRD009,WH003,,Sale,-52,20.26,0
TXN02909,2024-12-09,PRD010,WH003,,Sale,-25,25.65,0
TXN04397,2024-12-09,PRD015,WH002,,Sale,-30,50.19,0
TXN04400,2024-12-09,PRD015,WH002,,Sale,-72,49.44,0
TXN04403,2024-12-09,PRD015,WH003,,Sale,-35,47.24,0
TXN04985,2024-12-09,PRD017,WH003,,Sale,-11,170.8,0
TXN05286,2024-12-09,PRD018,WH001,,Sale,-106,256.23,0
TXN05579,2024-12-09,PRD019,WH001,,Sale,-57,73.63,0
TXN06152,2024-12-09,PRD021,WH001,,Sale,-222,28.89,0
TXN07911,2024-12-09,PRD027,WH003,,Sale,-7,218.11,0
TXN00280,2024-12-10,PRD001,WH003,,Sale,-37,28.69,0
TXN00283,2024-12-10,PRD001,WH003,,Sale,-31,27.3,0
TXN01452,2024-12-10,PRD005,WH001,,Sale,-174,70.22,0
TXN02616,2024-12-10,PRD009,WH003,,Sale,-48,19.36,0
TXN03203,2024-12-10,PRD011,WH003,,Sale,-29,57.49,0
TXN04113,2024-12-10,PRD014,WH002,,Sale,-26,101.31,0
TXN04982,2024-12-10,PRD017,WH002,,Sale,-34,175.66,0
TXN05285,2024-12-10,PRD018,WH001,,Sale,-72,238.52,0
TXN05852,2024-12-10,PRD020,WH001,,Sale,-64,37.93,0
TXN06445,2024-12-10,PRD022,WH003,,Sale,-44,19.14,0
TXN07909,2024-12-10,PRD027,WH002,,Sale,-22,213.99,0
TXN08198,2024-12-10,PRD028,WH002,,Sale,-44,255.69,0
TXN08767,2024-12-10,PRD030,WH003,,Sale,-10,136.66,0
TXN01161,2024-12-11,PRD004,WH003,,Sale,-9,144.92,0
TXN01742,2024-12-11,PRD006,WH001,,Sale,-16,156.79,0
TXN02045,2024-12-11,PRD007,WH001,,Sale,-63,86.58,0
TXN02905,2024-12-11,PRD010,WH002,,Sale,-68,25.59,0
TXN04394,2024-12-11,PRD015,WH001,,Sale,-79,50.08,0
TXN06151,2024-12-11,PRD021,WH001,,Sale,-123,26.73,0
TXN06724,2024-12-11,PRD023,WH002,,Sale,-50,20.99,0
TXN07323,2024-12-11,PRD025,WH002,,Sale,-25,130.41,0
TXN07329,2024-12-11,PRD025,WH003,,Sale,-9,133.76,0
TXN00279,2024-12-12,PRD001,WH003,,Sale,-31,28.78,0
TXN00576,2024-12-12,PRD002,WH003,,Sale,-47,50.01,0
TXN02609,2024-12-12,PRD009,WH001,,Sale,-220,20.66,0
TXN03194,2024-12-12,PRD011,WH001,,Sale,-92,60.64,0
TXN03201,2024-12-12,PRD011,WH002,,Sale,-54,55.76,0
TXN03501,2024-12-12,PRD012,WH001,,Sale,-45,145.89,0
TXN03809,2024-12-12,PRD013,WH002,,Sale,-43,34.07,0
TXN04399,2024-12-12,PRD015,WH002,,Sale,-44,50.07,0
TXN04981,2024-12-12,PRD017,WH002,,Sale,-27,178.99,0
TXN05580,2024-12-12,PRD019,WH002,,Sale,-38,76.65,0
TXN05584,2024-12-12,PRD019,WH002,,Sale,-27,73.19,0
TXN05860,2024-12-12,PRD020,WH003,,Sale,-38,36.91,0
TXN06727,2024-12-12,PRD023,WH003,,Sale,-91,22.83,0
TXN07322,2024-12-12,PRD025,WH001,,Sale,-28,140.94,0
TXN07914,2024-12-12,PRD027,WH003,,Sale,-8,209.24,0
TXN08201,2024-12-12,PRD028,WH003,,Sale,-30,254.79,0
TXN08473,2024-12-12,PRD029,WH001,,Sale,-61,119.22,0
TXN00278,2024-12-13,PRD001,WH002,,Sale,-102,27.43,0
TXN00577,2024-12-13,PRD002,WH003,,Sale,-88,51.35,0
TXN02614,2024-12-13,PRD009,WH002,,Sale,-152,19.49,0
TXN04984,2024-12-13,PRD017,WH003,,Sale,-14,177.58,0
TXN06444,2024-12-13,PRD022,WH002,,Sale,-135,20.67,0
TXN01160,2024-12-14,PRD004,WH003,,Sale,-12,137.81,0
TXN01746,2024-12-14,PRD006,WH002,,Sale,-8,148.92,0
TXN02052,2024-12-14,PRD007,WH003,,Sale,-17,85.58,0
TXN02337,2024-12-14,PRD008,WH003,,Sale,-16,90.9,0
TXN02902,2024-12-14,PRD010,WH002,,Sale,-57,24.96,0
TXN03807,2024-12-14,PRD013,WH002,,Sale,-28,33.84,0
TXN04395,2024-12-14,PRD015,WH001,,Sale,-58,47.38,0
TXN04977,2024-12-14,PRD017,WH001,,Sale,-84,176.73,0
TXN06156,2024-12-14,PRD021,WH003,,Sale,-37,28.35,0
TXN06438,2024-12-14,PRD022,WH001,,Sale,-120,19.37,0
TXN06441,2024-12-14,PRD022,WH002,,Sale,-62,20.92,0
TXN07024,2024-12-14,PRD024,WH001,,Sale,-15,373.58,0
TXN08762,2024-12-14,PRD030,WH001,,Sale,-38,136.2,0
TXN02903,2024-12-15,PRD010,WH002,,Sale,-49,24.49,0
TXN03198,2024-12-15,PRD011,WH002,,Sale,-33,58.0,0
TXN03206,2024-12-15,PRD011,WH003,,Sale,-22,56.97,0
TXN03507,2024-12-15,PRD012,WH003,,Sale,-21,141.11,0
TXN04402,2024-12-15,PRD015,WH003,,Sale,-19,48.91,0
TXN05578,2024-12-15,PRD019,WH001,,Sale,-122,74.33,0
TXN07621,2024-12-15,PRD026,WH002,,Sale,-21,53.03,0
TXN08197,2024-12-15,PRD028,WH001,,Sale,-23,271.74,0
TXN00282,2024-12-16,PRD001,WH003,,Sale,-20,27.59,0
TXN00861,2024-12-16,PRD003,WH003,,Sale,-15,125.32,0
TXN01156,2024-12-16,PRD004,WH002,,Sale,-37,145.14,0
TXN01751,2024-12-16,PRD006,WH003,,Sale,-10,154.47,0
TXN02048,2024-12-16,PRD007,WH001,,Sale,-55,84.81,0
TXN02615,2024-12-16,PRD009,WH003,,Sale,-49,19.21,0
TXN04683,2024-12-16,PRD016,WH001,,Sale,-18,180.14,0
TXN04983,2024-12-16,PRD017,WH002,,Sale,-56,173.16,0
TXN05858,2024-12-16,PRD020,WH003,,Sale,-41,36.65,0
TXN07034,2024-12-16,PRD024,WH003,,Sale,-17,366.29,0
TXN07623,2024-12-16,PRD026,WH002,,Sale,-24,55.61,0
TXN08478,2024-12-16,PRD029,WH002,,Sale,-40,124.83,0
TXN08480,2024-12-16,PRD029,WH003,,Sale,-40,124.67,0
TXN00862,2024-12-17,PRD003,WH003,,Sale,-16,133.65,0
TXN01458,2024-12-17,PRD005,WH003,,Sale,-49,73.43,0
TXN03195,2024-12-17,PRD011,WH001,,Sale,-116,56.44,0
TXN03506,2024-12-17,PRD012,WH003,,Sale,-21,140.4,0
TXN05851,2024-12-17,PRD020,WH001,,Sale,-110,38.19,0
TXN06154,2024-12-17,PRD021,WH002,,Sale,-105,27.08,0
TXN07325,2024-12-17,PRD025,WH002,,Sale,-24,132.3,0
TXN08768,2024-12-17,PRD030,WH003,,Sale,-12,141.3,0
TXN01155,2024-12-18,PRD004,WH001,,Sale,-73,140.64,0
TXN01745,2024-12-18,PRD006,WH001,,Sale,-9,157.43,0
TXN02338,2024-12-18,PRD008,WH003,,Sale,-24,92.21,0
TXN02899,2024-12-18,PRD010,WH001,,Sale,-87,26.16,0
TXN03205,2024-12-18,PRD011,WH003,,Sale,-20,59.64,0
TXN03500,2024-12-18,PRD012,WH001,,Sale,-41,145.47,0
TXN04110,2024-12-18,PRD014,WH001,,Sale,-18,103.4,0
TXN04685,2024-12-18,PRD016,WH001,,Sale,-19,182.42,0
TXN04689,2024-12-18,PRD016,WH002,,Sale,-46,182.68,0
TXN04978,2024-12-18,PRD017,WH001,,Sale,-60,178.28,0
TXN06447,2024-12-18,PRD022,WH003,,Sale,-40,20.56,0
TXN07025,2024-12-18,PRD024,WH001,,Sale,-15,376.14,0
TXN07027,2024-12-18,PRD024,WH001,,Sale,-20,397.35,0
TXN07319,2024-12-18,PRD025,WH001,,Sale,-18,135.19,0
TXN07320,2024-12-18,PRD025,WH001,,Sale,-22,131.86,0
TXN07625,2024-12-18,PRD026,WH003,,Sale,-18,57.22,0
